,PC1,PC2,PC3,PC4,PC5,PC6
SHAPE_1,0.5683145057162915,0.0771812251059599,-0.10639875408519373,-0.16727828191510694,0.08113688677986473,0.7906805728079512
SHAPE_3,-0.4130449190806859,-0.1916301315295762,-0.3064348492946673,-0.7738588866799623,-0.28352777743708113,0.13972792697732067
SHAPE_4,-0.4830516572971196,0.32127350081959993,-0.06115628076328304,0.46329453732779274,-0.48730090040499213,0.45563181136037617
SHAPE_7,-0.5183370272036874,-0.1765120803272047,0.1647250473406412,0.04535399386324724,0.7427812047862488,0.3453331254944585
SHAPE_8,-0.04808975215067321,0.7535497710629233,-0.5191345952276847,-0.11235385990082075,0.34564765848620926,-0.16808835966621383
SHAPE_9,0.045691528364824124,-0.5050846630831288,-0.7709745964728586,0.37926006511923194,0.06610911804762097,-0.013832080975870121
