,PC1,PC2,PC3,PC4,PC5,PC6
SHAPE_1,0.6213053954832733,-0.05819763078415631,0.2753071783094438,-0.14365040313613076,-0.16523192590053126,0.6977546640673964
SHAPE_2,0.033826690011052075,0.665091661679553,0.12568620507275352,0.3627685901594271,-0.6318805063467068,-0.09918563481879943
SHAPE_3,-0.4765407662226949,0.245124363821575,-0.04534669451517741,-0.7655641770283018,-0.2544658320449204,0.24479634976479192
SHAPE_4,-0.5964961319475843,-0.07066295066764476,0.12924014859891986,0.497110286975559,0.11018957265607829,0.6026903986505747
SHAPE_8,-0.1578848408803811,-0.27023029403165877,0.8938686806804534,-0.09066653521890809,-0.12281404877647006,-0.2823880941556397
SHAPE_9,0.07077429127800178,0.6451065797114575,0.3010786913930692,-0.07959864633285192,0.6938642116328806,0.019915657487933603
