,PC1,PC2,PC3,PC4,PC5,PC6
SHAPE_1,0.5684096431467874,0.058756905546790375,-0.13769802458405622,-0.15354773224446144,0.10267660288503042,0.787640759989304
SHAPE_2,-0.002290527572931387,-0.5739355201179578,-0.7639121652148775,0.26113988814796063,0.1259244318798047,-0.05458912291752026
SHAPE_3,-0.4169112360400618,-0.13022746652395273,-0.2341944220004151,-0.8079923472097278,-0.28172756040271696,0.14885143429016867
SHAPE_4,-0.481705082883769,0.2706766996813764,-0.14295061967848458,0.49412795269954446,-0.46769126886350826,0.4597411240000994
SHAPE_7,-0.5185731017240667,-0.14616925516658383,0.22010400883366515,0.03017613242867095,0.7413255657836768,0.33286111045725303
SHAPE_8,-0.04617795596330768,0.7453557035764145,-0.523211024535173,-0.10151052646781286,0.3548681683803503,-0.1797968059244004
