,PC1,PC2,PC3,PC4,PC5,PC6
SHAPE_1,0.5708945606909596,0.021531559093338957,-0.11525484950116502,-0.07411826746708346,-0.1037493908918879,0.8025426209991532
SHAPE_2,0.006512421593952372,0.6831288250835816,0.33981101209214437,-0.6429823491236594,0.06113462927721571,-0.025638420083505645
SHAPE_3,-0.4127774200571601,0.21885650373366095,-0.7406049924927853,-0.20753246002075218,-0.42257819083448633,0.10760496284085465
SHAPE_4,-0.47853197340509235,-0.07781904491619818,0.5642179467318874,0.14474282381630388,-0.5392986478021538,0.367172900273785
SHAPE_7,-0.5220747760692851,-0.008949208123096238,-0.05645897869518826,0.005412870349793616,0.7179485207292114,0.4568269322272772
SHAPE_9,0.04579158274887561,0.6919807360026098,-0.034921814564635646,0.7190484510581275,0.025163141402829207,0.013505560477129606
