,PC1,PC2,PC3,PC4,PC5,PC6
SHAPE_1,0.6065647432375025,-0.12960022747756542,-0.09218239794275195,-0.06140993896426257,-0.10393742722861415,0.7695526164116475
SHAPE_2,0.07958708294518028,0.6731126221910527,-0.19235008828566622,-0.6786118115360678,-0.20048700929384214,-0.05364425374637805
SHAPE_4,-0.548731386316565,-0.011848522051053304,-0.31571195778995526,-0.1978110106031864,0.5925777011623011,0.4569484763888469
SHAPE_7,-0.5513980650594793,0.15165064362583688,0.2089218799574809,0.1865093993900867,-0.6517298312573331,0.41203928841798687
SHAPE_8,-0.06360036812360219,-0.33215714786131617,-0.8438868655838659,0.028366494455013633,-0.3849000718242179,-0.1566169119101152
SHAPE_9,0.12866289746389745,0.6298067186229109,-0.31470051624445033,0.6789662868329844,0.15796771875832502,0.042472605802234636
