,PC1,PC2,PC3,PC4,PC5,PC6
SHAPE_2,0.02654834500283121,0.6617867263068877,-0.15205697385684383,0.40264320484963956,-0.5868205775922581,0.17813548289384185
SHAPE_3,-0.5241734477383747,0.23087483932642536,0.029631410272741233,-0.6984033561181755,-0.33220746470926404,-0.27005913673050097
SHAPE_4,-0.582424714171821,-0.09624554837001607,-0.19629175428227275,0.547672963444082,0.12629618604072926,-0.5450609070971413
SHAPE_7,-0.5958698507877067,0.0705843949239605,0.3531370251094567,0.11310069694279137,0.24109082351759797,0.6665843178315545
SHAPE_8,-0.16033729631753565,-0.28802283491313485,-0.8489899023741192,-0.12270567049168589,-0.0789994357353798,0.38633321269034643
SHAPE_9,0.06745299635573447,0.6415080838389993,-0.30328302061137896,-0.14938901446859784,0.6818822387087055,-0.068237936299338
