,PC1,PC2,PC3,PC4,PC5,PC6
SHAPE_1,0.6129006768404364,0.08124769763231478,0.04972139880789677,0.10422429088481205,-0.26721379767719466,0.730077693111533
SHAPE_2,-0.032287791639072104,0.6846006325842595,0.035134182273678115,-0.7115307791051756,-0.15080802877838922,-0.005094158833596972
SHAPE_3,-0.5092396782793798,0.1121371252979589,0.2953950021076752,0.3012328302028993,-0.737128459328136,0.08211226694050752
SHAPE_7,-0.6009238193302456,-0.06869896873619596,-0.11898713217747035,-0.12996684024410043,0.3793833412781668,0.6776355792237392
SHAPE_8,0.05359837317412869,-0.24306476073254876,0.9177172485693728,-0.2338098763534949,0.20116965663160355,0.026561233624610953
SHAPE_9,0.0017281956362896844,0.6695864577552337,0.22950441939272806,0.5661815890154135,0.42201233257663473,-0.017964126003142053
