File,Weight
SHAPE_1_HIGH_blended.obj,-0.07003667897865737
SHAPE_1_LOW_blended.obj,-0.05689643623947274
SHAPE_3_HIGH_blended.obj,0.40286591955890455
SHAPE_3_LOW_blended.obj,0.1779291597219858
SHAPE_4_HIGH_blended.obj,-0.3016762164422849
SHAPE_4_LOW_blended.obj,0.005806394918489683
SHAPE_8_HIGH_blended.obj,-0.1157408460740995
SHAPE_8_LOW_blended.obj,0.13342419283973192
SHAPE_9_HIGH_blended.obj,0.3904195685827156
SHAPE_9_LOW_blended.obj,0.4008730146071515
