File,Weight
SHAPE_1_HIGH_blended.obj,0.6758058553410469
SHAPE_1_LOW_blended.obj,0.041492503787274204
SHAPE_3_HIGH_blended.obj,0.11441030028960561
SHAPE_3_LOW_blended.obj,0.3445500571574616
SHAPE_4_HIGH_blended.obj,-0.27024409165852753
SHAPE_4_LOW_blended.obj,0.20305210787634517
SHAPE_8_HIGH_blended.obj,-0.101215881568773
SHAPE_8_LOW_blended.obj,0.14968527443176616
SHAPE_9_HIGH_blended.obj,0.06905539514122686
SHAPE_9_LOW_blended.obj,-0.18872419562292533
