File,Weight
SHAPE_1_HIGH_blended.obj,-0.10197449159778062
SHAPE_1_LOW_blended.obj,0.2028592943536795
SHAPE_3_HIGH_blended.obj,-0.12201156106987782
SHAPE_3_LOW_blended.obj,-0.157059847297417
SHAPE_4_HIGH_blended.obj,0.2820304522045069
SHAPE_4_LOW_blended.obj,0.0659913414296267
SHAPE_8_HIGH_blended.obj,-0.1286676624773758
SHAPE_8_LOW_blended.obj,0.15029674177149113
SHAPE_9_HIGH_blended.obj,0.4334912082893743
SHAPE_9_LOW_blended.obj,0.3532923514649067
