File,Weight
SHAPE_1_HIGH_blended.obj,0.12882463568692537
SHAPE_1_LOW_blended.obj,0.08062862198439827
SHAPE_3_HIGH_blended.obj,0.08396265422090053
SHAPE_3_LOW_blended.obj,0.11258552886289218
SHAPE_4_HIGH_blended.obj,0.08761077575064966
SHAPE_4_LOW_blended.obj,0.12408733522062781
SHAPE_8_HIGH_blended.obj,0.10064718350773501
SHAPE_8_LOW_blended.obj,0.09708176784884996
SHAPE_9_HIGH_blended.obj,0.08944292022260304
SHAPE_9_LOW_blended.obj,0.09512857669441802
