File,Weight
SHAPE_1_HIGH_blended.obj,-0.2847102028415897
SHAPE_1_LOW_blended.obj,-0.046217731314965434
SHAPE_3_HIGH_blended.obj,-0.12820876601651784
SHAPE_3_LOW_blended.obj,-0.20199951908880068
SHAPE_4_HIGH_blended.obj,0.29476763949240453
SHAPE_4_LOW_blended.obj,0.1143686537476863
SHAPE_8_HIGH_blended.obj,0.3243893822928913
SHAPE_8_LOW_blended.obj,0.49036920672642775
SHAPE_9_HIGH_blended.obj,0.22400529039726474
SHAPE_9_LOW_blended.obj,0.18324023986725438
