File,Weight
SHAPE_1_HIGH_blended.obj,0.5289834064519032
SHAPE_1_LOW_blended.obj,-1.5458071863736607
SHAPE_3_HIGH_blended.obj,3.4499905412168688
SHAPE_3_LOW_blended.obj,2.369585254091494
SHAPE_4_HIGH_blended.obj,1.0486337651213877
SHAPE_4_LOW_blended.obj,-2.2118012277752075
SHAPE_8_HIGH_blended.obj,-1.0068249326934975
SHAPE_8_LOW_blended.obj,2.017691251448863
SHAPE_9_HIGH_blended.obj,-2.539060749730136
SHAPE_9_LOW_blended.obj,-1.1578402691303946
