File,Weight
SHAPE_1_HIGH_blended.obj,-0.14499664819034996
SHAPE_1_LOW_blended.obj,0.1521805222318267
SHAPE_3_HIGH_blended.obj,0.17965057593434033
SHAPE_3_LOW_blended.obj,-0.06075803738467107
SHAPE_4_HIGH_blended.obj,-0.21350240861491943
SHAPE_4_LOW_blended.obj,0.2859700474672901
SHAPE_8_HIGH_blended.obj,0.2106427911050171
SHAPE_8_LOW_blended.obj,0.24953834915886502
SHAPE_9_HIGH_blended.obj,0.23982537893011416
SHAPE_9_LOW_blended.obj,0.05846562887741199
