File,Weight
SHAPE_1_HIGH_blended.obj,-0.0689054142577847
SHAPE_1_LOW_blended.obj,0.19945357779722342
SHAPE_3_HIGH_blended.obj,-0.16043670898373671
SHAPE_3_LOW_blended.obj,-0.08176178738720186
SHAPE_4_HIGH_blended.obj,0.3265023953530899
SHAPE_4_LOW_blended.obj,-0.10448700765778894
SHAPE_8_HIGH_blended.obj,-0.06505520393553427
SHAPE_8_LOW_blended.obj,0.4280306221474202
SHAPE_9_HIGH_blended.obj,0.3994766718603719
SHAPE_9_LOW_blended.obj,0.10987312164323673
