,PC1,PC2,PC3,PC4,PC5,PC6,PC7,PC8,PC9
SIZE_0,0.49673799703207355,0.11430993558647333,-0.2506473721810756,-0.06707548823224349,-0.2609978897969415,-0.04690209292056294,0.1254597415254507,-0.7632032681906361,-0.06574415950197096
SHAPE_1,0.48038982248998857,-0.20430816693897014,0.27710223871620654,0.11602960320248107,0.21084064697159996,0.04322820971171986,-0.04484972916381221,0.03268620887291951,0.7667026339216404
SHAPE_2,-0.01692278440976163,-0.6414721045786107,0.0873695674259723,-0.055088793044010285,-0.1815569185679589,0.5791922952962857,0.4348593434272648,-0.02090694814735226,-0.13997343793291983
SHAPE_4,-0.3825409277233993,0.27678764642046744,0.2675024808341335,-0.20057348536258218,-0.38233783489899853,0.4611163921988512,-0.3705480781342737,-0.2634529547145545,0.3158161687058743
SHAPE_5,0.13595155208349444,0.14964666860657397,0.07047400465945358,-0.886810916384348,0.3694065556171168,0.07706707533870963,0.14221925460609094,0.06117647309856121,-0.03678924617601406
SHAPE_7,-0.4746571579251527,0.06569901908705456,-0.3028701902211679,-0.057710288925007874,-0.042793135124224925,-0.2443366041492478,0.5945964323065086,-0.11007272607670979,0.4981273339924914
SHAPE_8,0.0811218839687464,0.193734552342804,0.748056151702171,0.006140269753110746,-0.3401772255024896,-0.32671729428268304,0.3905311122086305,0.04807649518171124,-0.1377309697633632
SHAPE_9,-0.04525849157268134,-0.5482866401354439,-0.06757964875133425,-0.37957172245516785,-0.4269519016192002,-0.48937677039534394,-0.34086200222968116,0.0565505341931643,0.08677160017095031
SHAPE_10,0.35134271806225664,0.3036967999966955,-0.34691104489538527,-0.06997883710852709,-0.5215172687816857,0.18964690734442052,0.11561635012413171,0.570298119539908,0.11193275103082788
