,PC1,PC2,PC3,PC4,PC5,PC6,PC7,PC8,PC9
SIZE_0,0.4288631648686028,0.1905743279986707,-0.30299646973807876,-0.2870915611252491,-0.007113570887080421,0.09287117326246944,-0.0874355874075579,-0.7641223982431908,0.07297744190861943
SHAPE_1,0.4752137355737554,-0.16031709725517512,0.24890774924510167,0.11401063779406775,0.048719430879827164,-0.015829779782164214,0.04416340136632561,0.15447102883631578,0.8031693289973417
SHAPE_2,0.01595222990434271,-0.6333745518124609,0.027922151821550466,-0.2321228905804037,0.6718445115011825,0.019662095787692468,-0.27008839632338877,-0.057861119048082055,-0.12595326122269215
SHAPE_3,-0.423807057455881,0.09899853021591593,-0.13772743187149086,-0.29937396909869374,0.27842136428343384,0.4457096517489662,0.5668891556247515,-0.028621150954028157,0.32192423860800523
SHAPE_4,-0.37006031271636863,0.21843099498433444,0.2788493546917497,-0.33542386069647967,0.11095450050398664,-0.7148415774314185,-0.06505613008510676,-0.19493426211002662,0.24400017998583826
SHAPE_7,-0.43923251253870355,0.012507938170238493,-0.252895735843202,0.09138439981459803,-0.15459372768456364,0.2683071381898928,-0.6993027158574716,-0.0265209299020457,0.3859992234486411
SHAPE_8,0.06657288473224114,0.19090733649363661,0.7137238804580475,-0.4074918488980009,-0.1223772245532868,0.4414576471494332,-0.2315814770460698,0.022969542924879478,-0.14018714530167276
SHAPE_9,-0.031084672531699102,-0.5488801775233404,-0.14953292151572525,-0.509578462900754,-0.6207137869500946,-0.08646586298010861,0.12081410450144693,0.08178035572230231,0.04108484132675782
SHAPE_10,0.2740681571905318,0.37607474453187717,-0.3911706682088217,-0.4631350868488998,0.17947255561638734,-0.0820504153557669,-0.18604015323675932,0.5849531858383209,-0.014899472598255453
