,PC1,PC2,PC3,PC4,PC5,PC6,PC7,PC8,PC9
SIZE_0,0.43070619496403045,0.16758650298932137,0.3829688222699065,0.005869588526565073,0.1875233964363188,0.09341546484406625,0.09857152683507447,-0.7391081251987551,0.19954630243300595
SHAPE_1,0.47196760279938227,-0.11666472026143089,-0.3035614002996905,0.03982110229204434,-0.058876539198441234,-0.017317685798792243,-0.05968042995081394,0.2735053274601383,0.7666599076754057
SHAPE_3,-0.4181111268948361,0.1917772347358652,0.21963608794454412,0.151001559778372,0.13419570048257728,0.4370593009409152,-0.6302270624251021,0.010043148233527407,0.33323679570888637
SHAPE_4,-0.36446312946971643,0.43358934781945474,-0.13901856782084146,0.058200713514578305,0.19390765097466575,-0.7177011613454021,0.03141135683326653,-0.14589908675293992,0.28545589590263637
SHAPE_5,0.09666634125041974,0.28097645688001993,0.10213355770609384,0.8044315398944069,-0.4832815076554096,0.0033103519620742475,0.11522332572474621,0.05477826925340864,-0.06570719531792918
SHAPE_7,-0.43833944374452244,-0.08166202316420532,0.23660191015837723,-0.07109848072769269,-0.0779036589479324,0.2733737858468089,0.7105496340705076,0.06239180506594768,0.38804466430461415
SHAPE_8,0.06874629963944337,0.5203814884962846,-0.5679527327699624,0.04831072090448796,0.3557251571312523,0.44450067490185796,0.23826082102820767,0.005487818840437301,-0.13657689374185292
SHAPE_9,-0.03511409323171731,-0.4817012693026244,0.011307258212803194,0.5532713077445074,0.6667772002225786,-0.06915278581471276,0.08949988569902925,0.04352450217823273,-0.034861715312760104
SHAPE_10,0.2768457433674583,0.3808889798763004,0.5518236093547422,-0.10762375001535124,0.3082168845384735,-0.08803815172167477,0.07492283484512371,0.5905156324832113,-0.0715356171288206
