,PC1,PC2,PC3,PC4,PC5,PC6,PC7,PC8,PC9
SIZE_0,0.4294863981069986,0.31171795535669655,-0.21550605619037788,-0.08862638737260665,-0.2326783624518247,0.09688071785200347,0.11034102393989402,-0.7511917334122205,0.15519857473612642
SHAPE_1,0.47380982752017264,-0.23304640582546918,0.19746253579478332,0.05857657989234703,0.06617754247720255,-0.024754637425872347,-0.03605650855381135,0.24343048823274255,0.7830837871581903
SHAPE_2,0.01682991392782867,-0.5977919925079899,-0.045884645310321014,0.09807485453154442,-0.7640079806455645,-0.06439002788788567,0.17414270901604656,-0.005951019130694673,-0.1114542148606986
SHAPE_3,-0.4187137573581736,0.20861113588419603,-0.05793525160959228,0.07156471179428975,-0.37908984650050265,0.393077394466865,-0.5991390327504506,0.005661980894574664,0.3397993432562954
SHAPE_4,-0.3672111146376697,0.24775330581376612,0.3662343512509251,-0.09606619083573233,-0.19159653788967007,-0.7209166553262398,0.09034204824517797,-0.16744153510402077,0.26036430836394003
SHAPE_5,0.09545721462984054,0.2965718167245922,0.13923996902306776,0.9216641895004103,-0.07762455645774197,-0.002456743609395992,0.13677126524336736,0.05658609921806399,-0.07836107160690939
SHAPE_7,-0.43862638673930315,0.03779418267520294,-0.2611481881235408,0.0015424912413298964,0.05993446897961601,0.3001334537998734,0.7126919480083885,0.04031080966670548,0.36708409442362433
SHAPE_8,0.06624280075080576,0.14035626822846017,0.7884570762399019,-0.22750698517565948,-0.1534069673017618,0.45978735614849486,0.21605014233499625,0.00548498207034811,-0.14436814198135187
SHAPE_10,0.2733201899767886,0.5264813305582863,-0.2563698235084044,-0.25202889491431374,-0.3797411789934909,-0.1006680595935727,0.12552283267136125,0.5860813968115379,-0.07269543033135506
