,PC1,PC2,PC3,PC4,PC5,PC6,PC7,PC8,PC9
SIZE_0,0.529921489692601,0.04231609642388653,-0.1679247981835907,0.15537214783154693,-0.2461293529074137,-0.0062778987851549286,0.09077641281416506,0.10023514328588046,0.7656022525632384
SHAPE_2,-0.07322480972443293,-0.6267568309455746,0.177234365958749,0.12852815246659088,-0.15006188428291972,0.6525351369670276,0.003909712928982841,0.32464798873102163,0.012256390871841025
SHAPE_3,-0.42310090821731405,0.18069362013076865,-0.21230713590111874,0.3210954881024816,-0.2581905961107261,0.3098342790131494,0.4554508817937073,-0.5092959765558613,0.10335009840900371
SHAPE_4,-0.38481472290989904,0.33523159050758167,0.2085236825854025,0.2040699222599403,-0.28119197165865417,0.07692342370036638,-0.7120998105417301,0.0808314037359966,0.2362303036124104
SHAPE_5,0.12385551238531627,0.16281795138281924,0.02309157099577215,0.7560074561690734,0.5927769619320647,0.0762294910748474,0.0008273370709707946,0.15385088075925726,-0.07213454388169661
SHAPE_7,-0.45425397422541164,0.07458500824394002,-0.3834276697088035,0.0026674387010186835,-0.05653149146910448,-0.24304728086013735,0.2720745351481144,0.7058635203149012,0.08081372451191847
SHAPE_8,0.048235384911614866,0.259433306055999,0.7820408420392645,0.07518096167753974,-0.24958409051025984,-0.13136076662168225,0.4368714939944219,0.20035626092492717,-0.050798119404527935
SHAPE_9,-0.08020037278206234,-0.551656282227801,0.03520592545984439,0.4421917954051286,-0.28042681941333836,-0.612057251445518,-0.07421190489436963,-0.17364046822388368,-0.05965321656658987
SHAPE_10,0.39532136205939333,0.2380166306301047,-0.3024160398694912,0.20458009217898226,-0.5250321021330987,0.12446422517079521,-0.08266416917571291,0.16258365717030163,-0.5738848028085818
