,PC1,PC2,PC3,PC4,PC5,PC6,PC7,PC8,PC9
SIZE_0,0.43221430086343465,0.215734038930887,-0.3362070734175009,-0.2238873483096403,-0.05229646568533928,0.021320116137832055,-0.05880089814057586,-0.7631723792833333,0.12004077568970149
SHAPE_1,0.47093238631028866,-0.18839276585439702,0.20222238116115432,0.171953132310863,0.13123276095052583,0.046082133762234176,0.02127899887913963,0.18813513533607504,0.7855417599363025
SHAPE_2,0.013159465538157155,-0.6349551210570034,-0.20256645545655896,-0.0678830057915336,0.15187334790330734,0.618029771586177,-0.35462502945314534,-0.04966754301407854,-0.13328714358402724
SHAPE_3,-0.419523461108064,0.1217145178883755,-0.33267370608798247,-0.03754629195952391,-0.011174275984188005,0.4483540775662147,0.6163109338040382,-0.02637193874495028,0.3397399496074802
SHAPE_4,-0.3735131806072806,0.184692244257825,-0.05650919396458371,0.11235759431883495,0.79639188771468,-0.15031394058691006,-0.2993490686355091,-0.17419590616628852,0.1837682307947725
SHAPE_5,0.09492433250805982,0.17963113395936406,-0.4197849153896935,0.8465783379428133,-0.16208532778038762,0.07466417340733454,-0.1582991719138889,0.05437380719798783,-0.07711185601138501
SHAPE_7,-0.4351167174325977,0.043030657577266145,-0.08973832475158006,-0.1601458995876201,-0.5227366035251724,-0.0868341488414739,-0.5504431034577169,-0.00313844086943243,0.43741392594416895
SHAPE_9,-0.028722325794342293,-0.5216126315777979,-0.5558914040748552,-0.0644801745338488,0.039030665450423434,-0.6053645797194264,0.1932671455231567,0.07431281238415645,0.05530003345140751
SHAPE_10,0.2767058454786734,0.3995930633900168,-0.4448427413122658,-0.3939101873554191,0.14684693416286226,0.11074406913875945,-0.18837008132692434,0.5832476128018337,-0.03492309074709948
