,PC1,PC2,PC3,PC4,PC5,PC6,PC7,PC8,PC9
SIZE_0,0.4579236158851337,0.14742303240744584,-0.38324952006527846,-0.020849536646279476,0.16991418193745153,-0.002426573077558594,0.11729315910095947,0.7338776403881521,-0.2001167659340588
SHAPE_1,0.4854042021291857,-0.25750176829094484,0.191437530763635,-0.01454449464405323,-0.15723669009315622,0.05635835414319543,-0.010104475175931394,0.10181661666097444,0.7892067946571332
SHAPE_2,-0.034472390256377036,-0.652958114973281,-0.13330639205426215,0.03893870136329549,0.13257264267408841,0.6340847585316242,0.32173717632697424,-0.041706171358253004,-0.16815866265598317
SHAPE_3,-0.4301458370238962,0.18725119467177787,-0.13360435739447393,0.2483977844373004,0.3462727267660621,0.4035366149376911,-0.46570876103528075,0.26264252768540314,0.362970545644526
SHAPE_5,0.12261265094035048,0.15121971084318067,-0.08413366877964401,0.8897023091129923,-0.35484451332601324,0.06707723248906228,0.15360024315282994,-0.08195439555125322,-0.052216112607357965
SHAPE_7,-0.47774432317498744,0.12584609829810503,-0.15330055308309354,-0.04957009734620184,-0.014148305561061829,-0.18259637811323343,0.7276686036128486,0.1780052352927135,0.36774419745920545
SHAPE_8,0.13285265331425508,0.06853238152869758,0.6281511749107801,0.25782209348497526,0.6662978292832069,-0.0858754492202275,0.24476710521620326,0.02638521230664928,-0.06835824345258211
SHAPE_9,-0.07091300460659972,-0.538006870788388,-0.3627230647977458,0.2651106744865216,0.3061711337430861,-0.607831413817084,-0.18052018119505192,-0.05450497238123352,0.07007241044667875
SHAPE_10,0.32019205730235634,0.34305867907619186,-0.47342296588946003,-0.07316267977861793,0.38094241499814024,0.131294151597765,0.14194242029277052,-0.581607363473982,0.1718593991985981
