,PC1,PC2,PC3,PC4,PC5,PC6,PC7,PC8,PC9
SIZE_0,0.4918865305876653,0.17262670260981267,-0.25122467374960833,0.14428217978419472,-0.24150572802336234,0.03418306132566373,-0.043071353460279765,-0.6652193207470513,0.37476805351425124
SHAPE_1,0.49135936726499124,-0.17251111157683116,0.3433353069624668,0.013099993989302013,0.08818548289114592,0.0700491495578554,0.04981989069570443,0.4940912128031288,0.5928435163761355
SHAPE_2,-0.0017511648065817846,-0.6270195090292847,0.015317040929513777,0.17942407865079135,-0.18994018991237943,0.6632141700525079,0.23944419071945755,-0.1307321662314028,-0.15511649208493405
SHAPE_3,-0.45998073409727125,0.12737432173273552,-0.2750926762646836,0.21013008594128268,-0.12473122172913281,0.36281412747309805,-0.5282207120274718,0.18688453062762067,0.4372961876114188
SHAPE_4,-0.42883477064855297,0.24181616881038942,0.16322746702481547,0.22170378894313314,-0.242407455803798,-0.08673332543227774,0.704324497421289,-0.036303322215722716,0.3437367171544642
SHAPE_5,0.10287451138747743,0.17796565262579886,-0.03778043539547804,0.7337998254121815,0.6220009076546763,0.0919141871049615,0.06935972029274676,-0.0048333817961940025,-0.13299637974606252
SHAPE_8,0.029035434688444575,0.19537299837968689,0.7229180592323884,0.3131229752177199,-0.40063969903481117,0.02081905407985038,-0.3438249586481524,-0.09320965701584796,-0.22908638819704033
SHAPE_9,-0.03880914276303266,-0.5263179347012872,-0.209008539408893,0.4431311199398928,-0.2667831002531917,-0.6220667009858547,-0.11210831218914251,0.09901457315547701,0.030350628157567904
SHAPE_10,0.32893257556614147,0.3545902501361697,-0.3856562988140062,0.1436574009988882,-0.45269333521187194,0.13808043848501353,0.16626650775162616,0.49143380329241176,-0.3217944805419935
