  0
SECTION
  2
HEADER
  9
$ACADVER
  1
AC1015
  9
$ACADMAINTVER
 70
         6
  9
$DWGCODEPAGE
  3
ANSI_1252
  9
$INSBASE
 10
0.0
 20
0.0
 30
0.0
  9
$EXTMIN
 10
-0.93969262
 20
-0.98480775
 30
0.0
  9
$EXTMAX
 10
13.0
 20
12.98480775
 30
0.0
  9
$LIMMIN
 10
0.0
 20
0.0
  9
$LIMMAX
 10
0.0
 20
0.0
  9
$ORTHOMODE
 70
         0
  9
$REGENMODE
 70
         1
  9
$FILLMODE
 70
         1
  9
$QTEXTMODE
 70
         0
  9
$MIRRTEXT
 70
         1
  9
$LTSCALE
 40
5.0
  9
$ATTMODE
 70
         1
  9
$TEXTSIZE
 40
0.2
  9
$TRACEWID
 40
0.05
  9
$TEXTSTYLE
  7
Standard
  9
$CLAYER
  8
0
  9
$CELTYPE
  6
Continuous
  9
$CECOLOR
 62
       256
  9
$CELTSCALE
 40
1.0
  9
$DISPSILH
 70
         0
  9
$DIMSCALE
 40
1.0
  9
$DIMASZ
 40
0.18
  9
$DIMEXO
 40
0.0625
  9
$DIMDLI
 40
0.38
  9
$DIMRND
 40
0.0
  9
$DIMDLE
 40
0.0
  9
$DIMEXE
 40
0.18
  9
$DIMTP
 40
0.0
  9
$DIMTM
 40
0.0
  9
$DIMTXT
 40
0.18
  9
$DIMCEN
 40
0.09
  9
$DIMTSZ
 40
0.0
  9
$DIMTOL
 70
         0
  9
$DIMLIM
 70
         0
  9
$DIMTIH
 70
         1
  9
$DIMTOH
 70
         1
  9
$DIMSE1
 70
         0
  9
$DIMSE2
 70
         0
  9
$DIMTAD
 70
         0
  9
$DIMZIN
 70
         0
  9
$DIMBLK
  1

  9
$DIMASO
 70
         1
  9
$DIMSHO
 70
         1
  9
$DIMPOST
  1

  9
$DIMAPOST
  1

  9
$DIMALT
 70
         0
  9
$DIMALTD
 70
         2
  9
$DIMALTF
 40
25.4
  9
$DIMLFAC
 40
1.0
  9
$DIMTOFL
 70
         0
  9
$DIMTVP
 40
0.0
  9
$DIMTIX
 70
         0
  9
$DIMSOXD
 70
         0
  9
$DIMSAH
 70
         0
  9
$DIMBLK1
  1

  9
$DIMBLK2
  1

  9
$DIMSTYLE
  2
Standard
  9
$DIMCLRD
 70
         0
  9
$DIMCLRE
 70
         0
  9
$DIMCLRT
 70
         0
  9
$DIMTFAC
 40
1.0
  9
$DIMGAP
 40
0.09
  9
$DIMJUST
 70
         0
  9
$DIMSD1
 70
         0
  9
$DIMSD2
 70
         0
  9
$DIMTOLJ
 70
         1
  9
$DIMTZIN
 70
         0
  9
$DIMALTZ
 70
         0
  9
$DIMALTTZ
 70
         0
  9
$DIMUPT
 70
         0
  9
$DIMDEC
 70
         4
  9
$DIMTDEC
 70
         4
  9
$DIMALTU
 70
         2
  9
$DIMALTTD
 70
         2
  9
$DIMTXSTY
  7
Standard
  9
$DIMAUNIT
 70
         0
  9
$DIMADEC
 70
         0
  9
$DIMALTRND
 40
0.0
  9
$DIMAZIN
 70
         0
  9
$DIMDSEP
 70
         0
  9
$DIMATFIT
 70
         3
  9
$DIMFRAC
 70
         0
  9
$DIMLDRBLK
  1

  9
$DIMLUNIT
 70
         2
  9
$DIMLWD
 70
         0
  9
$DIMLWE
 70
         0
  9
$DIMTMOVE
 70
         0
  9
$LUNITS
 70
         2
  9
$LUPREC
 70
         4
  9
$SKETCHINC
 40
0.1
  9
$FILLETRAD
 40
0.0
  9
$AUNITS
 70
         0
  9
$AUPREC
 70
         0
  9
$MENU
  1
acad
  9
$ELEVATION
 40
0.0
  9
$PELEVATION
 40
0.0
  9
$THICKNESS
 40
0.0
  9
$LIMCHECK
 70
         0
  9
$CHAMFERA
 40
0.0
  9
$CHAMFERB
 40
0.0
  9
$CHAMFERC
 40
0.0
  9
$CHAMFERD
 40
0.0
  9
$SKPOLY
 70
         0
  9
$TDCREATE
 40
2461321.478321759
  9
$TDUCREATE
 40
0.000000000
  9
$TDUPDATE
 40
2461321.478321759
  9
$TDUUPDATE
 40
0.000000000
  9
$TDINDWG
 40
0.0000000000
  9
$TDUSRTIMER
 40
0.0000000000
  9
$USRTIMER
 70
         1
  9
$ANGBASE
 50
0.0
  9
$ANGDIR
 70
         0
  9
$PDMODE
 70
         0
  9
$PDSIZE
 40
0.0
  9
$PLINEWID
 40
0.0
  9
$SPLFRAME
 70
         0
  9
$SPLINETYPE
 70
         6
  9
$SPLINESEGS
 70
         8
  9
$HANDSEED
  5
596
  9
$SURFTAB1
 70
         6
  9
$SURFTAB2
 70
         6
  9
$SURFTYPE
 70
         6
  9
$SURFU
 70
         6
  9
$SURFV
 70
         6
  9
$UCSBASE
  2

  9
$UCSNAME
  2

  9
$UCSORG
 10
0.0
 20
0.0
 30
0.0
  9
$UCSXDIR
 10
1.0
 20
0.0
 30
0.0
  9
$UCSYDIR
 10
0.0
 20
1.0
 30
0.0
  9
$UCSORTHOREF
  2

  9
$UCSORTHOVIEW
 70
         0
  9
$UCSORGTOP
 10
0.0
 20
0.0
 30
0.0
  9
$UCSORGBOTTOM
 10
0.0
 20
0.0
 30
0.0
  9
$UCSORGLEFT
 10
0.0
 20
0.0
 30
0.0
  9
$UCSORGRIGHT
 10
0.0
 20
0.0
 30
0.0
  9
$UCSORGFRONT
 10
0.0
 20
0.0
 30
0.0
  9
$UCSORGBACK
 10
0.0
 20
0.0
 30
0.0
  9
$PUCSBASE
  2

  9
$PUCSNAME
  2

  9
$PUCSORG
 10
0.0
 20
0.0
 30
0.0
  9
$PUCSXDIR
 10
1.0
 20
0.0
 30
0.0
  9
$PUCSYDIR
 10
0.0
 20
1.0
 30
0.0
  9
$PUCSORTHOREF
  2

  9
$PUCSORTHOVIEW
 70
         0
  9
$PUCSORGTOP
 10
0.0
 20
0.0
 30
0.0
  9
$PUCSORGBOTTOM
 10
0.0
 20
0.0
 30
0.0
  9
$PUCSORGLEFT
 10
0.0
 20
0.0
 30
0.0
  9
$PUCSORGRIGHT
 10
0.0
 20
0.0
 30
0.0
  9
$PUCSORGFRONT
 10
0.0
 20
0.0
 30
0.0
  9
$PUCSORGBACK
 10
0.0
 20
0.0
 30
0.0
  9
$USERI1
 70
         0
  9
$USERI2
 70
         0
  9
$USERI3
 70
         0
  9
$USERI4
 70
         0
  9
$USERI5
 70
         0
  9
$USERR1
 40
0.0
  9
$USERR2
 40
0.0
  9
$USERR3
 40
0.0
  9
$USERR4
 40
0.0
  9
$USERR5
 40
0.0
  9
$WORLDVIEW
 70
         1
  9
$SHADEDGE
 70
         3
  9
$SHADEDIF
 70
        70
  9
$TILEMODE
 70
         1
  9
$MAXACTVP
 70
        16
  9
$PINSBASE
 10
0.0
 20
0.0
 30
0.0
  9
$PLIMCHECK
 70
         0
  9
$PEXTMIN
 10
1.0000000000E+20
 20
1.0000000000E+20
 30
1.0000000000E+20
  9
$PEXTMAX
 10
-1.0000000000E+20
 20
-1.0000000000E+20
 30
-1.0000000000E+20
  9
$PLIMMIN
 10
0.0
 20
0.0
  9
$PLIMMAX
 10
12.0
 20
9.0
  9
$UNITMODE
 70
         0
  9
$VISRETAIN
 70
         0
  9
$PLINEGEN
 70
         1
  9
$PSLTSCALE
 70
         0
  9
$TREEDEPTH
 70
      3020
  9
$CMLSTYLE
  2
Standard
  9
$CMLJUST
 70
         0
  9
$CMLSCALE
 40
1.0
  9
$PROXYGRAPHICS
 70
         0
  9
$MEASUREMENT
 70
         0
  9
$CELWEIGHT
370
         0
  9
$ENDCAPS
280
         0
  9
$JOINSTYLE
280
         0
  9
$LWDISPLAY
290
         0
  9
$INSUNITS
 70
         0
  9
$HYPERLINKBASE
  1

  9
$XEDIT
290
         1
  9
$CEPSNTYPE
380
         0
  9
$PSTYLEMODE
290
         1
  9
$FINGERPRINTGUID
  2

  9
$VERSIONGUID
  2

  9
$EXTNAMES
290
         1
  9
$PSVPSCALE
 40
0.0
  0
ENDSEC
  0
SECTION
  2
CLASSES
  0
CLASS
  1
LWPOLYLINE
  2
AcDbPolyline
  3
AutoCAD 2000
 90
    32768
280
         0
281
         1
  0
CLASS
  1
IMAGE
  2
AcDbRasterImage
  3
ISM
 90
    32895
280
         0
281
         1
  0
CLASS
  1
OLE2FRAME
  2
AcDbOle2Frame
  3
AutoCAD 2000
 90
    32768
280
         0
281
         1
  0
CLASS
  1
HATCH
  2
AcDbHatch
  3
AutoCAD 2000
 90
    32768
280
         0
281
         1
  0
CLASS
  1
DICTIONARYVAR
  2
AcDbDictionaryVar
  3
AutoCAD 2000
 90
    32768
280
         0
281
         0
  0
CLASS
  1
RASTERVARIABLES
  2
AcDbRasterVariables
  3
ISM
 90
    32768
280
         0
281
         0
  0
CLASS
  1
IMAGEDEF
  2
AcDbRasterImageDef
  3
ISM
 90
    32768
280
         0
281
         0
  0
CLASS
  1
IMAGEDEF_REACTOR
  2
AcDbRasterImageDefReactor
  3
ISM
 90
    32769
280
         0
281
         0
  0
CLASS
  1
IDBUFFER
  2
AcDbIdBuffer
  3
AutoCAD 2000
 90
    32768
280
         0
281
         0
  0
CLASS
  1
SPATIAL_FILTER
  2
AcDbSpatialFilter
  3
AutoCAD 2000
 90
    32768
280
         0
281
         0
  0
CLASS
  1
XRECORD
  2
AcDbXrecord
  3
AutoCAD 2000
 90
    32768
280
         0
281
         0
  0
CLASS
  1
SORTENTSTABLE
  2
AcDbSortentsTable
  3
AutoCAD 2000
 90
    32768
280
         0
281
         0
  0
CLASS
  1
LAYER_INDEX
  2
AcDbLayerIndex
  3
AutoCAD 2000
 90
    32768
280
         0
281
         0
  0
CLASS
  1
SPATIAL_INDEX
  2
AcDbSpatialIndex
  3
AutoCAD 2000
 90
    32768
280
         0
281
         0
  0
CLASS
  1
OBJECT_PTR
  2
CAseDLPNTableRecord
  3
"ASE-LPNTableRecord"
 90
    32769
280
         0
281
         0
  0
CLASS
  1
LAYOUT
  2
AcDbLayout
  3
AutoCAD 2000
 90
        0
280
         0
281
         0
  0
CLASS
  1
PLOTSETTINGS
  2
AcDbPlotSettings
  3
AutoCAD 2000
 90
    32768
280
         0
281
         0
  0
CLASS
  1
ACDBDICTIONARYWDFLT
  2
AcDbDictionaryWithDefault
  3
AutoCAD 2000
 90
        0
280
         0
281
         0
  0
CLASS
  1
ACDBPLACEHOLDER
  2
AcDbPlaceHolder
  3
AutoCAD 2000
 90
        0
280
         0
281
         0
  0
CLASS
  1
VBA_PROJECT
  2
AcDbVbaProject
  3
acadvba
 90
    32768
280
         0
281
         0
  0
CLASS
  1
WIPEOUT
  2
AcDbWipeout
  3
WipeOut|AutoCAD Express Tool|expresstools@autodesk.com
 90
    32895
280
         0
281
         1
  0
CLASS
  1
WIPEOUTVARIABLES
  2
AcDbWipeoutVariables
  3
WipeOut|AutoCAD Express Tool|expresstools@autodesk.com
 90
        0
280
         0
281
         0
  0
CLASS
  1
RTEXT
  2
RText
  3
RText|AutoCAD Express Tool|expresstools@autodesk.com
 90
    32768
280
         0
281
         1
  0
CLASS
  1
ARCALIGNEDTEXT
  2
AcDbArcAlignedText
  3
ATEXT|AutoCAD Express Tool|expresstools@autodesk.com
 90
    32768
280
         0
281
         1
  0
ENDSEC
  0
SECTION
  2
TABLES
  0
TABLE
  2
VPORT
  5
7
100
AcDbSymbolTable
 70
         1
  0
VPORT
  5
15
100
AcDbSymbolTableRecord
100
AcDbViewportTableRecord
  2
*ACTIVE
 70
         0
 10
0.0
 20
0.0
 11
1.0
 21
1.0
 12
6.591288
 22
4.579184
 13
0.0
 23
0.0
 14
1.0
 24
1.0
 15
0.0
 25
0.0
 16
0.0
 26
0.0
 36
1.0
 17
0.0
 27
0.0
 37
0.0
 40
9.158369
 41
0.688564
 42
50.0
 43
0.0
 44
0.0
 50
0.0
 51
0.0
 71
         0
 72
       100
 73
         1
 74
         1
 75
         0
 76
         0
 77
         0
 78
         0
281
         0
 65
         0
110
0.0
120
0.0
130
0.0
111
1.0
121
0.0
131
0.0
112
0.0
122
1.0
132
0.0
345
0
346
0
 79
         0
146
0.0
  0
ENDTAB
  0
TABLE
  2
LTYPE
  5
4
100
AcDbSymbolTable
 70
        13
  0
LTYPE
  5
11
100
AcDbSymbolTableRecord
100
AcDbLinetypeTableRecord
  2
ByBlock
 70
        64
  3

 72
        65
 73
         0
 40
0.0
  0
LTYPE
  5
12
100
AcDbSymbolTableRecord
100
AcDbLinetypeTableRecord
  2
ByLayer
 70
        64
  3

 72
        65
 73
         0
 40
0.0
  0
LTYPE
  5
13
100
AcDbSymbolTableRecord
100
AcDbLinetypeTableRecord
  2
Continuous
 70
        64
  3
Solid line
 72
        65
 73
         0
 40
0.0
  0
LTYPE
  5
25
100
AcDbSymbolTableRecord
100
AcDbLinetypeTableRecord
  2
Dotted
 70
        64
  3
Dotted
 72
        65
 73
         2
 40
0.125
 49
0.0
 74
         0
 49
-0.125
 74
         0
  0
LTYPE
  5
26
100
AcDbSymbolTableRecord
100
AcDbLinetypeTableRecord
  2
Center
 70
        64
  3
Center
 72
        65
 73
         4
 40
0.7699999809
 49
0.5
 74
         0
 49
-0.0724999979
 74
         0
 49
0.125
 74
         0
 49
-0.0724999979
 74
         0
  0
LTYPE
  5
27
100
AcDbSymbolTableRecord
100
AcDbLinetypeTableRecord
  2
Dashed
 70
        64
  3
Dashed
 72
        65
 73
         2
 40
0.375
 49
0.25
 74
         0
 49
-0.125
 74
         0
  0
LTYPE
  5
28
100
AcDbSymbolTableRecord
100
AcDbLinetypeTableRecord
  2
Hidden
 70
        64
  3
Hidden
 72
        65
 73
         2
 40
0.1974999905
 49
0.125
 74
         0
 49
-0.0724999979
 74
         0
  0
LTYPE
  5
29
100
AcDbSymbolTableRecord
100
AcDbLinetypeTableRecord
  2
Phantom
 70
        64
  3
Phantom
 72
        65
 73
         6
 40
0.9674999714
 49
0.5
 74
         0
 49
-0.0724999979
 74
         0
 49
0.125
 74
         0
 49
-0.0724999979
 74
         0
 49
0.125
 74
         0
 49
-0.0724999979
 74
         0
  0
LTYPE
  5
2A
100
AcDbSymbolTableRecord
100
AcDbLinetypeTableRecord
  2
Dashdot
 70
        64
  3
Dashdot
 72
        65
 73
         4
 40
0.6762499809
 49
0.5
 74
         0
 49
-0.0724999979
 74
         0
 49
0.03125
 74
         0
 49
-0.0724999979
 74
         0
  0
LTYPE
  5
2B
100
AcDbSymbolTableRecord
100
AcDbLinetypeTableRecord
  2
Border
 70
        64
  3
Border
 72
        65
 73
         6
 40
1.2487499714
 49
0.5
 74
         0
 49
-0.0724999979
 74
         0
 49
0.5
 74
         0
 49
-0.0724999979
 74
         0
 49
0.03125
 74
         0
 49
-0.0724999979
 74
         0
  0
LTYPE
  5
2C
100
AcDbSymbolTableRecord
100
AcDbLinetypeTableRecord
  2
Divide
 70
        64
  3
Divide
 72
        65
 73
         6
 40
0.7799999714
 49
0.5
 74
         0
 49
-0.0724999979
 74
         0
 49
0.03125
 74
         0
 49
-0.0724999979
 74
         0
 49
0.03125
 74
         0
 49
-0.0724999979
 74
         0
  0
LTYPE
  5
2D
100
AcDbSymbolTableRecord
100
AcDbLinetypeTableRecord
  2
Cutting
 70
        64
  3
Cutting
 72
        65
 73
         6
 40
1.4674999714
 49
1.0
 74
         0
 49
-0.0724999979
 74
         0
 49
0.125
 74
         0
 49
-0.0724999979
 74
         0
 49
0.125
 74
         0
 49
-0.0724999979
 74
         0
  0
LTYPE
  5
2E
100
AcDbSymbolTableRecord
100
AcDbLinetypeTableRecord
  2
Stitch
 70
        64
  3
Stitch
 72
        65
 73
         2
 40
0.1449999958
 49
0.0724999979
 74
         0
 49
-0.0724999979
 74
         0
  0
ENDTAB
  0
TABLE
  2
LAYER
  5
2
100
AcDbSymbolTable
 70
        50
  0
LAYER
  5
14
100
AcDbSymbolTableRecord
100
AcDbLayerTableRecord
  2
0
 70
         0
 62
         7
  6
Continuous
290
         1
370
        -3
390
1D
  0
LAYER
  5
2F
100
AcDbSymbolTableRecord
100
AcDbLayerTableRecord
  2
DF_COMP
 70
         0
 62
         4
  6
Continuous
290
         1
370
         2
390
1F
  0
LAYER
  5
30
100
AcDbSymbolTableRecord
100
AcDbLayerTableRecord
  2
1_250BIT_500DEP
 70
         0
 62
         5
  6
Continuous
290
         1
370
         2
390
1F
  0
LAYER
  5
31
100
AcDbSymbolTableRecord
100
AcDbLayerTableRecord
  2
2_250BIT_250DEP
 70
         0
 62
         3
  6
Continuous
290
         1
370
         2
390
1F
  0
LAYER
  5
32
100
AcDbSymbolTableRecord
100
AcDbLayerTableRecord
  2
3_250BIT_500TAB
 70
         0
 62
         5
  6
Continuous
290
         1
370
         2
390
1F
  0
LAYER
  5
33
100
AcDbSymbolTableRecord
100
AcDbLayerTableRecord
  2
4_250BIT_250TAB
 70
         0
 62
         5
  6
Continuous
290
         1
370
         2
390
1F
  0
LAYER
  5
34
100
AcDbSymbolTableRecord
100
AcDbLayerTableRecord
  2
5_250BIT_250SPEC
 70
         0
 62
         5
  6
Continuous
290
         1
370
         2
390
1F
  0
LAYER
  5
35
100
AcDbSymbolTableRecord
100
AcDbLayerTableRecord
  2
6_125BIT_500DEP
 70
         0
 62
         5
  6
Continuous
290
         1
370
         2
390
1F
  0
LAYER
  5
36
100
AcDbSymbolTableRecord
100
AcDbLayerTableRecord
  2
7_VCARVE_BIT
 70
         0
 62
         5
  6
Continuous
290
         1
370
         2
390
1F
  0
LAYER
  5
37
100
AcDbSymbolTableRecord
100
AcDbLayerTableRecord
  2
8_250BIT_500OUTLINE
 70
         0
 62
         5
  6
Continuous
290
         1
370
         2
390
1F
  0
LAYER
  5
38
100
AcDbSymbolTableRecord
100
AcDbLayerTableRecord
  2
PLASTICS
 70
         0
 62
        37
  6
Continuous
290
         1
370
         2
390
1F
  0
LAYER
  5
39
100
AcDbSymbolTableRecord
100
AcDbLayerTableRecord
  2
7A_1250BALL
 70
         0
 62
         5
  6
Continuous
290
         1
370
         2
390
1F
  0
LAYER
  5
3A
100
AcDbSymbolTableRecord
100
AcDbLayerTableRecord
  2
CONSTRUCTION
 70
         0
 62
         7
  6
Continuous
290
         1
370
         0
390
1F
  0
LAYER
  5
3B
100
AcDbSymbolTableRecord
100
AcDbLayerTableRecord
  2
0_WOOD
 70
         0
 62
         5
  6
Continuous
290
         1
370
         2
390
1F
  0
LAYER
  5
3C
100
AcDbSymbolTableRecord
100
AcDbLayerTableRecord
  2
Z_GLOBETROTTERS_1
 70
         0
 62
        37
  6
Continuous
290
         1
370
         2
390
1F
  0
LAYER
  5
3D
100
AcDbSymbolTableRecord
100
AcDbLayerTableRecord
  2
Z_ROLLRGIRLZ
 70
         0
 62
        37
  6
Continuous
290
         1
370
         2
390
1F
  0
LAYER
  5
3E
100
AcDbSymbolTableRecord
100
AcDbLayerTableRecord
  2
Z_MISSADV
 70
         0
 62
         5
  6
Continuous
290
         1
370
         2
390
1F
  0
LAYER
  5
3F
100
AcDbSymbolTableRecord
100
AcDbLayerTableRecord
  2
Z_JUPITERCRUSH
 70
         0
 62
        37
  6
Continuous
290
         1
370
         2
390
1F
  0
LAYER
  5
40
100
AcDbSymbolTableRecord
100
AcDbLayerTableRecord
  2
Z_MODULAR
 70
         0
 62
         5
  6
Continuous
290
         1
370
         2
390
1F
  0
LAYER
  5
41
100
AcDbSymbolTableRecord
100
AcDbLayerTableRecord
  2
Z_GENERIC
 70
         0
 62
        27
  6
Continuous
290
         1
370
         2
390
1F
  0
LAYER
  5
42
100
AcDbSymbolTableRecord
100
AcDbLayerTableRecord
  2
UNASSIGNED
 70
         0
 62
         7
  6
Continuous
290
         1
370
         0
390
1F
  0
LAYER
  5
43
100
AcDbSymbolTableRecord
100
AcDbLayerTableRecord
  2
0
 70
         0
 62
        42
  6
Continuous
290
         1
370
         2
390
1F
  0
LAYER
  5
44
100
AcDbSymbolTableRecord
100
AcDbLayerTableRecord
  2
LAYER_1
 70
         0
 62
        42
  6
Continuous
290
         1
370
         2
390
1F
  0
LAYER
  5
45
100
AcDbSymbolTableRecord
100
AcDbLayerTableRecord
  2
LAYER_3
 70
         0
 62
         4
  6
Continuous
290
         1
370
         2
390
1F
  0
LAYER
  5
46
100
AcDbSymbolTableRecord
100
AcDbLayerTableRecord
  2
LAYER_2
 70
         0
 62
        42
  6
Continuous
290
         1
370
         2
390
1F
  0
LAYER
  5
47
100
AcDbSymbolTableRecord
100
AcDbLayerTableRecord
  2
X_POSTS
 70
         0
 62
         4
  6
Continuous
290
         1
370
         2
390
1F
  0
LAYER
  5
48
100
AcDbSymbolTableRecord
100
AcDbLayerTableRecord
  2
X_THUMPER
 70
         0
 62
         4
  6
Continuous
290
         1
370
         2
390
1F
  0
LAYER
  5
49
100
AcDbSymbolTableRecord
100
AcDbLayerTableRecord
  2
X_STANDUPS
 70
         0
 62
         4
  6
Continuous
290
         1
370
         2
390
1F
  0
LAYER
  5
4A
100
AcDbSymbolTableRecord
100
AcDbLayerTableRecord
  2
X_DROPS
 70
         0
 62
         4
  6
Continuous
290
         1
370
         2
390
1F
  0
LAYER
  5
4B
100
AcDbSymbolTableRecord
100
AcDbLayerTableRecord
  2
X_SMPOSTS
 70
         0
 62
         4
  6
Continuous
290
         1
370
         2
390
1F
  0
LAYER
  5
4C
100
AcDbSymbolTableRecord
100
AcDbLayerTableRecord
  2
X_ROLLOVER
 70
         0
 62
         4
  6
Continuous
290
         1
370
         2
390
1F
  0
LAYER
  5
4D
100
AcDbSymbolTableRecord
100
AcDbLayerTableRecord
  2
X_WALLS
 70
         0
 62
         4
  6
Continuous
290
         1
370
         2
390
1F
  0
LAYER
  5
4E
100
AcDbSymbolTableRecord
100
AcDbLayerTableRecord
  2
Z0_BOTCOMP
 70
         0
 62
         4
  6
Continuous
290
         1
370
         2
390
1F
  0
LAYER
  5
4F
100
AcDbSymbolTableRecord
100
AcDbLayerTableRecord
  2
Z0_TOPCOMP
 70
         0
 62
         6
  6
Continuous
290
         1
370
         2
390
1F
  0
LAYER
  5
50
100
AcDbSymbolTableRecord
100
AcDbLayerTableRecord
  2
Z0_CUT250
 70
         0
 62
         4
  6
Continuous
290
         1
370
         2
390
1F
  0
LAYER
  5
51
100
AcDbSymbolTableRecord
100
AcDbLayerTableRecord
  2
Z0_CUT500
 70
         0
 62
         4
  6
Continuous
290
         1
370
         2
390
1F
  0
LAYER
  5
52
100
AcDbSymbolTableRecord
100
AcDbLayerTableRecord
  2
Z0_PLASTICS
 70
         0
 62
        37
  6
Continuous
290
         1
370
         2
390
1F
  0
LAYER
  5
53
100
AcDbSymbolTableRecord
100
AcDbLayerTableRecord
  2
Z0_RUBBER
 70
         0
 62
         2
  6
Continuous
290
         1
370
         2
390
1F
  0
LAYER
  5
54
100
AcDbSymbolTableRecord
100
AcDbLayerTableRecord
  2
Z0_ZONES
 70
         0
 62
         6
  6
Continuous
290
         1
370
         2
390
1F
  0
LAYER
  5
55
100
AcDbSymbolTableRecord
100
AcDbLayerTableRecord
  2
Z0_WOODOUTLINE
 70
         0
 62
         5
  6
Continuous
290
         1
370
         2
390
1F
  0
LAYER
  5
56
100
AcDbSymbolTableRecord
100
AcDbLayerTableRecord
  2
Z0_LOWERTHIRD
 70
         0
 62
         4
  6
Continuous
290
         1
370
         2
390
1F
  0
LAYER
  5
57
100
AcDbSymbolTableRecord
100
AcDbLayerTableRecord
  2
PART_A
 70
         0
 62
         4
  6
Continuous
290
         1
370
         2
390
1F
  0
LAYER
  5
58
100
AcDbSymbolTableRecord
100
AcDbLayerTableRecord
  2
Z_ROLLINGSTONES_1
 70
         0
 62
         4
  6
Continuous
290
         1
370
         2
390
1F
  0
LAYER
  5
59
100
AcDbSymbolTableRecord
100
AcDbLayerTableRecord
  2
Z_GLOBETROTTERS_2
 70
         0
 62
         4
  6
Continuous
290
         1
370
         2
390
1F
  0
LAYER
  5
5A
100
AcDbSymbolTableRecord
100
AcDbLayerTableRecord
  2
Z_ROLLINGSTONES_2
 70
         0
 62
         4
  6
Continuous
290
         1
370
         2
390
1F
  0
LAYER
  5
5B
100
AcDbSymbolTableRecord
100
AcDbLayerTableRecord
  2
NEW_GEOM_MATAHARI_1
 70
         0
 62
         2
  6
Continuous
290
         1
370
         2
390
1F
  0
LAYER
  5
5C
100
AcDbSymbolTableRecord
100
AcDbLayerTableRecord
  2
DEFPOINTS
 70
         0
 62
         5
  6
Continuous
290
         0
370
         2
390
1F
  0
LAYER
  5
5D
100
AcDbSymbolTableRecord
100
AcDbLayerTableRecord
  2
Z_TATTOOMYSTIQUE
 70
         0
 62
         5
  6
Continuous
290
         1
370
         2
390
1F
  0
LAYER
  5
5E
100
AcDbSymbolTableRecord
100
AcDbLayerTableRecord
  2
Z0_CUTFLUTE
 70
         0
 62
         5
  6
Continuous
290
         1
370
         2
390
1F
  0
LAYER
  5
5F
100
AcDbSymbolTableRecord
100
AcDbLayerTableRecord
  2
Z0_BALLGEOM
 70
         0
 62
         6
  6
Continuous
290
         1
370
         2
390
1F
  0
ENDTAB
  0
TABLE
  2
STYLE
  5
3
100
AcDbSymbolTable
 70
         2
  0
STYLE
  5
17
100
AcDbSymbolTableRecord
100
AcDbTextStyleTableRecord
  2
Standard
 70
         0
 40
0.0
 41
1.0
 50
0.0
 71
         0
 42
0.0
  3
txt
  4

  0
STYLE
  5
24
100
AcDbSymbolTableRecord
100
AcDbTextStyleTableRecord
  2
Plotter
 70
         0
 40
0.0
 41
0.98
 50
0.0
 71
         0
 42
0.0
  3
SIMPLEX
  4

  0
ENDTAB
  0
TABLE
  2
VIEW
  5
5
100
AcDbSymbolTable
 70
         0
  0
ENDTAB
  0
TABLE
  2
UCS
  5
6
100
AcDbSymbolTable
 70
         0
  0
ENDTAB
  0
TABLE
  2
APPID
  5
8
100
AcDbSymbolTable
 70
         1
  0
APPID
  5
16
100
AcDbSymbolTableRecord
100
AcDbRegAppTableRecord
  2
ACAD
 70
         0
  0
ENDTAB
  0
TABLE
  2
DIMSTYLE
  5
9
100
AcDbSymbolTable
 70
         1
100
AcDbDimStyleTable
 71
         0
  0
DIMSTYLE
105
18
100
AcDbSymbolTableRecord
100
AcDbDimStyleTableRecord
  2
Standard
 70
         0
  3

  4

 40
1.0
 41
0.18
 42
0.0625
 43
0.38
 44
0.18
 45
0.0
 46
0.0
 47
0.0
 48
0.0
 71
         0
 72
         0
 73
         1
 74
         1
 75
         0
 76
         0
 77
         0
 78
         0
 79
         0
140
0.18
141
0.09
142
0.0
143
25.4
144
1.0
145
0.0
146
1.0
147
0.09
148
0.0
170
         0
171
         2
172
         0
173
         0
174
         0
175
         0
176
         0
177
         0
178
         0
179
         0
271
         4
272
         4
273
         2
274
         2
275
         0
276
         0
277
         2
278
        46
279
         0
280
         0
281
         0
282
         0
283
         1
284
         0
285
         0
286
         0
288
         0
340
17
341
0
342
0
343
0
344
0
371
        -2
372
        -2
  0
ENDTAB
  0
TABLE
  2
BLOCK_RECORD
  5
1
100
AcDbSymbolTable
 70
         0
  0
BLOCK_RECORD
  5
A
100
AcDbSymbolTableRecord
100
AcDbBlockTableRecord
  2
*MODEL_SPACE
340
20
  0
BLOCK_RECORD
  5
B
100
AcDbSymbolTableRecord
100
AcDbBlockTableRecord
  2
*PAPER_SPACE
340
21
  0
ENDTAB
  0
ENDSEC
  0
SECTION
  2
BLOCKS
  0
BLOCK
  5
D
100
AcDbEntity
  8
0
100
AcDbBlockBegin
  2
*MODEL_SPACE
 70
         0
 10
0.0
 20
0.0
 30
0.0
  3
*MODEL_SPACE
  1

  0
ENDBLK
  5
E
100
AcDbEntity
  8
0
100
AcDbBlockEnd
  0
BLOCK
  5
F
100
AcDbEntity
 67
         1
  8
0
100
AcDbBlockBegin
  2
*PAPER_SPACE
 70
         0
 10
0.0
 20
0.0
 30
0.0
  3
*PAPER_SPACE
  1

  0
ENDBLK
  5
10
100
AcDbEntity
 67
         1
  8
0
100
AcDbBlockEnd
  0
ENDSEC
  0
SECTION
  2
ENTITIES
  0
LINE
  5
60
100
AcDbEntity
  8
DF_COMP
370
        25
  6
Continuous
 62
         4
100
AcDbLine
 10
18.3865490316
 20
3.3513104709
 30
0.0
 11
18.3855095666
 21
3.3587841715
 31
0.0
  0
ARC
  5
61
102
{ACAD_REACTORS
330
A2
102
}
100
AcDbEntity
  8
Z0_BOTCOMP
370
        25
  6
Continuous
 62
         4
100
AcDbCircle
 10
18.2606669428
 20
8.1749763391
 30
0.0
 40
0.0925
100
AcDbArc
 50
180.0
 51
-90.0
  0
LINE
  5
62
102
{ACAD_REACTORS
330
A2
102
}
100
AcDbEntity
  8
Z0_BOTCOMP
370
        25
  6
Continuous
 62
         4
100
AcDbLine
 10
19.8081669428
 20
8.1749763391
 30
0.0
 11
19.8081669428
 21
8.1749763391
 31
0.0
  0
ARC
  5
63
102
{ACAD_REACTORS
330
A2
102
}
100
AcDbEntity
  8
Z0_BOTCOMP
370
        25
  6
Continuous
 62
         4
100
AcDbCircle
 10
19.7156669428
 20
8.1749763391
 30
0.0
 40
0.0925
100
AcDbArc
 50
-90.0
 51
0.0
  0
ARC
  5
64
102
{ACAD_REACTORS
330
A2
102
}
100
AcDbEntity
  8
Z0_BOTCOMP
370
        25
  6
Continuous
 62
         4
100
AcDbCircle
 10
18.2606669428
 20
8.1749763391
 30
0.0
 40
0.0925
100
AcDbArc
 50
90.0
 51
180.0
  0
LINE
  5
65
102
{ACAD_REACTORS
330
A2
102
}
100
AcDbEntity
  8
Z0_BOTCOMP
370
        25
  6
Continuous
 62
         4
100
AcDbLine
 10
18.1681669428
 20
8.1749763391
 30
0.0
 11
18.1681669428
 21
8.1749763391
 31
0.0
  0
LINE
  5
66
102
{ACAD_REACTORS
330
A2
102
}
100
AcDbEntity
  8
Z0_BOTCOMP
370
        25
  6
Continuous
 62
         4
100
AcDbLine
 10
18.5056669428
 20
8.0824763391
 30
0.0
 11
18.2606669428
 21
8.0824763391
 31
0.0
  0
ARC
  5
67
102
{ACAD_REACTORS
330
A2
102
}
100
AcDbEntity
  8
Z0_BOTCOMP
370
        25
  6
Continuous
 62
         4
100
AcDbCircle
 10
18.5056669428
 20
8.1749763391
 30
0.0
 40
0.0925
100
AcDbArc
 50
-90.0
 51
0.0
  0
LINE
  5
68
102
{ACAD_REACTORS
330
A2
102
}
100
AcDbEntity
  8
Z0_BOTCOMP
370
        25
  6
Continuous
 62
         4
100
AcDbLine
 10
19.7156669428
 20
8.0824763391
 30
0.0
 11
19.6006669428
 21
8.0824763391
 31
0.0
  0
LINE
  5
69
102
{ACAD_REACTORS
330
A2
102
}
100
AcDbEntity
  8
Z0_BOTCOMP
370
        25
  6
Continuous
 62
         4
100
AcDbLine
 10
18.5981669428
 20
8.1749763391
 30
0.0
 11
18.5981669428
 21
8.1749763391
 31
0.0
  0
ARC
  5
6A
102
{ACAD_REACTORS
330
A2
102
}
100
AcDbEntity
  8
Z0_BOTCOMP
370
        25
  6
Continuous
 62
         4
100
AcDbCircle
 10
18.5056669428
 20
8.1749763391
 30
0.0
 40
0.0925
100
AcDbArc
 50
0.0
 51
90.0
  0
ARC
  5
6B
102
{ACAD_REACTORS
330
A2
102
}
100
AcDbEntity
  8
Z0_BOTCOMP
370
        25
  6
Continuous
 62
         4
100
AcDbCircle
 10
19.6006669428
 20
8.1749763391
 30
0.0
 40
0.0925
100
AcDbArc
 50
90.0
 51
180.0
  0
LINE
  5
6C
102
{ACAD_REACTORS
330
A2
102
}
100
AcDbEntity
  8
Z0_BOTCOMP
370
        25
  6
Continuous
 62
         4
100
AcDbLine
 10
19.5081669428
 20
8.1749763391
 30
0.0
 11
19.5081669428
 21
8.1749763391
 31
0.0
  0
LINE
  5
6D
102
{ACAD_REACTORS
330
A2
102
}
100
AcDbEntity
  8
Z0_BOTCOMP
370
        25
  6
Continuous
 62
         4
100
AcDbLine
 10
19.6006669428
 20
8.2674763391
 30
0.0
 11
19.7156669428
 21
8.2674763391
 31
0.0
  0
LINE
  5
6E
102
{ACAD_REACTORS
330
A2
102
}
100
AcDbEntity
  8
Z0_BOTCOMP
370
        25
  6
Continuous
 62
         4
100
AcDbLine
 10
18.2606669428
 20
8.2674763391
 30
0.0
 11
18.5056669428
 21
8.2674763391
 31
0.0
  0
LINE
  5
6F
102
{ACAD_REACTORS
330
A2
102
}
100
AcDbEntity
  8
Z0_BOTCOMP
370
        25
  6
Continuous
 62
         4
100
AcDbLine
 10
19.8581669428
 20
8.5524763391
 30
0.0
 11
17.9781669428
 21
8.5524763391
 31
0.0
  0
LINE
  5
70
102
{ACAD_REACTORS
330
A2
102
}
100
AcDbEntity
  8
Z0_BOTCOMP
370
        25
  6
Continuous
 62
         4
100
AcDbLine
 10
19.1881669428
 20
5.5774763391
 30
0.0
 11
19.1881669428
 21
4.2370415311
 31
0.0
  0
ARC
  5
71
102
{ACAD_REACTORS
330
A2
102
}
100
AcDbEntity
  8
Z0_BOTCOMP
370
        25
  6
Continuous
 62
         4
100
AcDbCircle
 10
19.0631669428
 20
5.5774763391
 30
0.0
 40
0.125
100
AcDbArc
 50
0.0
 51
90.0
  0
ARC
  5
72
102
{ACAD_REACTORS
330
A2
102
}
100
AcDbEntity
  8
Z0_BOTCOMP
370
        25
  6
Continuous
 62
         4
100
AcDbCircle
 10
18.4131669428
 20
3.9870415311
 30
0.0
 40
0.125
100
AcDbArc
 50
90.0
 51
180.0
  0
LINE
  5
73
102
{ACAD_REACTORS
330
A2
102
}
100
AcDbEntity
  8
Z0_BOTCOMP
370
        25
  6
Continuous
 62
         4
100
AcDbLine
 10
18.9381669428
 20
4.2370415311
 30
0.0
 11
18.9381669428
 21
5.5774763391
 31
0.0
  0
LINE
  5
74
102
{ACAD_REACTORS
330
A2
102
}
100
AcDbEntity
  8
Z0_BOTCOMP
370
        25
  6
Continuous
 62
         4
100
AcDbLine
 10
19.7281669428
 20
4.8149763391
 30
0.0
 11
19.7281669428
 21
4.8149763391
 31
0.0
  0
LINE
  5
75
102
{ACAD_REACTORS
330
A2
102
}
100
AcDbEntity
  8
Z0_BOTCOMP
370
        25
  6
Continuous
 62
         4
100
AcDbLine
 10
19.6356669428
 20
4.7224763391
 30
0.0
 11
19.5206669428
 21
4.7224763391
 31
0.0
  0
LINE
  5
76
102
{ACAD_REACTORS
330
A2
102
}
100
AcDbEntity
  8
Z0_BOTCOMP
370
        25
  6
Continuous
 62
         4
100
AcDbLine
 10
19.4281669428
 20
4.8149763391
 30
0.0
 11
19.4281669428
 21
4.8149763391
 31
0.0
  0
ARC
  5
77
102
{ACAD_REACTORS
330
A2
102
}
100
AcDbEntity
  8
Z0_BOTCOMP
370
        25
  6
Continuous
 62
         4
100
AcDbCircle
 10
19.5206669428
 20
4.8149763391
 30
0.0
 40
0.0925
100
AcDbArc
 50
180.0
 51
-90.0
  0
ARC
  5
78
102
{ACAD_REACTORS
330
A2
102
}
100
AcDbEntity
  8
Z0_BOTCOMP
370
        25
  6
Continuous
 62
         4
100
AcDbCircle
 10
19.6356669428
 20
4.8149763391
 30
0.0
 40
0.0925
100
AcDbArc
 50
0.0
 51
90.0
  0
ARC
  5
79
102
{ACAD_REACTORS
330
A2
102
}
100
AcDbEntity
  8
Z0_BOTCOMP
370
        25
  6
Continuous
 62
         4
100
AcDbCircle
 10
19.0631669428
 20
5.5774763391
 30
0.0
 40
0.125
100
AcDbArc
 50
90.0
 51
180.0
  0
ARC
  5
7A
102
{ACAD_REACTORS
330
A2
102
}
100
AcDbEntity
  8
Z0_BOTCOMP
370
        25
  6
Continuous
 62
         4
100
AcDbCircle
 10
19.6356669428
 20
4.8149763391
 30
0.0
 40
0.0925
100
AcDbArc
 50
-90.0
 51
0.0
  0
LINE
  5
7B
102
{ACAD_REACTORS
330
A2
102
}
100
AcDbEntity
  8
Z0_BOTCOMP
370
        25
  6
Continuous
 62
         4
100
AcDbLine
 10
19.5081669428
 20
4.2624763391
 30
0.0
 11
19.4451669428
 21
4.2624763391
 31
0.0
  0
LINE
  5
7C
102
{ACAD_REACTORS
330
A2
102
}
100
AcDbEntity
  8
Z0_BOTCOMP
370
        25
  6
Continuous
 62
         4
100
AcDbLine
 10
18.4131669428
 20
4.1120415311
 30
0.0
 11
18.8131669428
 21
4.1120415311
 31
0.0
  0
LINE
  5
7D
102
{ACAD_REACTORS
330
A2
102
}
100
AcDbEntity
  8
Z0_BOTCOMP
370
        25
  6
Continuous
 62
         4
100
AcDbLine
 10
20.0381669428
 20
4.5524763391
 30
0.0
 11
19.9751669428
 21
4.5524763391
 31
0.0
  0
LINE
  5
7E
102
{ACAD_REACTORS
330
A2
102
}
100
AcDbEntity
  8
Z0_BOTCOMP
370
        25
  6
Continuous
 62
         4
100
AcDbLine
 10
18.5056669428
 20
6.9674763391
 30
0.0
 11
18.2606669428
 21
6.9674763391
 31
0.0
  0
ARC
  5
7F
102
{ACAD_REACTORS
330
A2
102
}
100
AcDbEntity
  8
Z0_BOTCOMP
370
        25
  6
Continuous
 62
         4
100
AcDbCircle
 10
19.5206669428
 20
4.8149763391
 30
0.0
 40
0.0925
100
AcDbArc
 50
90.0
 51
180.0
  0
LINE
  5
80
102
{ACAD_REACTORS
330
A2
102
}
100
AcDbEntity
  8
Z0_BOTCOMP
370
        25
  6
Continuous
 62
         4
100
AcDbLine
 10
19.5206669428
 20
4.9074763391
 30
0.0
 11
19.6356669428
 21
4.9074763391
 31
0.0
  0
LINE
  5
81
102
{ACAD_REACTORS
330
A2
102
}
100
AcDbEntity
  8
Z0_BOTCOMP
370
        25
  6
Continuous
 62
         4
100
AcDbLine
 10
18.5511669428
 20
4.2624763391
 30
0.0
 11
18.4881669428
 21
4.2624763391
 31
0.0
  0
ARC
  5
82
102
{ACAD_REACTORS
330
A2
102
}
100
AcDbEntity
  8
Z0_BOTCOMP
370
        25
  6
Continuous
 62
         4
100
AcDbCircle
 10
19.3131669428
 20
4.2370415311
 30
0.0
 40
0.125
100
AcDbArc
 50
180.0
 51
-90.0
  0
LINE
  5
83
102
{ACAD_REACTORS
330
A2
102
}
100
AcDbEntity
  8
Z0_BOTCOMP
370
        25
  6
Continuous
 62
         4
100
AcDbLine
 10
19.3131669428
 20
4.1120415311
 30
0.0
 11
19.4331669428
 21
4.1120415311
 31
0.0
  0
ARC
  5
84
102
{ACAD_REACTORS
330
A2
102
}
100
AcDbEntity
  8
Z0_BOTCOMP
370
        25
  6
Continuous
 62
         4
100
AcDbCircle
 10
19.4331669428
 20
3.9870415311
 30
0.0
 40
0.125
100
AcDbArc
 50
0.0
 51
90.0
  0
LINE
  5
85
102
{ACAD_REACTORS
330
A2
102
}
100
AcDbEntity
  8
Z0_BOTCOMP
370
        25
  6
Continuous
 62
         4
100
AcDbLine
 10
19.9581669428
 20
7.8624763391
 30
0.0
 11
19.8651669428
 21
7.8624763391
 31
0.0
  0
LINE
  5
86
102
{ACAD_REACTORS
330
A2
102
}
100
AcDbEntity
  8
Z0_BOTCOMP
370
        25
  6
Continuous
 62
         4
100
AcDbLine
 10
19.8651669428
 20
7.8624763391
 30
0.0
 11
19.8581669428
 21
8.5524763391
 31
0.0
  0
ARC
  5
87
102
{ACAD_REACTORS
330
A2
102
}
100
AcDbEntity
  8
Z0_BOTCOMP
370
        25
  6
Continuous
 62
         4
100
AcDbCircle
 10
19.6006669428
 20
8.1749763391
 30
0.0
 40
0.0925
100
AcDbArc
 50
180.0
 51
-90.0
  0
ARC
  5
88
102
{ACAD_REACTORS
330
A2
102
}
100
AcDbEntity
  8
Z0_BOTCOMP
370
        25
  6
Continuous
 62
         4
100
AcDbCircle
 10
19.7156669428
 20
8.1749763391
 30
0.0
 40
0.0925
100
AcDbArc
 50
0.0
 51
90.0
  0
LINE
  5
89
102
{ACAD_REACTORS
330
A2
102
}
100
AcDbEntity
  8
Z0_BOTCOMP
370
        25
  6
Continuous
 62
         4
100
AcDbLine
 10
19.4451669428
 20
4.2624763391
 30
0.0
 11
19.4451669428
 21
3.4524763391
 31
0.0
  0
LINE
  5
8A
102
{ACAD_REACTORS
330
A2
102
}
100
AcDbEntity
  8
Z0_BOTCOMP
370
        25
  6
Continuous
 62
         4
100
AcDbLine
 10
20.0381669428
 20
2.8849763391
 30
0.0
 11
20.0381669428
 21
4.5524763391
 31
0.0
  0
LINE
  5
8B
102
{ACAD_REACTORS
330
A2
102
}
100
AcDbEntity
  8
Z0_BOTCOMP
370
        25
  6
Continuous
 62
         4
100
AcDbLine
 10
19.9751669428
 20
4.5524763391
 30
0.0
 11
19.9751669428
 21
3.4449763391
 31
0.0
  0
LINE
  5
8C
102
{ACAD_REACTORS
330
A2
102
}
100
AcDbEntity
  8
Z0_BOTCOMP
370
        25
  6
Continuous
 62
         4
100
AcDbLine
 10
19.5081669428
 20
3.4449763391
 30
0.0
 11
19.5081669428
 21
4.2624763391
 31
0.0
  0
LINE
  5
8D
102
{ACAD_REACTORS
330
A2
102
}
100
AcDbEntity
  8
Z0_BOTCOMP
370
        25
  6
Continuous
 62
         4
100
AcDbLine
 10
18.5511669428
 20
3.4524763391
 30
0.0
 11
18.5511669428
 21
4.2624763391
 31
0.0
  0
LINE
  5
8E
102
{ACAD_REACTORS
330
A2
102
}
100
AcDbEntity
  8
Z0_BOTCOMP
370
        25
  6
Continuous
 62
         4
100
AcDbLine
 10
18.4881669428
 20
4.2624763391
 30
0.0
 11
18.4881669428
 21
2.7024763391
 31
0.0
  0
LINE
  5
8F
102
{ACAD_REACTORS
330
A2
102
}
100
AcDbEntity
  8
Z0_BOTCOMP
370
        25
  6
Continuous
 62
         4
100
AcDbLine
 10
19.9581669428
 20
3.7024763391
 30
0.0
 11
19.9581669428
 21
7.8624763391
 31
0.0
  0
LINE
  5
90
102
{ACAD_REACTORS
330
A2
102
}
100
AcDbEntity
  8
Z0_BOTCOMP
370
        25
  6
Continuous
 62
         4
100
AcDbLine
 10
17.9781669428
 20
8.5524763391
 30
0.0
 11
17.9781669428
 21
3.7024763391
 31
0.0
  0
LINE
  5
91
102
{ACAD_REACTORS
330
A2
102
}
100
AcDbEntity
  8
Z0_BOTCOMP
370
        25
  6
Continuous
 62
         4
100
AcDbLine
 10
19.4451669428
 20
3.4524763391
 30
0.0
 11
18.5511669428
 21
3.4524763391
 31
0.0
  0
LINE
  5
92
102
{ACAD_REACTORS
330
A2
102
}
100
AcDbEntity
  8
Z0_BOTCOMP
370
        25
  6
Continuous
 62
         4
100
AcDbLine
 10
19.9751669428
 20
3.4449763391
 30
0.0
 11
19.5081669428
 21
3.4449763391
 31
0.0
  0
LINE
  5
93
102
{ACAD_REACTORS
330
A2
102
}
100
AcDbEntity
  8
Z0_BOTCOMP
370
        25
  6
Continuous
 62
         4
100
AcDbLine
 10
18.4881669428
 20
2.7024763391
 30
0.0
 11
19.5081669428
 21
2.7024763391
 31
0.0
  0
LINE
  5
94
102
{ACAD_REACTORS
330
A2
102
}
100
AcDbEntity
  8
Z0_BOTCOMP
370
        25
  6
Continuous
 62
         4
100
AcDbLine
 10
19.5081669428
 20
2.7024763391
 30
0.0
 11
19.5081669428
 21
2.8849763391
 31
0.0
  0
LINE
  5
95
102
{ACAD_REACTORS
330
A2
102
}
100
AcDbEntity
  8
Z0_BOTCOMP
370
        25
  6
Continuous
 62
         4
100
AcDbLine
 10
19.5081669428
 20
2.8849763391
 30
0.0
 11
20.0381669428
 21
2.8849763391
 31
0.0
  0
ARC
  5
96
102
{ACAD_REACTORS
330
A2
102
}
100
AcDbEntity
  8
Z0_BOTCOMP
370
        25
  6
Continuous
 62
         4
100
AcDbCircle
 10
18.1631669428
 20
3.8274763391
 30
0.0
 40
0.125
100
AcDbArc
 50
-90.0
 51
0.0
  0
LINE
  5
97
102
{ACAD_REACTORS
330
A2
102
}
100
AcDbEntity
  8
Z0_BOTCOMP
370
        25
  6
Continuous
 62
         4
100
AcDbLine
 10
19.5581669428
 20
3.9870415311
 30
0.0
 11
19.5581669428
 21
3.8274763391
 31
0.0
  0
LINE
  5
98
102
{ACAD_REACTORS
330
A2
102
}
100
AcDbEntity
  8
Z0_BOTCOMP
370
        25
  6
Continuous
 62
         4
100
AcDbLine
 10
19.6831669428
 20
3.7024763391
 30
0.0
 11
19.9581669428
 21
3.7024763391
 31
0.0
  0
ARC
  5
99
102
{ACAD_REACTORS
330
A2
102
}
100
AcDbEntity
  8
Z0_BOTCOMP
370
        25
  6
Continuous
 62
         4
100
AcDbCircle
 10
19.6831669428
 20
3.8274763391
 30
0.0
 40
0.125
100
AcDbArc
 50
180.0
 51
-90.0
  0
LINE
  5
9A
102
{ACAD_REACTORS
330
A2
102
}
100
AcDbEntity
  8
Z0_BOTCOMP
370
        25
  6
Continuous
 62
         4
100
AcDbLine
 10
18.2881669428
 20
3.8274763391
 30
0.0
 11
18.2881669428
 21
3.9870415311
 31
0.0
  0
LINE
  5
9B
102
{ACAD_REACTORS
330
A2
102
}
100
AcDbEntity
  8
Z0_BOTCOMP
370
        25
  6
Continuous
 62
         4
100
AcDbLine
 10
17.9781669428
 20
3.7024763391
 30
0.0
 11
18.1631669428
 21
3.7024763391
 31
0.0
  0
ARC
  5
9C
102
{ACAD_REACTORS
330
A2
102
}
100
AcDbEntity
  8
Z0_BOTCOMP
370
        25
  6
Continuous
 62
         4
100
AcDbCircle
 10
18.2606669428
 20
7.0599763391
 30
0.0
 40
0.0925
100
AcDbArc
 50
90.0
 51
180.0
  0
ARC
  5
9D
102
{ACAD_REACTORS
330
A2
102
}
100
AcDbEntity
  8
Z0_BOTCOMP
370
        25
  6
Continuous
 62
         4
100
AcDbCircle
 10
18.5056669428
 20
7.0599763391
 30
0.0
 40
0.0925
100
AcDbArc
 50
-90.0
 51
0.0
  0
ARC
  5
9E
102
{ACAD_REACTORS
330
A2
102
}
100
AcDbEntity
  8
Z0_BOTCOMP
370
        25
  6
Continuous
 62
         4
100
AcDbCircle
 10
18.2606669428
 20
7.0599763391
 30
0.0
 40
0.0925
100
AcDbArc
 50
180.0
 51
-90.0
  0
LINE
  5
9F
102
{ACAD_REACTORS
330
A2
102
}
100
AcDbEntity
  8
Z0_BOTCOMP
370
        25
  6
Continuous
 62
         4
100
AcDbLine
 10
18.2606669428
 20
7.1524763391
 30
0.0
 11
18.5056669428
 21
7.1524763391
 31
0.0
  0
ARC
  5
A0
102
{ACAD_REACTORS
330
A2
102
}
100
AcDbEntity
  8
Z0_BOTCOMP
370
        25
  6
Continuous
 62
         4
100
AcDbCircle
 10
18.5056669428
 20
7.0599763391
 30
0.0
 40
0.0925
100
AcDbArc
 50
0.0
 51
90.0
  0
ARC
  5
A1
102
{ACAD_REACTORS
330
A2
102
}
100
AcDbEntity
  8
Z0_BOTCOMP
370
        25
  6
Continuous
 62
         4
100
AcDbCircle
 10
18.8131669428
 20
4.2370415311
 30
0.0
 40
0.125
100
AcDbArc
 50
-90.0
 51
0.0
  0
LINE
  5
A3
100
AcDbEntity
  8
Z0_WOODOUTLINE
370
        25
  6
Continuous
 62
         5
100
AcDbLine
 10
18.3750294415
 20
4.1649763391
 30
0.0
 11
20.2500294415
 21
4.1649763391
 31
0.0
  0
CIRCLE
  5
A4
100
AcDbEntity
  8
Z0_CUT500
370
        25
  6
Continuous
 62
         5
100
AcDbCircle
 10
20.0000294415
 20
33.0
 30
0.0
 40
0.0625
  0
CIRCLE
  5
A5
100
AcDbEntity
  8
Z0_CUT500
370
        25
  6
Continuous
 62
         5
100
AcDbCircle
 10
20.0000294415
 20
27.0
 30
0.0
 40
0.0625
  0
LINE
  5
A6
100
AcDbEntity
  8
Z0_WOODOUTLINE
370
        25
  6
Continuous
 62
         5
100
AcDbLine
 10
18.3750294415
 20
3.6649763391
 30
0.0
 11
18.3750294415
 21
-0.0
 31
0.0
  0
ARC
  5
A7
100
AcDbEntity
  8
Z0_WOODOUTLINE
370
        25
  6
Continuous
 62
         5
100
AcDbCircle
 10
18.3750294415
 20
3.9149763391
 30
0.0
 40
0.25
100
AcDbArc
 50
90.0
 51
-90.0
  0
CIRCLE
  5
A8
100
AcDbEntity
  8
Z0_CUT500
370
        25
  6
Continuous
 62
         5
100
AcDbCircle
 10
18.1250960951
 20
9.0524763391
 30
0.0
 40
0.0625
  0
CIRCLE
  5
A9
100
AcDbEntity
  8
Z0_CUT500
370
        25
  6
Continuous
 62
         5
100
AcDbCircle
 10
18.1250960951
 20
11.5126256727
 30
0.0
 40
0.0625
  0
CIRCLE
  5
AA
100
AcDbEntity
  8
Z0_CUT500
370
        25
  6
Continuous
 62
         5
100
AcDbCircle
 10
18.1254743941
 20
15.0
 30
0.0
 40
0.0625
  0
CIRCLE
  5
AB
100
AcDbEntity
  8
Z0_CUT500
370
        25
  6
Continuous
 62
         5
100
AcDbCircle
 10
17.7250019952
 20
1.78
 30
0.0
 40
0.1225
  0
CIRCLE
  5
AC
100
AcDbEntity
  8
Z0_CUT500
370
        25
  6
Continuous
 62
         5
100
AcDbCircle
 10
18.1254743941
 20
21.0
 30
0.0
 40
0.0625
  0
CIRCLE
  5
AD
100
AcDbEntity
  8
Z0_CUT500
370
        25
  6
Continuous
 62
         5
100
AcDbCircle
 10
20.0000294415
 20
21.0
 30
0.0
 40
0.0625
  0
CIRCLE
  5
AE
100
AcDbEntity
  8
Z0_CUT500
370
        25
  6
Continuous
 62
         5
100
AcDbCircle
 10
20.0000294415
 20
5.1024763391
 30
0.0
 40
0.0625
  0
CIRCLE
  5
AF
100
AcDbEntity
  8
Z0_CUT500
370
        25
  6
Continuous
 62
         5
100
AcDbCircle
 10
20.0000294415
 20
9.0
 30
0.0
 40
0.0625
  0
CIRCLE
  5
B0
100
AcDbEntity
  8
Z0_CUT500
370
        25
  6
Continuous
 62
         5
100
AcDbCircle
 10
20.0000294415
 20
15.0
 30
0.0
 40
0.0625
  0
CIRCLE
  5
B1
100
AcDbEntity
  8
Z0_CUT500
370
        25
  6
Continuous
 62
         5
100
AcDbCircle
 10
17.7250019952
 20
0.78
 30
0.0
 40
0.1225
  0
LINE
  5
B2
102
{ACAD_REACTORS
330
B6
102
}
100
AcDbEntity
  8
Z0_CUT500
370
        25
  6
Continuous
 62
         5
100
AcDbLine
 10
19.1531669428
 20
6.0274763391
 30
0.0
 11
19.1531669428
 21
4.3274763391
 31
0.0
  0
LINE
  5
B3
102
{ACAD_REACTORS
330
B6
102
}
100
AcDbEntity
  8
Z0_CUT500
370
        25
  6
Continuous
 62
         5
100
AcDbLine
 10
18.9731669428
 20
6.0274763391
 30
0.0
 11
18.9731669428
 21
4.3274763391
 31
0.0
  0
ARC
  5
B4
102
{ACAD_REACTORS
330
B6
102
}
100
AcDbEntity
  8
Z0_CUT500
370
        25
  6
Continuous
 62
         5
100
AcDbCircle
 10
19.0631669428
 20
4.3274763391
 30
0.0
 40
0.09
100
AcDbArc
 50
180.0
 51
0.0
  0
ARC
  5
B5
102
{ACAD_REACTORS
330
B6
102
}
100
AcDbEntity
  8
Z0_CUT500
370
        25
  6
Continuous
 62
         5
100
AcDbCircle
 10
19.0631669428
 20
6.0274763391
 30
0.0
 40
0.09
100
AcDbArc
 50
0.0
 51
180.0
  0
CIRCLE
  5
B7
100
AcDbEntity
  8
Z0_CUT500
370
        25
  6
Continuous
 62
         5
100
AcDbCircle
 10
13.9750294415
 20
41.7382899265
 30
0.0
 40
0.0625
  0
CIRCLE
  5
B8
100
AcDbEntity
  8
Z0_CUT500
370
        25
  6
Continuous
 62
         5
100
AcDbCircle
 10
0.2500294415
 20
39.0
 30
0.0
 40
0.0625
  0
CIRCLE
  5
B9
100
AcDbEntity
  8
Z0_CUT500
370
        25
  6
Continuous
 62
         5
100
AcDbCircle
 10
2.4250294415
 20
41.7382899265
 30
0.0
 40
0.0625
  0
CIRCLE
  5
BA
100
AcDbEntity
  8
Z0_CUT500
370
        25
  6
Continuous
 62
         5
100
AcDbCircle
 10
6.2750294415
 20
41.7382899265
 30
0.0
 40
0.0625
  0
CIRCLE
  5
BB
100
AcDbEntity
  8
Z0_CUT500
370
        25
  6
Continuous
 62
         5
100
AcDbCircle
 10
10.1250294415
 20
41.7382899265
 30
0.0
 40
0.0625
  0
CIRCLE
  5
BC
100
AcDbEntity
  8
Z0_CUT500
370
        25
  6
Continuous
 62
         5
100
AcDbCircle
 10
17.8250294415
 20
41.7382899265
 30
0.0
 40
0.0625
  0
CIRCLE
  5
BD
100
AcDbEntity
  8
Z0_CUT500
370
        25
  6
Continuous
 62
         5
100
AcDbCircle
 10
20.0000294415
 20
39.0
 30
0.0
 40
0.0625
  0
CIRCLE
  5
BE
100
AcDbEntity
  8
Z0_CUT500
370
        25
  6
Continuous
 62
         5
100
AcDbCircle
 10
0.2500294415
 20
33.0
 30
0.0
 40
0.0625
  0
CIRCLE
  5
BF
100
AcDbEntity
  8
Z0_CUTFLUTE
370
        25
  6
Continuous
 62
         6
100
AcDbCircle
 10
19.0631669428
 20
4.8274763391
 30
0.0
 40
0.625
  0
LINE
  5
C0
100
AcDbEntity
  8
Z0_CUTFLUTE
370
        25
  6
Continuous
 62
         6
100
AcDbLine
 10
19.0352455282
 20
4.1649763391
 30
0.0
 11
19.0352455282
 21
12.1649763391
 31
0.0
  0
LINE
  5
C1
100
AcDbEntity
  8
Z0_CUTFLUTE
370
        25
  6
Continuous
 62
         6
100
AcDbLine
 10
18.629043608
 20
4.1649763391
 30
0.0
 11
19.0352455282
 21
12.1649763391
 31
0.0
  0
LINE
  5
C2
100
AcDbEntity
  8
Z0_CUTFLUTE
370
        25
  6
Continuous
 62
         6
100
AcDbLine
 10
19.4414474485
 20
4.1649763391
 30
0.0
 11
19.0352455282
 21
12.1649763391
 31
0.0
  0
CIRCLE
  5
C3
100
AcDbEntity
  8
Z0_CUT500
370
        25
  6
Continuous
 62
         5
100
AcDbCircle
 10
17.4750019952
 20
3.155
 30
0.0
 40
0.1225
  0
LINE
  5
C4
102
{ACAD_REACTORS
330
CF
102
}
100
AcDbEntity
  8
Z0_BOTCOMP
370
        25
  6
Continuous
 62
         4
100
AcDbLine
 10
17.3570618831
 20
1.7075771175
 30
0.0
 11
17.4306740424
 21
1.7500771175
 31
0.0
  0
LINE
  5
C5
102
{ACAD_REACTORS
330
CF
102
}
100
AcDbEntity
  8
Z0_BOTCOMP
370
        25
  6
Continuous
 62
         4
100
AcDbLine
 10
17.4306740424
 20
1.7500771175
 30
0.0
 11
17.3611047263
 21
1.8705747077
 31
0.0
  0
LINE
  5
C6
102
{ACAD_REACTORS
330
CF
102
}
100
AcDbEntity
  8
Z0_BOTCOMP
370
        25
  6
Continuous
 62
         4
100
AcDbLine
 10
17.9716921073
 20
1.4975659571
 30
0.0
 11
17.898079948
 21
1.5400659571
 31
0.0
  0
LINE
  5
C7
102
{ACAD_REACTORS
330
CF
102
}
100
AcDbEntity
  8
Z0_BOTCOMP
370
        25
  6
Continuous
 62
         4
100
AcDbLine
 10
17.898079948
 20
1.5400659571
 30
0.0
 11
17.8285106319
 21
1.4195683669
 31
0.0
  0
LINE
  5
C8
102
{ACAD_REACTORS
330
CF
102
}
100
AcDbEntity
  8
Z0_BOTCOMP
370
        25
  6
Continuous
 62
         4
100
AcDbLine
 10
17.8462519952
 20
2.0498569254
 30
0.0
 11
17.9853906275
 21
2.0498569254
 31
0.0
  0
LINE
  5
C9
102
{ACAD_REACTORS
330
CF
102
}
100
AcDbEntity
  8
Z0_BOTCOMP
370
        25
  6
Continuous
 62
         4
100
AcDbLine
 10
17.8462519952
 20
2.1348569254
 30
0.0
 11
17.8462519952
 21
2.0498569254
 31
0.0
  0
CIRCLE
  5
CA
102
{ACAD_REACTORS
330
CF
102
}
100
AcDbEntity
  8
Z0_BOTCOMP
370
        25
  6
Continuous
 62
         4
100
AcDbCircle
 10
17.7250019952
 20
1.78
 30
0.0
 40
0.12125
  0
ARC
  5
CB
102
{ACAD_REACTORS
330
CF
102
}
100
AcDbEntity
  8
Z0_BOTCOMP
370
        25
  6
Continuous
 62
         4
100
AcDbCircle
 10
17.7250019952
 20
1.78
 30
0.0
 40
0.375
100
AcDbArc
 50
-48.8646310311
 51
46.0229894052
  0
ARC
  5
CC
102
{ACAD_REACTORS
330
CF
102
}
100
AcDbEntity
  8
Z0_BOTCOMP
370
        25
  6
Continuous
 62
         4
100
AcDbCircle
 10
17.7250019952
 20
1.78
 30
0.0
 40
0.375
100
AcDbArc
 50
-168.8646310311
 51
-73.9770105947
  0
ARC
  5
CD
102
{ACAD_REACTORS
330
CF
102
}
100
AcDbEntity
  8
Z0_BOTCOMP
370
        25
  6
Continuous
 62
         4
100
AcDbCircle
 10
17.7250019952
 20
1.78
 30
0.0
 40
0.375
100
AcDbArc
 50
71.1353689689
 51
166.0229894053
  0
CIRCLE
  5
CE
102
{ACAD_REACTORS
330
CF
102
}
100
AcDbEntity
  8
Z0_BOTCOMP
370
        25
  6
Continuous
 62
         4
100
AcDbCircle
 10
17.7250019952
 20
1.78
 30
0.0
 40
0.0835
  0
LINE
  5
D0
102
{ACAD_REACTORS
330
DB
102
}
100
AcDbEntity
  8
Z0_BOTCOMP
370
        25
  6
Continuous
 62
         4
100
AcDbLine
 10
17.3570618831
 20
0.7075771175
 30
0.0
 11
17.4306740424
 21
0.7500771175
 31
0.0
  0
LINE
  5
D1
102
{ACAD_REACTORS
330
DB
102
}
100
AcDbEntity
  8
Z0_BOTCOMP
370
        25
  6
Continuous
 62
         4
100
AcDbLine
 10
17.4306740424
 20
0.7500771175
 30
0.0
 11
17.3611047263
 21
0.8705747077
 31
0.0
  0
LINE
  5
D2
102
{ACAD_REACTORS
330
DB
102
}
100
AcDbEntity
  8
Z0_BOTCOMP
370
        25
  6
Continuous
 62
         4
100
AcDbLine
 10
17.9716921073
 20
0.4975659571
 30
0.0
 11
17.898079948
 21
0.5400659571
 31
0.0
  0
LINE
  5
D3
102
{ACAD_REACTORS
330
DB
102
}
100
AcDbEntity
  8
Z0_BOTCOMP
370
        25
  6
Continuous
 62
         4
100
AcDbLine
 10
17.898079948
 20
0.5400659571
 30
0.0
 11
17.8285106319
 21
0.4195683669
 31
0.0
  0
LINE
  5
D4
102
{ACAD_REACTORS
330
DB
102
}
100
AcDbEntity
  8
Z0_BOTCOMP
370
        25
  6
Continuous
 62
         4
100
AcDbLine
 10
17.8462519952
 20
1.0498569254
 30
0.0
 11
17.9853906275
 21
1.0498569254
 31
0.0
  0
LINE
  5
D5
102
{ACAD_REACTORS
330
DB
102
}
100
AcDbEntity
  8
Z0_BOTCOMP
370
        25
  6
Continuous
 62
         4
100
AcDbLine
 10
17.8462519952
 20
1.1348569254
 30
0.0
 11
17.8462519952
 21
1.0498569254
 31
0.0
  0
CIRCLE
  5
D6
102
{ACAD_REACTORS
330
DB
102
}
100
AcDbEntity
  8
Z0_BOTCOMP
370
        25
  6
Continuous
 62
         4
100
AcDbCircle
 10
17.7250019952
 20
0.78
 30
0.0
 40
0.12125
  0
ARC
  5
D7
102
{ACAD_REACTORS
330
DB
102
}
100
AcDbEntity
  8
Z0_BOTCOMP
370
        25
  6
Continuous
 62
         4
100
AcDbCircle
 10
17.7250019952
 20
0.78
 30
0.0
 40
0.375
100
AcDbArc
 50
-48.8646310311
 51
46.0229894052
  0
ARC
  5
D8
102
{ACAD_REACTORS
330
DB
102
}
100
AcDbEntity
  8
Z0_BOTCOMP
370
        25
  6
Continuous
 62
         4
100
AcDbCircle
 10
17.7250019952
 20
0.78
 30
0.0
 40
0.375
100
AcDbArc
 50
-168.8646310311
 51
-73.9770105947
  0
ARC
  5
D9
102
{ACAD_REACTORS
330
DB
102
}
100
AcDbEntity
  8
Z0_BOTCOMP
370
        25
  6
Continuous
 62
         4
100
AcDbCircle
 10
17.7250019952
 20
0.78
 30
0.0
 40
0.375
100
AcDbArc
 50
71.1353689689
 51
166.0229894053
  0
CIRCLE
  5
DA
102
{ACAD_REACTORS
330
DB
102
}
100
AcDbEntity
  8
Z0_BOTCOMP
370
        25
  6
Continuous
 62
         4
100
AcDbCircle
 10
17.7250019952
 20
0.78
 30
0.0
 40
0.0835
  0
LINE
  5
DC
100
AcDbEntity
  8
DF_COMP
370
        25
  6
Continuous
 62
         4
100
AcDbLine
 10
18.3865490316
 20
3.3513104709
 30
0.0
 11
18.3855095666
 21
3.3587841715
 31
0.0
  0
LINE
  5
DD
100
AcDbEntity
  8
DF_COMP
370
        25
  6
Continuous
 62
         4
100
AcDbLine
 10
18.3758912562
 20
3.3576060204
 30
0.0
 11
18.3625619166
 21
3.3644323486
 31
0.0
  0
LINE
  5
DE
100
AcDbEntity
  8
DF_COMP
370
        25
  6
Continuous
 62
         4
100
AcDbLine
 10
18.3855095666
 20
3.3587841715
 30
0.0
 11
18.3773258017
 21
3.3567585434
 31
0.0
  0
LINE
  5
DF
100
AcDbEntity
  8
DF_COMP
370
        25
  6
Continuous
 62
         4
100
AcDbLine
 10
18.3625619166
 20
3.3644323486
 30
0.0
 11
18.3505133292
 21
3.3684471801
 31
0.0
  0
LINE
  5
E0
100
AcDbEntity
  8
DF_COMP
370
        25
  6
Continuous
 62
         4
100
AcDbLine
 10
18.3505133292
 20
3.3684471801
 30
0.0
 11
18.3402104035
 21
3.3694960184
 31
0.0
  0
LINE
  5
E1
100
AcDbEntity
  8
DF_COMP
370
        25
  6
Continuous
 62
         4
100
AcDbLine
 10
18.3402104035
 20
3.3694960184
 30
0.0
 11
18.3320469802
 21
3.3675381267
 31
0.0
  0
LINE
  5
E2
100
AcDbEntity
  8
DF_COMP
370
        25
  6
Continuous
 62
         4
100
AcDbLine
 10
18.5701669428
 20
7.0599763391
 30
0.0
 11
18.5701669428
 21
7.0599763391
 31
0.0
  0
LINE
  5
E3
100
AcDbEntity
  8
DF_COMP
370
        25
  6
Continuous
 62
         4
100
AcDbLine
 10
19.0351669428
 20
5.7024763391
 30
0.0
 11
19.0351669428
 21
5.7024763391
 31
0.0
  0
LINE
  5
E4
100
AcDbEntity
  8
DF_COMP
370
        25
  6
Continuous
 62
         4
100
AcDbLine
 10
18.3320469802
 20
3.3675381267
 30
0.0
 11
18.3285271005
 21
3.3651481578
 31
0.0
  0
LINE
  5
E5
100
AcDbEntity
  8
DF_COMP
370
        25
  6
Continuous
 62
         4
100
AcDbLine
 10
19.0351669428
 20
5.7024763391
 30
0.0
 11
19.0351669428
 21
5.7024763391
 31
0.0
  0
LINE
  5
E6
100
AcDbEntity
  8
DF_COMP
370
        25
  6
Continuous
 62
         4
100
AcDbLine
 10
18.5701669428
 20
7.0599763391
 30
0.0
 11
18.5701669428
 21
7.0599763391
 31
0.0
  0
LINE
  5
E7
100
AcDbEntity
  8
DF_COMP
370
        25
  6
Continuous
 62
         4
100
AcDbLine
 10
18.3320469802
 20
3.3675381267
 30
0.0
 11
18.3285271005
 21
3.3651481578
 31
0.0
  0
LINE
  5
E8
100
AcDbEntity
  8
DF_COMP
370
        25
  6
Continuous
 62
         4
100
AcDbLine
 10
18.3402104035
 20
3.3694960184
 30
0.0
 11
18.3320469802
 21
3.3675381267
 31
0.0
  0
LINE
  5
E9
100
AcDbEntity
  8
DF_COMP
370
        25
  6
Continuous
 62
         4
100
AcDbLine
 10
18.3505133292
 20
3.3684471801
 30
0.0
 11
18.3402104035
 21
3.3694960184
 31
0.0
  0
LINE
  5
EA
100
AcDbEntity
  8
DF_COMP
370
        25
  6
Continuous
 62
         4
100
AcDbLine
 10
18.3625619166
 20
3.3644323486
 30
0.0
 11
18.3505133292
 21
3.3684471801
 31
0.0
  0
LINE
  5
EB
100
AcDbEntity
  8
DF_COMP
370
        25
  6
Continuous
 62
         4
100
AcDbLine
 10
18.3855095666
 20
3.3587841715
 30
0.0
 11
18.3773258017
 21
3.3567585434
 31
0.0
  0
LINE
  5
EC
100
AcDbEntity
  8
DF_COMP
370
        25
  6
Continuous
 62
         4
100
AcDbLine
 10
18.3758912562
 20
3.3576060204
 30
0.0
 11
18.3625619166
 21
3.3644323486
 31
0.0
  0
LINE
  5
ED
102
{ACAD_REACTORS
330
F3
102
}
100
AcDbEntity
  8
Z0_TOPCOMP
370
        25
  6
Continuous
 62
         6
100
AcDbLine
 10
16.391920012
 20
9.6802670042
 30
0.0
 11
12.9879503178
 21
7.7592148005
 31
0.0
  0
LINE
  5
EE
102
{ACAD_REACTORS
330
F3
102
}
100
AcDbEntity
  8
Z0_TOPCOMP
370
        25
  6
Continuous
 62
         6
100
AcDbLine
 10
16.4226380683
 20
9.6258367642
 30
0.0
 11
13.018668374
 21
7.7047845606
 31
0.0
  0
ARC
  5
EF
102
{ACAD_REACTORS
330
F3
102
}
100
AcDbEntity
  8
Z0_TOPCOMP
370
        25
  6
Continuous
 62
         6
100
AcDbCircle
 10
16.1968462004
 20
10.0259241091
 30
0.0
 40
0.4594037996
100
AcDbArc
 50
-60.5615103253
 51
0.0
  0
ARC
  5
F0
102
{ACAD_REACTORS
330
F3
102
}
100
AcDbEntity
  8
Z0_TOPCOMP
370
        25
  6
Continuous
 62
         6
100
AcDbCircle
 10
16.1968462004
 20
10.0259241091
 30
0.0
 40
0.3969037996
100
AcDbArc
 50
-60.5615103253
 51
0.0
  0
CIRCLE
  5
F1
102
{ACAD_REACTORS
330
F3
102
}
100
AcDbEntity
  8
Z0_TOPCOMP
370
        25
  6
Continuous
 62
         6
100
AcDbCircle
 10
16.625
 20
10.0259241091
 30
0.0
 40
0.03125
  0
CIRCLE
  5
F2
102
{ACAD_REACTORS
330
F3
102
}
100
AcDbEntity
  8
Z0_TOPCOMP
370
        25
  6
Continuous
 62
         6
100
AcDbCircle
 10
13.0033093459
 20
7.7319996805
 30
0.0
 40
0.03125
  0
LINE
  5
F4
102
{ACAD_REACTORS
330
F8
102
}
100
AcDbEntity
  8
Z0_TOPCOMP
370
        25
  6
Continuous
 62
         6
100
AcDbLine
 10
16.65625
 20
13.9009241091
 30
0.0
 11
16.65625
 21
10.5259241091
 31
0.0
  0
LINE
  5
F5
102
{ACAD_REACTORS
330
F8
102
}
100
AcDbEntity
  8
Z0_TOPCOMP
370
        25
  6
Continuous
 62
         6
100
AcDbLine
 10
16.59375
 20
13.9009241091
 30
0.0
 11
16.59375
 21
10.5259241091
 31
0.0
  0
CIRCLE
  5
F6
102
{ACAD_REACTORS
330
F8
102
}
100
AcDbEntity
  8
Z0_TOPCOMP
370
        25
  6
Continuous
 62
         6
100
AcDbCircle
 10
16.625
 20
10.5259241091
 30
0.0
 40
0.03125
  0
CIRCLE
  5
F7
102
{ACAD_REACTORS
330
F8
102
}
100
AcDbEntity
  8
Z0_TOPCOMP
370
        25
  6
Continuous
 62
         6
100
AcDbCircle
 10
16.625
 20
13.9009241091
 30
0.0
 40
0.03125
  0
CIRCLE
  5
F9
102
{ACAD_REACTORS
330
FB
102
}
100
AcDbEntity
  8
Z0_RUBBER
370
        25
  6
Continuous
 62
         2
100
AcDbCircle
 10
14.975
 20
13.7321698519
 30
0.0
 40
0.4
  0
CIRCLE
  5
FA
102
{ACAD_REACTORS
330
FB
102
}
100
AcDbEntity
  8
Z0_RUBBER
370
        25
  6
Continuous
 62
         2
100
AcDbCircle
 10
14.975
 20
13.7321698519
 30
0.0
 40
0.215
  0
CIRCLE
  5
FC
102
{ACAD_REACTORS
330
FE
102
}
100
AcDbEntity
  8
Z0_RUBBER
370
        25
  6
Continuous
 62
         2
100
AcDbCircle
 10
14.975
 20
10.6696698519
 30
0.0
 40
0.215
  0
CIRCLE
  5
FD
102
{ACAD_REACTORS
330
FE
102
}
100
AcDbEntity
  8
Z0_RUBBER
370
        25
  6
Continuous
 62
         2
100
AcDbCircle
 10
14.975
 20
10.6696698519
 30
0.0
 40
0.4
  0
CIRCLE
  5
FF
102
{ACAD_REACTORS
330
101
102
}
100
AcDbEntity
  8
Z0_RUBBER
370
        25
  6
Continuous
 62
         2
100
AcDbCircle
 10
13.1205582874
 20
9.6320423009
 30
0.0
 40
0.4
  0
CIRCLE
  5
100
102
{ACAD_REACTORS
330
101
102
}
100
AcDbEntity
  8
Z0_RUBBER
370
        25
  6
Continuous
 62
         2
100
AcDbCircle
 10
13.1205582874
 20
9.6320423009
 30
0.0
 40
0.215
  0
CIRCLE
  5
102
102
{ACAD_REACTORS
330
108
102
}
100
AcDbEntity
  8
Z0_CUT500
370
        25
  6
Continuous
 62
         5
100
AcDbCircle
 10
14.3566914386
 20
12.6684297797
 30
0.0
 40
0.234375
  0
LINE
  5
103
102
{ACAD_REACTORS
330
108
102
}
100
AcDbEntity
  8
Z0_CUT500
370
        25
  6
Continuous
 62
         5
100
AcDbLine
 10
14.3405784747
 20
11.8069090756
 30
0.0
 11
13.8565356386
 21
12.0258362217
 31
0.0
  0
CIRCLE
  5
104
102
{ACAD_REACTORS
330
108
102
}
100
AcDbEntity
  8
Z0_CUT500
370
        25
  6
Continuous
 62
         5
100
AcDbCircle
 10
13.5110819848
 20
10.7988069125
 30
0.0
 40
0.234375
  0
LINE
  5
105
102
{ACAD_REACTORS
330
108
102
}
100
AcDbEntity
  8
Z0_CUT500
370
        25
  6
Continuous
 62
         5
100
AcDbLine
 10
14.1474074636
 20
11.3798124554
 30
0.0
 11
13.6633646274
 21
11.5987396015
 31
0.0
  0
ARC
  5
106
102
{ACAD_REACTORS
330
108
102
}
100
AcDbEntity
  8
Z0_CUT500
370
        25
  6
Continuous
 62
         5
100
AcDbCircle
 10
13.7599501331
 20
11.8122879116
 30
0.0
 40
0.234375
100
AcDbArc
 50
65.6632939502
 51
-114.3367060852
  0
ARC
  5
107
102
{ACAD_REACTORS
330
108
102
}
100
AcDbEntity
  8
Z0_CUT500
370
        25
  6
Continuous
 62
         5
100
AcDbCircle
 10
14.2439929691
 20
11.5933607655
 30
0.0
 40
0.234375
100
AcDbArc
 50
-114.3367060498
 51
65.6632939148
  0
LINE
  5
109
100
AcDbEntity
  8
Z0_WOODOUTLINE
370
        25
  6
Continuous
 62
         5
100
AcDbLine
 10
1.5000843342
 20
-0.0
 30
0.0
 11
4.8583772464
 21
0.0
 31
0.0
  0
CIRCLE
  5
10A
100
AcDbEntity
  8
Z0_CUT500
370
        25
  6
Continuous
 62
         5
100
AcDbCircle
 10
0.2500294415
 20
21.0
 30
0.0
 40
0.0625
  0
LINE
  5
10B
100
AcDbEntity
  8
Z0_WOODOUTLINE
370
        25
  6
Continuous
 62
         5
100
AcDbLine
 10
1.5000843342
 20
-0.0
 30
0.0
 11
1.5000843342
 21
3.3524763391
 31
0.0
  0
LINE
  5
10C
100
AcDbEntity
  8
Z0_WOODOUTLINE
370
        25
  6
Continuous
 62
         5
100
AcDbLine
 10
8.7342477841
 20
2.6837375256
 30
0.0
 11
10.9773710046
 21
0.0
 31
0.0
  0
LINE
  5
10D
100
AcDbEntity
  8
Z0_WOODOUTLINE
370
        25
  6
Continuous
 62
         5
100
AcDbLine
 10
4.8583772464
 20
0.0
 30
0.0
 11
4.8583772464
 21
2.5234100206
 31
0.0
  0
ARC
  5
10E
100
AcDbEntity
  8
Z0_WOODOUTLINE
370
        25
  6
Continuous
 62
         5
100
AcDbCircle
 10
1.2500843342
 20
3.3524763391
 30
0.0
 40
0.25
100
AcDbArc
 50
0.0
 51
90.0
  0
LINE
  5
10F
100
AcDbEntity
  8
Z0_WOODOUTLINE
370
        25
  6
Continuous
 62
         5
100
AcDbLine
 10
1.2500843342
 20
3.6024763391
 30
0.0
 11
0.0000843342
 21
3.6024763391
 31
0.0
  0
ARC
  5
110
100
AcDbEntity
  8
Z0_WOODOUTLINE
370
        25
  6
Continuous
 62
         5
100
AcDbCircle
 10
5.1083772464
 20
2.5234100206
 30
0.0
 40
0.25
100
AcDbArc
 50
90.0
 51
180.0
  0
LINE
  5
111
100
AcDbEntity
  8
Z0_WOODOUTLINE
370
        25
  6
Continuous
 62
         5
100
AcDbLine
 10
5.1083772464
 20
2.7734100206
 30
0.0
 11
8.5424273181
 21
2.7734100206
 31
0.0
  0
ARC
  5
112
100
AcDbEntity
  8
Z0_WOODOUTLINE
370
        25
  6
Continuous
 62
         5
100
AcDbCircle
 10
8.5424273181
 20
2.5234100206
 30
0.0
 40
0.25
100
AcDbArc
 50
39.8895738737
 51
90.0
  0
CIRCLE
  5
113
100
AcDbEntity
  8
Z0_CUT500
370
        25
  6
Continuous
 62
         5
100
AcDbCircle
 10
0.2500843342
 20
5.1024763391
 30
0.0
 40
0.0625
  0
CIRCLE
  5
114
100
AcDbEntity
  8
Z0_CUT500
370
        25
  6
Continuous
 62
         5
100
AcDbCircle
 10
0.2500294415
 20
15.0
 30
0.0
 40
0.0625
  0
CIRCLE
  5
115
100
AcDbEntity
  8
Z0_CUT500
370
        25
  6
Continuous
 62
         5
100
AcDbCircle
 10
0.2500294415
 20
9.0
 30
0.0
 40
0.0625
  0
CIRCLE
  5
116
100
AcDbEntity
  8
Z0_CUT500
370
        25
  6
Continuous
 62
         5
100
AcDbCircle
 10
2.1250019952
 20
3.155
 30
0.0
 40
0.1225
  0
CIRCLE
  5
117
100
AcDbEntity
  8
Z0_CUT500
370
        25
  6
Continuous
 62
         5
100
AcDbCircle
 10
1.8750019952
 20
1.78
 30
0.0
 40
0.1225
  0
CIRCLE
  5
118
100
AcDbEntity
  8
Z0_CUT500
370
        25
  6
Continuous
 62
         5
100
AcDbCircle
 10
1.8750019952
 20
0.78
 30
0.0
 40
0.1225
  0
LINE
  5
119
102
{ACAD_REACTORS
330
124
102
}
100
AcDbEntity
  8
Z0_BOTCOMP
370
        25
  6
Continuous
 62
         4
100
AcDbLine
 10
1.5070618831
 20
1.7075771175
 30
0.0
 11
1.5806740424
 21
1.7500771175
 31
0.0
  0
LINE
  5
11A
102
{ACAD_REACTORS
330
124
102
}
100
AcDbEntity
  8
Z0_BOTCOMP
370
        25
  6
Continuous
 62
         4
100
AcDbLine
 10
1.5806740424
 20
1.7500771175
 30
0.0
 11
1.5111047263
 21
1.8705747077
 31
0.0
  0
LINE
  5
11B
102
{ACAD_REACTORS
330
124
102
}
100
AcDbEntity
  8
Z0_BOTCOMP
370
        25
  6
Continuous
 62
         4
100
AcDbLine
 10
2.1216921073
 20
1.4975659571
 30
0.0
 11
2.048079948
 21
1.5400659571
 31
0.0
  0
LINE
  5
11C
102
{ACAD_REACTORS
330
124
102
}
100
AcDbEntity
  8
Z0_BOTCOMP
370
        25
  6
Continuous
 62
         4
100
AcDbLine
 10
2.048079948
 20
1.5400659571
 30
0.0
 11
1.9785106319
 21
1.4195683669
 31
0.0
  0
LINE
  5
11D
102
{ACAD_REACTORS
330
124
102
}
100
AcDbEntity
  8
Z0_BOTCOMP
370
        25
  6
Continuous
 62
         4
100
AcDbLine
 10
1.9962519952
 20
2.0498569254
 30
0.0
 11
2.1353906275
 21
2.0498569254
 31
0.0
  0
LINE
  5
11E
102
{ACAD_REACTORS
330
124
102
}
100
AcDbEntity
  8
Z0_BOTCOMP
370
        25
  6
Continuous
 62
         4
100
AcDbLine
 10
1.9962519952
 20
2.1348569254
 30
0.0
 11
1.9962519952
 21
2.0498569254
 31
0.0
  0
CIRCLE
  5
11F
102
{ACAD_REACTORS
330
124
102
}
100
AcDbEntity
  8
Z0_BOTCOMP
370
        25
  6
Continuous
 62
         4
100
AcDbCircle
 10
1.8750019952
 20
1.78
 30
0.0
 40
0.12125
  0
ARC
  5
120
102
{ACAD_REACTORS
330
124
102
}
100
AcDbEntity
  8
Z0_BOTCOMP
370
        25
  6
Continuous
 62
         4
100
AcDbCircle
 10
1.8750019952
 20
1.78
 30
0.0
 40
0.375
100
AcDbArc
 50
-48.8646310311
 51
46.0229894052
  0
ARC
  5
121
102
{ACAD_REACTORS
330
124
102
}
100
AcDbEntity
  8
Z0_BOTCOMP
370
        25
  6
Continuous
 62
         4
100
AcDbCircle
 10
1.8750019952
 20
1.78
 30
0.0
 40
0.375
100
AcDbArc
 50
-168.8646310311
 51
-73.9770105947
  0
ARC
  5
122
102
{ACAD_REACTORS
330
124
102
}
100
AcDbEntity
  8
Z0_BOTCOMP
370
        25
  6
Continuous
 62
         4
100
AcDbCircle
 10
1.8750019952
 20
1.78
 30
0.0
 40
0.375
100
AcDbArc
 50
71.1353689689
 51
166.0229894053
  0
CIRCLE
  5
123
102
{ACAD_REACTORS
330
124
102
}
100
AcDbEntity
  8
Z0_BOTCOMP
370
        25
  6
Continuous
 62
         4
100
AcDbCircle
 10
1.8750019952
 20
1.78
 30
0.0
 40
0.0835
  0
LINE
  5
125
102
{ACAD_REACTORS
330
130
102
}
100
AcDbEntity
  8
Z0_BOTCOMP
370
        25
  6
Continuous
 62
         4
100
AcDbLine
 10
1.5070618831
 20
0.7075771175
 30
0.0
 11
1.5806740424
 21
0.7500771175
 31
0.0
  0
LINE
  5
126
102
{ACAD_REACTORS
330
130
102
}
100
AcDbEntity
  8
Z0_BOTCOMP
370
        25
  6
Continuous
 62
         4
100
AcDbLine
 10
1.5806740424
 20
0.7500771175
 30
0.0
 11
1.5111047263
 21
0.8705747077
 31
0.0
  0
LINE
  5
127
102
{ACAD_REACTORS
330
130
102
}
100
AcDbEntity
  8
Z0_BOTCOMP
370
        25
  6
Continuous
 62
         4
100
AcDbLine
 10
2.1216921073
 20
0.4975659571
 30
0.0
 11
2.048079948
 21
0.5400659571
 31
0.0
  0
LINE
  5
128
102
{ACAD_REACTORS
330
130
102
}
100
AcDbEntity
  8
Z0_BOTCOMP
370
        25
  6
Continuous
 62
         4
100
AcDbLine
 10
2.048079948
 20
0.5400659571
 30
0.0
 11
1.9785106319
 21
0.4195683669
 31
0.0
  0
LINE
  5
129
102
{ACAD_REACTORS
330
130
102
}
100
AcDbEntity
  8
Z0_BOTCOMP
370
        25
  6
Continuous
 62
         4
100
AcDbLine
 10
1.9962519952
 20
1.0498569254
 30
0.0
 11
2.1353906275
 21
1.0498569254
 31
0.0
  0
LINE
  5
12A
102
{ACAD_REACTORS
330
130
102
}
100
AcDbEntity
  8
Z0_BOTCOMP
370
        25
  6
Continuous
 62
         4
100
AcDbLine
 10
1.9962519952
 20
1.1348569254
 30
0.0
 11
1.9962519952
 21
1.0498569254
 31
0.0
  0
CIRCLE
  5
12B
102
{ACAD_REACTORS
330
130
102
}
100
AcDbEntity
  8
Z0_BOTCOMP
370
        25
  6
Continuous
 62
         4
100
AcDbCircle
 10
1.8750019952
 20
0.78
 30
0.0
 40
0.12125
  0
ARC
  5
12C
102
{ACAD_REACTORS
330
130
102
}
100
AcDbEntity
  8
Z0_BOTCOMP
370
        25
  6
Continuous
 62
         4
100
AcDbCircle
 10
1.8750019952
 20
0.78
 30
0.0
 40
0.375
100
AcDbArc
 50
-48.8646310311
 51
46.0229894052
  0
ARC
  5
12D
102
{ACAD_REACTORS
330
130
102
}
100
AcDbEntity
  8
Z0_BOTCOMP
370
        25
  6
Continuous
 62
         4
100
AcDbCircle
 10
1.8750019952
 20
0.78
 30
0.0
 40
0.375
100
AcDbArc
 50
-168.8646310311
 51
-73.9770105947
  0
ARC
  5
12E
102
{ACAD_REACTORS
330
130
102
}
100
AcDbEntity
  8
Z0_BOTCOMP
370
        25
  6
Continuous
 62
         4
100
AcDbCircle
 10
1.8750019952
 20
0.78
 30
0.0
 40
0.375
100
AcDbArc
 50
71.1353689689
 51
166.0229894053
  0
CIRCLE
  5
12F
102
{ACAD_REACTORS
330
130
102
}
100
AcDbEntity
  8
Z0_BOTCOMP
370
        25
  6
Continuous
 62
         4
100
AcDbCircle
 10
1.8750019952
 20
0.78
 30
0.0
 40
0.0835
  0
CIRCLE
  5
131
100
AcDbEntity
  8
Z0_CUT500
370
        25
  6
Continuous
 62
         5
100
AcDbCircle
 10
0.2500294415
 20
27.0
 30
0.0
 40
0.0625
  0
LINE
  5
132
102
{ACAD_REACTORS
330
13F
102
}
100
AcDbEntity
  8
Z0_TOPCOMP
370
        25
  6
Continuous
 62
         6
100
AcDbLine
 10
7.8328865248
 20
5.7661506714
 30
0.0
 11
5.8802890302
 21
7.3300824289
 31
0.0
  0
LINE
  5
133
102
{ACAD_REACTORS
330
13F
102
}
100
AcDbEntity
  8
Z0_TOPCOMP
370
        25
  6
Continuous
 62
         6
100
AcDbLine
 10
7.5191901095
 20
5.3064613455
 30
0.0
 11
5.3510605347
 21
6.5545533552
 31
0.0
  0
ARC
  5
134
102
{ACAD_REACTORS
330
13F
102
}
100
AcDbEntity
  8
Z0_TOPCOMP
370
        25
  6
Continuous
 62
         6
100
AcDbCircle
 10
5.5859539464
 20
6.9625996763
 30
0.0
 40
0.4708255675
100
AcDbArc
 50
51.3070390493
 51
-119.9270456786
  0
ARC
  5
135
102
{ACAD_REACTORS
330
13F
102
}
100
AcDbEntity
  8
Z0_TOPCOMP
370
        25
  6
Continuous
 62
         6
100
AcDbCircle
 10
5.5859539464
 20
6.9625996763
 30
0.0
 40
0.3563678145
100
AcDbArc
 50
51.3070390493
 51
-119.9270456786
  0
ARC
  5
136
102
{ACAD_REACTORS
330
13F
102
}
100
AcDbEntity
  8
Z0_TOPCOMP
370
        25
  6
Continuous
 62
         6
100
AcDbCircle
 10
5.5859539464
 20
6.9625996763
 30
0.0
 40
0.2946859661
100
AcDbArc
 50
51.3070390493
 51
-119.9270456786
  0
ARC
  5
137
102
{ACAD_REACTORS
330
13F
102
}
100
AcDbEntity
  8
Z0_TOPCOMP
370
        25
  6
Continuous
 62
         6
100
AcDbCircle
 10
7.6584215036
 20
5.5483278914
 30
0.0
 40
0.2790784964
100
AcDbArc
 50
-119.9270456786
 51
51.3070390493
  0
ARC
  5
138
102
{ACAD_REACTORS
330
13F
102
}
100
AcDbEntity
  8
Z0_TOPCOMP
370
        25
  6
Continuous
 62
         6
100
AcDbCircle
 10
7.6584215036
 20
5.5483278914
 30
0.0
 40
0.1763775123
100
AcDbArc
 50
-119.9270456786
 51
51.3070390493
  0
ARC
  5
139
102
{ACAD_REACTORS
330
13F
102
}
100
AcDbEntity
  8
Z0_TOPCOMP
370
        25
  6
Continuous
 62
         6
100
AcDbCircle
 10
7.6584215036
 20
5.5483278914
 30
0.0
 40
0.127949224
100
AcDbArc
 50
-119.9270456786
 51
51.3070390493
  0
LINE
  5
13A
102
{ACAD_REACTORS
330
13F
102
}
100
AcDbEntity
  8
Z0_TOPCOMP
370
        25
  6
Continuous
 62
         6
100
AcDbLine
 10
5.8087361354
 20
7.2407473268
 30
0.0
 11
7.7686833361
 21
5.6859918123
 31
0.0
  0
LINE
  5
13B
102
{ACAD_REACTORS
330
13F
102
}
100
AcDbEntity
  8
Z0_TOPCOMP
370
        25
  6
Continuous
 62
         6
100
AcDbLine
 10
5.7701759269
 20
7.1926041991
 30
0.0
 11
7.738408548
 21
5.6481931839
 31
0.0
  0
LINE
  5
13C
102
{ACAD_REACTORS
330
13F
102
}
100
AcDbEntity
  8
Z0_TOPCOMP
370
        25
  6
Continuous
 62
         6
100
AcDbLine
 10
5.4389360342
 20
6.7072067396
 30
0.0
 11
7.5945880336
 21
5.4374392444
 31
0.0
  0
LINE
  5
13D
102
{ACAD_REACTORS
330
13F
102
}
100
AcDbEntity
  8
Z0_TOPCOMP
370
        25
  6
Continuous
 62
         6
100
AcDbLine
 10
5.4081631518
 20
6.6537494657
 30
0.0
 11
7.5704273112
 21
5.3954683188
 31
0.0
  0
CIRCLE
  5
13E
102
{ACAD_REACTORS
330
13F
102
}
100
AcDbEntity
  8
Z0_TOPCOMP
370
        25
  6
Continuous
 62
         6
100
AcDbCircle
 10
5.5859539464
 20
6.9625996763
 30
0.0
 40
0.125
  0
LINE
  5
140
102
{ACAD_REACTORS
330
167
102
}
100
AcDbEntity
  8
Z0_BOTCOMP
370
         5
  6
Continuous
 62
         4
100
AcDbLine
 10
13.0682562877
 20
6.3010717127
 30
0.0
 11
14.4907713259
 21
7.0258793269
 31
0.0
  0
LINE
  5
141
102
{ACAD_REACTORS
330
167
102
}
100
AcDbEntity
  8
Z0_BOTCOMP
370
         5
  6
Continuous
 62
         4
100
AcDbLine
 10
13.067751978
 20
7.1046074377
 30
0.0
 11
12.5103401292
 21
6.8205919149
 31
0.0
  0
LINE
  5
142
102
{ACAD_REACTORS
330
167
102
}
100
AcDbEntity
  8
Z0_BOTCOMP
370
         5
  6
Continuous
 62
         4
100
AcDbLine
 10
11.2090053075
 20
6.201903004
 30
0.0
 11
10.7140235857
 21
5.9496972197
 31
0.0
  0
LINE
  5
143
102
{ACAD_REACTORS
330
167
102
}
100
AcDbEntity
  8
Z0_BOTCOMP
370
         5
  6
Continuous
 62
         4
100
AcDbLine
 10
11.0571143373
 20
5.2763437064
 30
0.0
 11
11.552096059
 21
5.5285494906
 31
0.0
  0
LINE
  5
144
102
{ACAD_REACTORS
330
167
102
}
100
AcDbEntity
  8
Z0_BOTCOMP
370
         5
  6
Continuous
 62
         4
100
AcDbLine
 10
11.6867244385
 20
5.4848060785
 30
0.0
 11
11.7821536541
 21
5.2975156973
 31
0.0
  0
LINE
  5
145
102
{ACAD_REACTORS
330
167
102
}
100
AcDbEntity
  8
Z0_BOTCOMP
370
         5
  6
Continuous
 62
         4
100
AcDbLine
 10
12.6412622413
 20
10.6557452863
 30
0.0
 11
11.2276657928
 21
9.9354819204
 31
0.0
  0
LINE
  5
146
102
{ACAD_REACTORS
330
167
102
}
100
AcDbEntity
  8
Z0_BOTCOMP
370
         5
  6
Continuous
 62
         4
100
AcDbLine
 10
11.2527487196
 20
6.3365313834
 30
0.0
 11
10.1803061055
 21
8.4413185245
 31
0.0
  0
LINE
  5
147
102
{ACAD_REACTORS
330
167
102
}
100
AcDbEntity
  8
Z0_BOTCOMP
370
         5
  6
Continuous
 62
         4
100
AcDbLine
 10
14.1476805743
 20
7.6992328403
 30
0.0
 11
13.6526988526
 21
7.447027056
 31
0.0
  0
LINE
  5
148
102
{ACAD_REACTORS
330
167
102
}
100
AcDbEntity
  8
Z0_BOTCOMP
370
         5
  6
Continuous
 62
         4
100
AcDbLine
 10
14.4907713259
 20
7.0258793269
 30
0.0
 11
14.1476805743
 21
7.6992328403
 31
0.0
  0
LINE
  5
149
102
{ACAD_REACTORS
330
167
102
}
100
AcDbEntity
  8
Z0_BOTCOMP
370
         5
  6
Continuous
 62
         4
100
AcDbLine
 10
11.0571143373
 20
5.2763437064
 30
0.0
 11
10.7140235857
 21
5.9496972197
 31
0.0
  0
LINE
  5
14A
102
{ACAD_REACTORS
330
167
102
}
100
AcDbEntity
  8
Z0_BOTCOMP
370
         5
  6
Continuous
 62
         4
100
AcDbLine
 10
9.7463303866
 20
9.2930438295
 30
0.0
 11
9.4782197331
 21
9.8192406147
 31
0.0
  0
LINE
  5
14B
102
{ACAD_REACTORS
330
167
102
}
100
AcDbEntity
  8
Z0_BOTCOMP
370
         5
  6
Continuous
 62
         4
100
AcDbLine
 10
9.7025869745
 20
9.15841545
 30
0.0
 11
9.2076052527
 21
8.9062096658
 31
0.0
  0
LINE
  5
14C
102
{ACAD_REACTORS
330
167
102
}
100
AcDbEntity
  8
Z0_BOTCOMP
370
         5
  6
Continuous
 62
         4
100
AcDbLine
 10
9.5506960043
 20
8.2328561524
 30
0.0
 11
10.045677726
 21
8.4850619367
 31
0.0
  0
LINE
  5
14D
102
{ACAD_REACTORS
330
167
102
}
100
AcDbEntity
  8
Z0_BOTCOMP
370
         5
  6
Continuous
 62
         4
100
AcDbLine
 10
9.5506960043
 20
8.2328561524
 30
0.0
 11
9.2076052527
 21
8.9062096658
 31
0.0
  0
ARC
  5
14E
102
{ACAD_REACTORS
330
167
102
}
100
AcDbEntity
  8
Z0_BOTCOMP
370
        25
  6
Continuous
 62
         4
100
AcDbCircle
 10
11.1635628238
 20
6.2910888998
 30
0.0
 40
0.1000956709
100
AcDbArc
 50
-63.0
 51
27.0
  0
ARC
  5
14F
102
{ACAD_REACTORS
330
167
102
}
100
AcDbEntity
  8
Z0_BOTCOMP
370
        25
  6
Continuous
 62
         4
100
AcDbCircle
 10
10.0911202097
 20
8.3958760409
 30
0.0
 40
0.1000956709
100
AcDbArc
 50
26.9999999997
 51
117.0000000001
  0
ARC
  5
150
102
{ACAD_REACTORS
330
167
102
}
100
AcDbEntity
  8
Z0_BOTCOMP
370
        25
  6
Continuous
 62
         4
100
AcDbCircle
 10
9.6571444908
 20
9.2476013458
 30
0.0
 40
0.1000956709
100
AcDbArc
 50
-63.0
 51
27.0000000001
  0
ARC
  5
151
102
{ACAD_REACTORS
330
167
102
}
100
AcDbEntity
  8
Z0_BOTCOMP
370
        25
  6
Continuous
 62
         4
100
AcDbCircle
 10
11.1822233091
 20
10.0246678162
 30
0.0
 40
0.1000956709
100
AcDbArc
 50
-152.9999999993
 51
-63.0
  0
ARC
  5
152
102
{ACAD_REACTORS
330
167
102
}
100
AcDbEntity
  8
Z0_BOTCOMP
370
        25
  6
Continuous
 62
         4
100
AcDbCircle
 10
12.5348137548
 20
9.6410000929
 30
0.0
 40
0.1000956709
100
AcDbArc
 50
117.0000000002
 51
-153.0
  0
ARC
  5
153
102
{ACAD_REACTORS
330
167
102
}
100
AcDbEntity
  8
Z0_BOTCOMP
370
        25
  6
Continuous
 62
         4
100
AcDbCircle
 10
13.6072563689
 20
7.5362129518
 30
0.0
 40
0.1000956709
100
AcDbArc
 50
-153.0000000001
 51
-63.0
  0
ARC
  5
154
102
{ACAD_REACTORS
330
167
102
}
100
AcDbEntity
  8
Z0_BOTCOMP
370
        25
  6
Continuous
 62
         4
100
AcDbCircle
 10
13.1136987714
 20
6.2118858169
 30
0.0
 40
0.1000956709
100
AcDbArc
 50
117.0
 51
-152.9999999998
  0
ARC
  5
155
102
{ACAD_REACTORS
330
167
102
}
100
AcDbEntity
  8
Z0_BOTCOMP
370
        25
  6
Continuous
 62
         4
100
AcDbCircle
 10
11.5975385427
 20
5.4393635948
 30
0.0
 40
0.1000956709
100
AcDbArc
 50
26.9999999997
 51
117.0000000001
  0
CIRCLE
  5
156
102
{ACAD_REACTORS
330
167
102
}
100
AcDbEntity
  8
Z0_BOTCOMP
370
        25
  6
Continuous
 62
         4
100
AcDbCircle
 10
12.5616167624
 20
10.3932923924
 30
0.0
 40
0.069
  0
CIRCLE
  5
157
102
{ACAD_REACTORS
330
167
102
}
100
AcDbEntity
  8
Z0_BOTCOMP
370
        25
  6
Continuous
 62
         4
100
AcDbCircle
 10
12.7320260761
 20
10.0588452831
 30
0.0
 40
0.069
  0
CIRCLE
  5
158
102
{ACAD_REACTORS
330
167
102
}
100
AcDbEntity
  8
Z0_BOTCOMP
370
        25
  6
Continuous
 62
         4
100
AcDbCircle
 10
9.466748542
 20
8.8163782712
 30
0.0
 40
0.069
  0
CIRCLE
  5
159
102
{ACAD_REACTORS
330
167
102
}
100
AcDbEntity
  8
Z0_BOTCOMP
370
        25
  6
Continuous
 62
         4
100
AcDbCircle
 10
9.6371578557
 20
8.481931162
 30
0.0
 40
0.069
  0
CIRCLE
  5
15A
102
{ACAD_REACTORS
330
167
102
}
100
AcDbEntity
  8
Z0_BOTCOMP
370
        25
  6
Continuous
 62
         4
100
AcDbCircle
 10
10.9664093204
 20
5.8732736788
 30
0.0
 40
0.069
  0
CIRCLE
  5
15B
102
{ACAD_REACTORS
330
167
102
}
100
AcDbEntity
  8
Z0_BOTCOMP
370
        25
  6
Continuous
 62
         4
100
AcDbCircle
 10
11.1368186341
 20
5.5388265695
 30
0.0
 40
0.069
  0
CIRCLE
  5
15C
102
{ACAD_REACTORS
330
167
102
}
100
AcDbEntity
  8
Z0_BOTCOMP
370
        25
  6
Continuous
 62
         4
100
AcDbCircle
 10
14.2316280366
 20
7.1157107214
 30
0.0
 40
0.069
  0
CIRCLE
  5
15D
102
{ACAD_REACTORS
330
167
102
}
100
AcDbEntity
  8
Z0_BOTCOMP
370
        25
  6
Continuous
 62
         4
100
AcDbCircle
 10
14.0612187229
 20
7.4501578307
 30
0.0
 40
0.069
  0
LINE
  5
15E
102
{ACAD_REACTORS
330
167
102
}
100
AcDbEntity
  8
Z0_BOTCOMP
370
         5
  6
Continuous
 62
         4
100
AcDbLine
 10
12.4893712711
 20
9.7301859887
 30
0.0
 11
12.9843529929
 21
9.9823917729
 31
0.0
  0
LINE
  5
15F
102
{ACAD_REACTORS
330
167
102
}
100
AcDbEntity
  8
Z0_BOTCOMP
370
         5
  6
Continuous
 62
         4
100
AcDbLine
 10
12.6412622413
 20
10.6557452863
 30
0.0
 11
12.9843529929
 21
9.9823917729
 31
0.0
  0
LINE
  5
160
102
{ACAD_REACTORS
330
167
102
}
100
AcDbEntity
  8
Z0_BOTCOMP
370
         5
  6
Continuous
 62
         4
100
AcDbLine
 10
11.7398921443
 20
5.3804585804
 30
0.0
 11
13.0776805815
 21
6.0620958351
 31
0.0
  0
LINE
  5
161
102
{ACAD_REACTORS
330
167
102
}
100
AcDbEntity
  8
Z0_BOTCOMP
370
         5
  6
Continuous
 62
         4
100
AcDbLine
 10
11.7821536541
 20
5.2975156973
 30
0.0
 11
13.1199420913
 21
5.979152952
 31
0.0
  0
LINE
  5
162
102
{ACAD_REACTORS
330
167
102
}
100
AcDbEntity
  8
Z0_BOTCOMP
370
         5
  6
Continuous
 62
         4
100
AcDbLine
 10
9.4782197331
 20
9.8192406147
 30
0.0
 11
10.8249267598
 21
10.5054221179
 31
0.0
  0
LINE
  5
163
102
{ACAD_REACTORS
330
167
102
}
100
AcDbEntity
  8
Z0_BOTCOMP
370
         5
  6
Continuous
 62
         4
100
AcDbLine
 10
12.931053815
 20
6.6838937519
 30
0.0
 11
12.6470382922
 21
7.2413056007
 31
0.0
  0
LINE
  5
164
102
{ACAD_REACTORS
330
167
102
}
100
AcDbEntity
  8
Z0_BOTCOMP
370
         5
  6
Continuous
 62
         4
100
AcDbLine
 10
13.5180704731
 20
7.4907704682
 30
0.0
 11
12.445627859
 21
9.5955576092
 31
0.0
  0
LINE
  5
165
102
{ACAD_REACTORS
330
167
102
}
100
AcDbEntity
  8
Z0_BOTCOMP
370
         5
  6
Continuous
 62
         4
100
AcDbLine
 10
10.8249267598
 20
10.5054221179
 30
0.0
 11
11.0930374133
 21
9.9792253326
 31
0.0
  0
LINE
  5
166
102
{ACAD_REACTORS
330
167
102
}
100
AcDbEntity
  8
Z0_BOTCOMP
370
         5
  6
Continuous
 62
         4
100
AcDbLine
 10
13.1199420913
 20
5.979152952
 30
0.0
 11
13.0245128756
 21
6.1664433332
 31
0.0
  0
LINE
  5
168
102
{ACAD_REACTORS
330
175
102
}
100
AcDbEntity
  8
Z0_TOPCOMP
370
        25
  6
Continuous
 62
         6
100
AcDbLine
 10
10.5421134752
 20
5.7661506714
 30
0.0
 11
12.4947109698
 21
7.3300824289
 31
0.0
  0
LINE
  5
169
102
{ACAD_REACTORS
330
175
102
}
100
AcDbEntity
  8
Z0_TOPCOMP
370
        25
  6
Continuous
 62
         6
100
AcDbLine
 10
10.8558098905
 20
5.3064613455
 30
0.0
 11
13.0239394653
 21
6.5545533552
 31
0.0
  0
ARC
  5
16A
102
{ACAD_REACTORS
330
175
102
}
100
AcDbEntity
  8
Z0_TOPCOMP
370
        25
  6
Continuous
 62
         6
100
AcDbCircle
 10
12.7890460536
 20
6.9625996763
 30
0.0
 40
0.4708255675
100
AcDbArc
 50
-60.0729543214
 51
128.6929609507
  0
ARC
  5
16B
102
{ACAD_REACTORS
330
175
102
}
100
AcDbEntity
  8
Z0_TOPCOMP
370
        25
  6
Continuous
 62
         6
100
AcDbCircle
 10
12.7890460536
 20
6.9625996763
 30
0.0
 40
0.3563678145
100
AcDbArc
 50
-60.0729543214
 51
128.6929609507
  0
ARC
  5
16C
102
{ACAD_REACTORS
330
175
102
}
100
AcDbEntity
  8
Z0_TOPCOMP
370
        25
  6
Continuous
 62
         6
100
AcDbCircle
 10
12.7890460536
 20
6.9625996763
 30
0.0
 40
0.2946859661
100
AcDbArc
 50
-60.0729543214
 51
128.6929609507
  0
ARC
  5
16D
102
{ACAD_REACTORS
330
175
102
}
100
AcDbEntity
  8
Z0_TOPCOMP
370
        25
  6
Continuous
 62
         6
100
AcDbCircle
 10
10.7165784964
 20
5.5483278914
 30
0.0
 40
0.2790784964
100
AcDbArc
 50
128.6929609507
 51
-60.0729543214
  0
ARC
  5
16E
102
{ACAD_REACTORS
330
175
102
}
100
AcDbEntity
  8
Z0_TOPCOMP
370
        25
  6
Continuous
 62
         6
100
AcDbCircle
 10
10.7165784964
 20
5.5483278914
 30
0.0
 40
0.1763775123
100
AcDbArc
 50
128.6929609507
 51
-60.0729543214
  0
ARC
  5
16F
102
{ACAD_REACTORS
330
175
102
}
100
AcDbEntity
  8
Z0_TOPCOMP
370
        25
  6
Continuous
 62
         6
100
AcDbCircle
 10
10.7165784964
 20
5.5483278914
 30
0.0
 40
0.127949224
100
AcDbArc
 50
128.6929609507
 51
-60.0729543214
  0
LINE
  5
170
102
{ACAD_REACTORS
330
175
102
}
100
AcDbEntity
  8
Z0_TOPCOMP
370
        25
  6
Continuous
 62
         6
100
AcDbLine
 10
12.5662638646
 20
7.2407473268
 30
0.0
 11
10.6063166639
 21
5.6859918123
 31
0.0
  0
LINE
  5
171
102
{ACAD_REACTORS
330
175
102
}
100
AcDbEntity
  8
Z0_TOPCOMP
370
        25
  6
Continuous
 62
         6
100
AcDbLine
 10
12.6048240731
 20
7.1926041991
 30
0.0
 11
10.636591452
 21
5.6481931839
 31
0.0
  0
LINE
  5
172
102
{ACAD_REACTORS
330
175
102
}
100
AcDbEntity
  8
Z0_TOPCOMP
370
        25
  6
Continuous
 62
         6
100
AcDbLine
 10
12.9360639658
 20
6.7072067396
 30
0.0
 11
10.7804119664
 21
5.4374392444
 31
0.0
  0
LINE
  5
173
102
{ACAD_REACTORS
330
175
102
}
100
AcDbEntity
  8
Z0_TOPCOMP
370
        25
  6
Continuous
 62
         6
100
AcDbLine
 10
12.9668368482
 20
6.6537494657
 30
0.0
 11
10.8045726888
 21
5.3954683188
 31
0.0
  0
CIRCLE
  5
174
102
{ACAD_REACTORS
330
175
102
}
100
AcDbEntity
  8
Z0_TOPCOMP
370
        25
  6
Continuous
 62
         6
100
AcDbCircle
 10
12.7890460536
 20
6.9625996763
 30
0.0
 40
0.125
  0
CIRCLE
  5
176
100
AcDbEntity
  8
Z0_CUT500
370
        25
  6
Continuous
 62
         5
100
AcDbCircle
 10
14.8502329291
 20
12.0677487841
 30
0.0
 40
0.234375
  0
CIRCLE
  5
177
100
AcDbEntity
  8
Z0_CUT500
370
        25
  6
Continuous
 62
         5
100
AcDbCircle
 10
14.0477791437
 20
10.3058656934
 30
0.0
 40
0.234375
  0
CIRCLE
  5
178
100
AcDbEntity
  8
Z0_CUT500
370
        25
  6
Continuous
 62
         5
100
AcDbCircle
 10
14.975
 20
10.6696698519
 30
0.0
 40
0.0825
  0
CIRCLE
  5
179
100
AcDbEntity
  8
Z0_CUT500
370
        25
  6
Continuous
 62
         5
100
AcDbCircle
 10
13.1205582874
 20
9.6320423009
 30
0.0
 40
0.0825
  0
CIRCLE
  5
17A
100
AcDbEntity
  8
Z0_CUT500
370
        25
  6
Continuous
 62
         5
100
AcDbCircle
 10
14.975
 20
13.7321698519
 30
0.0
 40
0.0825
  0
CIRCLE
  5
17B
100
AcDbEntity
  8
Z0_TOPCOMP
370
        25
  6
Continuous
 62
         6
100
AcDbCircle
 10
13.1205582874
 20
9.6320423009
 30
0.0
 40
0.35
  0
CIRCLE
  5
17C
100
AcDbEntity
  8
Z0_TOPCOMP
370
        25
  6
Continuous
 62
         6
100
AcDbCircle
 10
14.975
 20
10.6696698519
 30
0.0
 40
0.35
  0
CIRCLE
  5
17D
100
AcDbEntity
  8
Z0_TOPCOMP
370
        25
  6
Continuous
 62
         6
100
AcDbCircle
 10
14.975
 20
13.7321698519
 30
0.0
 40
0.35
  0
ARC
  5
17E
102
{ACAD_REACTORS
330
189
102
}
100
AcDbEntity
  8
Z0_BOTCOMP
370
        25
  6
Continuous
 62
         4
100
AcDbCircle
 10
14.975
 20
13.7321698519
 30
0.0
 40
0.285
100
AcDbArc
 50
15.4320713506
 51
90.0
  0
ARC
  5
17F
102
{ACAD_REACTORS
330
189
102
}
100
AcDbEntity
  8
Z0_BOTCOMP
370
        25
  6
Continuous
 62
         4
100
AcDbCircle
 10
14.975
 20
13.7321698519
 30
0.0
 40
0.285
100
AcDbArc
 50
-104.5679286494
 51
-30.0
  0
ARC
  5
180
102
{ACAD_REACTORS
330
189
102
}
100
AcDbEntity
  8
Z0_BOTCOMP
370
        25
  6
Continuous
 62
         4
100
AcDbCircle
 10
14.975
 20
13.7321698519
 30
0.0
 40
0.285
100
AcDbArc
 50
135.4320713506
 51
-150.0
  0
LINE
  5
181
102
{ACAD_REACTORS
330
189
102
}
100
AcDbEntity
  8
Z0_BOTCOMP
370
        25
  6
Continuous
 62
         4
100
AcDbLine
 10
15.2218172401
 20
13.5896698519
 30
0.0
 11
15.1482050808
 21
13.6321698519
 31
0.0
  0
LINE
  5
182
102
{ACAD_REACTORS
330
189
102
}
100
AcDbEntity
  8
Z0_BOTCOMP
370
        25
  6
Continuous
 62
         4
100
AcDbLine
 10
15.1482050808
 20
13.6321698519
 30
0.0
 11
15.2497247833
 21
13.8080071347
 31
0.0
  0
LINE
  5
183
102
{ACAD_REACTORS
330
189
102
}
100
AcDbEntity
  8
Z0_BOTCOMP
370
        25
  6
Continuous
 62
         4
100
AcDbLine
 10
14.7281827599
 20
13.5896698519
 30
0.0
 11
14.8017949192
 21
13.6321698519
 31
0.0
  0
LINE
  5
184
102
{ACAD_REACTORS
330
189
102
}
100
AcDbEntity
  8
Z0_BOTCOMP
370
        25
  6
Continuous
 62
         4
100
AcDbLine
 10
14.8017949192
 20
13.6321698519
 30
0.0
 11
14.9033146218
 21
13.4563325692
 31
0.0
  0
LINE
  5
185
102
{ACAD_REACTORS
330
189
102
}
100
AcDbEntity
  8
Z0_BOTCOMP
370
        25
  6
Continuous
 62
         4
100
AcDbLine
 10
14.975
 20
13.9321698519
 30
0.0
 11
14.771960595
 21
13.9321698519
 31
0.0
  0
LINE
  5
186
102
{ACAD_REACTORS
330
189
102
}
100
AcDbEntity
  8
Z0_BOTCOMP
370
        25
  6
Continuous
 62
         4
100
AcDbLine
 10
14.975
 20
14.0171698519
 30
0.0
 11
14.975
 21
13.9321698519
 31
0.0
  0
CIRCLE
  5
187
102
{ACAD_REACTORS
330
189
102
}
100
AcDbEntity
  8
Z0_BOTCOMP
370
        25
  6
Continuous
 62
         4
100
AcDbCircle
 10
14.975
 20
13.7321698519
 30
0.0
 40
0.059
  0
CIRCLE
  5
188
102
{ACAD_REACTORS
330
189
102
}
100
AcDbEntity
  8
Z0_BOTCOMP
370
        25
  6
Continuous
 62
         4
100
AcDbCircle
 10
14.975
 20
13.7321698519
 30
0.0
 40
0.085
  0
ARC
  5
18A
102
{ACAD_REACTORS
330
195
102
}
100
AcDbEntity
  8
Z0_BOTCOMP
370
        25
  6
Continuous
 62
         4
100
AcDbCircle
 10
14.975
 20
10.6696698519
 30
0.0
 40
0.285
100
AcDbArc
 50
15.4320713506
 51
90.0
  0
ARC
  5
18B
102
{ACAD_REACTORS
330
195
102
}
100
AcDbEntity
  8
Z0_BOTCOMP
370
        25
  6
Continuous
 62
         4
100
AcDbCircle
 10
14.975
 20
10.6696698519
 30
0.0
 40
0.285
100
AcDbArc
 50
-104.5679286494
 51
-30.0
  0
ARC
  5
18C
102
{ACAD_REACTORS
330
195
102
}
100
AcDbEntity
  8
Z0_BOTCOMP
370
        25
  6
Continuous
 62
         4
100
AcDbCircle
 10
14.975
 20
10.6696698519
 30
0.0
 40
0.285
100
AcDbArc
 50
135.4320713506
 51
-150.0
  0
LINE
  5
18D
102
{ACAD_REACTORS
330
195
102
}
100
AcDbEntity
  8
Z0_BOTCOMP
370
        25
  6
Continuous
 62
         4
100
AcDbLine
 10
15.2218172401
 20
10.5271698519
 30
0.0
 11
15.1482050808
 21
10.5696698519
 31
0.0
  0
LINE
  5
18E
102
{ACAD_REACTORS
330
195
102
}
100
AcDbEntity
  8
Z0_BOTCOMP
370
        25
  6
Continuous
 62
         4
100
AcDbLine
 10
15.1482050808
 20
10.5696698519
 30
0.0
 11
15.2497247833
 21
10.7455071347
 31
0.0
  0
LINE
  5
18F
102
{ACAD_REACTORS
330
195
102
}
100
AcDbEntity
  8
Z0_BOTCOMP
370
        25
  6
Continuous
 62
         4
100
AcDbLine
 10
14.7281827599
 20
10.5271698519
 30
0.0
 11
14.8017949192
 21
10.5696698519
 31
0.0
  0
LINE
  5
190
102
{ACAD_REACTORS
330
195
102
}
100
AcDbEntity
  8
Z0_BOTCOMP
370
        25
  6
Continuous
 62
         4
100
AcDbLine
 10
14.8017949192
 20
10.5696698519
 30
0.0
 11
14.9033146218
 21
10.3938325692
 31
0.0
  0
LINE
  5
191
102
{ACAD_REACTORS
330
195
102
}
100
AcDbEntity
  8
Z0_BOTCOMP
370
        25
  6
Continuous
 62
         4
100
AcDbLine
 10
14.975
 20
10.8696698519
 30
0.0
 11
14.771960595
 21
10.8696698519
 31
0.0
  0
LINE
  5
192
102
{ACAD_REACTORS
330
195
102
}
100
AcDbEntity
  8
Z0_BOTCOMP
370
        25
  6
Continuous
 62
         4
100
AcDbLine
 10
14.975
 20
10.9546698519
 30
0.0
 11
14.975
 21
10.8696698519
 31
0.0
  0
CIRCLE
  5
193
102
{ACAD_REACTORS
330
195
102
}
100
AcDbEntity
  8
Z0_BOTCOMP
370
        25
  6
Continuous
 62
         4
100
AcDbCircle
 10
14.975
 20
10.6696698519
 30
0.0
 40
0.059
  0
CIRCLE
  5
194
102
{ACAD_REACTORS
330
195
102
}
100
AcDbEntity
  8
Z0_BOTCOMP
370
        25
  6
Continuous
 62
         4
100
AcDbCircle
 10
14.975
 20
10.6696698519
 30
0.0
 40
0.085
  0
ARC
  5
196
102
{ACAD_REACTORS
330
1A1
102
}
100
AcDbEntity
  8
Z0_BOTCOMP
370
        25
  6
Continuous
 62
         4
100
AcDbCircle
 10
13.1205582874
 20
9.6320423009
 30
0.0
 40
0.285
100
AcDbArc
 50
15.4320713506
 51
90.0
  0
ARC
  5
197
102
{ACAD_REACTORS
330
1A1
102
}
100
AcDbEntity
  8
Z0_BOTCOMP
370
        25
  6
Continuous
 62
         4
100
AcDbCircle
 10
13.1205582874
 20
9.6320423009
 30
0.0
 40
0.285
100
AcDbArc
 50
-104.5679286494
 51
-30.0
  0
ARC
  5
198
102
{ACAD_REACTORS
330
1A1
102
}
100
AcDbEntity
  8
Z0_BOTCOMP
370
        25
  6
Continuous
 62
         4
100
AcDbCircle
 10
13.1205582874
 20
9.6320423009
 30
0.0
 40
0.285
100
AcDbArc
 50
135.4320713506
 51
-150.0
  0
LINE
  5
199
102
{ACAD_REACTORS
330
1A1
102
}
100
AcDbEntity
  8
Z0_BOTCOMP
370
        25
  6
Continuous
 62
         4
100
AcDbLine
 10
13.3673755275
 20
9.4895423009
 30
0.0
 11
13.2937633682
 21
9.5320423009
 31
0.0
  0
LINE
  5
19A
102
{ACAD_REACTORS
330
1A1
102
}
100
AcDbEntity
  8
Z0_BOTCOMP
370
        25
  6
Continuous
 62
         4
100
AcDbLine
 10
13.2937633682
 20
9.5320423009
 30
0.0
 11
13.3952830707
 21
9.7078795836
 31
0.0
  0
LINE
  5
19B
102
{ACAD_REACTORS
330
1A1
102
}
100
AcDbEntity
  8
Z0_BOTCOMP
370
        25
  6
Continuous
 62
         4
100
AcDbLine
 10
12.8737410473
 20
9.4895423009
 30
0.0
 11
12.9473532067
 21
9.5320423009
 31
0.0
  0
LINE
  5
19C
102
{ACAD_REACTORS
330
1A1
102
}
100
AcDbEntity
  8
Z0_BOTCOMP
370
        25
  6
Continuous
 62
         4
100
AcDbLine
 10
12.9473532067
 20
9.5320423009
 30
0.0
 11
13.0488729092
 21
9.3562050182
 31
0.0
  0
LINE
  5
19D
102
{ACAD_REACTORS
330
1A1
102
}
100
AcDbEntity
  8
Z0_BOTCOMP
370
        25
  6
Continuous
 62
         4
100
AcDbLine
 10
13.1205582874
 20
9.8320423009
 30
0.0
 11
12.9175188824
 21
9.8320423009
 31
0.0
  0
LINE
  5
19E
102
{ACAD_REACTORS
330
1A1
102
}
100
AcDbEntity
  8
Z0_BOTCOMP
370
        25
  6
Continuous
 62
         4
100
AcDbLine
 10
13.1205582874
 20
9.9170423009
 30
0.0
 11
13.1205582874
 21
9.8320423009
 31
0.0
  0
CIRCLE
  5
19F
102
{ACAD_REACTORS
330
1A1
102
}
100
AcDbEntity
  8
Z0_BOTCOMP
370
        25
  6
Continuous
 62
         4
100
AcDbCircle
 10
13.1205582874
 20
9.6320423009
 30
0.0
 40
0.059
  0
CIRCLE
  5
1A0
102
{ACAD_REACTORS
330
1A1
102
}
100
AcDbEntity
  8
Z0_BOTCOMP
370
        25
  6
Continuous
 62
         4
100
AcDbCircle
 10
13.1205582874
 20
9.6320423009
 30
0.0
 40
0.085
  0
LINE
  5
1A2
102
{ACAD_REACTORS
330
1A6
102
}
100
AcDbEntity
  8
Z0_PLASTICS
370
        25
  6
Continuous
 62
        34
100
AcDbLine
 10
15.0622294837
 20
13.7548858633
 30
0.0
 11
15.0295184273
 21
13.660387256
 31
0.0
  0
ELLIPSE
  5
1A3
102
{ACAD_REACTORS
330
1A6
102
}
100
AcDbEntity
  8
Z0_PLASTICS
370
        25
  6
Continuous
 62
        34
100
AcDbEllipse
 10
14.9586444718
 20
13.6849205482
 30
0.0
 11
-0.0708739555079774
 21
0.0245332922913803
 31
0.0
210
0.0
220
0.0
230
1.0
 40
1.0
 41
0.0
 42
3.1415926535928582
  0
LINE
  5
1A4
102
{ACAD_REACTORS
330
1A6
102
}
100
AcDbEntity
  8
Z0_PLASTICS
370
        25
  6
Continuous
 62
        34
100
AcDbLine
 10
14.9204815727
 20
13.8039524479
 30
0.0
 11
14.8877705163
 21
13.7094538405
 31
0.0
  0
ELLIPSE
  5
1A5
102
{ACAD_REACTORS
330
1A6
102
}
100
AcDbEntity
  8
Z0_PLASTICS
370
        25
  6
Continuous
 62
        34
100
AcDbEllipse
 10
14.9913555282
 20
13.7794191556
 30
0.0
 11
0.0245332922912917
 21
0.0708739555080036
 31
0.0
210
0.0
220
0.0
230
1.0
 40
1.0
 41
4.7123889803846897
 42
7.8539816339713227
  0
CIRCLE
  5
1A7
102
{ACAD_REACTORS
330
1AF
102
}
100
AcDbEntity
  8
Z0_PLASTICS
370
        25
  6
Continuous
 62
        37
100
AcDbCircle
 10
13.1205582874
 20
9.6320423009
 30
0.0
 40
0.075
  0
ARC
  5
1A8
102
{ACAD_REACTORS
330
1AE
102
}
100
AcDbEntity
  8
Z0_PLASTICS
370
        25
  6
Continuous
 62
        37
100
AcDbCircle
 10
14.975
 20
13.7321698519
 30
0.0
 40
0.4
100
AcDbArc
 50
-0.0
 51
155.6632938534
  0
ARC
  5
1A9
102
{ACAD_REACTORS
330
1AE
102
}
100
AcDbEntity
  8
Z0_PLASTICS
370
        25
  6
Continuous
 62
        37
100
AcDbCircle
 10
14.975
 20
10.6696698519
 30
0.0
 40
0.4
100
AcDbArc
 50
-60.7714007639
 51
0.0
  0
ARC
  5
1AA
102
{ACAD_REACTORS
330
1AE
102
}
100
AcDbEntity
  8
Z0_PLASTICS
370
        25
  6
Continuous
 62
        37
100
AcDbCircle
 10
13.1205582874
 20
9.6320423009
 30
0.0
 40
0.4
100
AcDbArc
 50
155.6632938533
 51
-60.7714007639
  0
LINE
  5
1AB
102
{ACAD_REACTORS
330
1AE
102
}
100
AcDbEntity
  8
Z0_PLASTICS
370
        25
  6
Continuous
 62
        37
100
AcDbLine
 10
13.3158764147
 20
9.2829709197
 30
0.0
 11
15.1703181273
 21
10.3205984707
 31
0.0
  0
LINE
  5
1AC
102
{ACAD_REACTORS
330
1AE
102
}
100
AcDbEntity
  8
Z0_PLASTICS
370
        25
  6
Continuous
 62
        37
100
AcDbLine
 10
12.7561025051
 20
9.7968815642
 30
0.0
 11
14.6105442177
 21
13.8970091153
 31
0.0
  0
LINE
  5
1AD
102
{ACAD_REACTORS
330
1AE
102
}
100
AcDbEntity
  8
Z0_PLASTICS
370
        25
  6
Continuous
 62
        37
100
AcDbLine
 10
15.375
 20
13.7321698519
 30
0.0
 11
15.375
 21
10.6696698519
 31
0.0
  0
ARC
  5
1B0
102
{ACAD_REACTORS
330
1B4
102
}
100
AcDbEntity
  8
Z0_CUT500
370
        25
  6
Continuous
 62
         5
100
AcDbCircle
 10
16.0
 20
13.0634241091
 30
0.0
 40
0.09
100
AcDbArc
 50
0.0
 51
180.0
  0
LINE
  5
1B1
102
{ACAD_REACTORS
330
1B4
102
}
100
AcDbEntity
  8
Z0_CUT500
370
        25
  6
Continuous
 62
         5
100
AcDbLine
 10
15.91
 20
13.0634241091
 30
0.0
 11
15.91
 21
11.3634241091
 31
0.0
  0
LINE
  5
1B2
102
{ACAD_REACTORS
330
1B4
102
}
100
AcDbEntity
  8
Z0_CUT500
370
        25
  6
Continuous
 62
         5
100
AcDbLine
 10
16.09
 20
13.0634241091
 30
0.0
 11
16.09
 21
11.3634241091
 31
0.0
  0
ARC
  5
1B3
102
{ACAD_REACTORS
330
1B4
102
}
100
AcDbEntity
  8
Z0_CUT500
370
        25
  6
Continuous
 62
         5
100
AcDbCircle
 10
16.0
 20
11.3634241091
 30
0.0
 40
0.09
100
AcDbArc
 50
180.0
 51
0.0
  0
CIRCLE
  5
1B5
102
{ACAD_REACTORS
330
1D9
102
}
100
AcDbEntity
  8
Z0_BOTCOMP
370
         5
  6
Continuous
 62
         4
100
AcDbCircle
 10
13.5252967417
 20
14.339693872
 30
0.0
 40
0.09375
  0
LINE
  5
1B6
102
{ACAD_REACTORS
330
1D9
102
}
100
AcDbEntity
  8
Z0_BOTCOMP
370
         5
  6
Continuous
 62
         4
100
AcDbLine
 10
13.5252967417
 20
14.339693872
 30
0.0
 11
12.8419421494
 21
14.6487674899
 31
0.0
  0
LINE
  5
1B7
102
{ACAD_REACTORS
330
1D9
102
}
100
AcDbEntity
  8
Z0_BOTCOMP
370
         5
  6
Continuous
 62
         4
100
AcDbLine
 10
12.3714841792
 20
14.5185732187
 30
0.0
 11
12.4358745162
 21
14.6609387587
 31
0.0
  0
LINE
  5
1B8
102
{ACAD_REACTORS
330
1D9
102
}
100
AcDbEntity
  8
Z0_BOTCOMP
370
         5
  6
Continuous
 62
         4
100
AcDbLine
 10
13.0019129047
 20
14.8507962191
 30
0.0
 11
12.4358745162
 21
14.6609387587
 31
0.0
  0
LINE
  5
1B9
102
{ACAD_REACTORS
330
1D9
102
}
100
AcDbEntity
  8
Z0_BOTCOMP
370
         5
  6
Continuous
 62
         4
100
AcDbLine
 10
11.0965555057
 20
11.6997355256
 30
0.0
 11
11.1609458427
 21
11.8421010656
 31
0.0
  0
LINE
  5
1BA
102
{ACAD_REACTORS
330
1D9
102
}
100
AcDbEntity
  8
Z0_BOTCOMP
370
         5
  6
Continuous
 62
         4
100
AcDbLine
 10
11.3277641415
 20
11.1492921777
 30
0.0
 11
11.0965555057
 21
11.6997355256
 31
0.0
  0
LINE
  5
1BB
102
{ACAD_REACTORS
330
1D9
102
}
100
AcDbEntity
  8
Z0_BOTCOMP
370
         5
  6
Continuous
 62
         4
100
AcDbLine
 10
12.5662892295
 20
11.309373154
 30
0.0
 11
13.6995591615
 21
13.815006659
 31
0.0
  0
LINE
  5
1BC
102
{ACAD_REACTORS
330
1D9
102
}
100
AcDbEntity
  8
Z0_BOTCOMP
370
         5
  6
Continuous
 62
         4
100
AcDbLine
 10
13.6995591615
 20
13.815006659
 30
0.0
 11
13.7381933637
 21
13.900425983
 31
0.0
  0
LINE
  5
1BD
102
{ACAD_REACTORS
330
1D9
102
}
100
AcDbEntity
  8
Z0_BOTCOMP
370
         5
  6
Continuous
 62
         4
100
AcDbLine
 10
12.5662892295
 20
11.309373154
 30
0.0
 11
12.5276550273
 21
11.22395383
 31
0.0
  0
LINE
  5
1BE
102
{ACAD_REACTORS
330
1D9
102
}
100
AcDbEntity
  8
Z0_BOTCOMP
370
         5
  6
Continuous
 62
         4
100
AcDbLine
 10
13.7381933637
 20
13.900425983
 30
0.0
 11
13.8025837008
 21
14.0427915231
 31
0.0
  0
LINE
  5
1BF
102
{ACAD_REACTORS
330
1D9
102
}
100
AcDbEntity
  8
Z0_BOTCOMP
370
         5
  6
Continuous
 62
         4
100
AcDbLine
 10
12.4632646902
 20
11.0815882899
 30
0.0
 11
12.5276550273
 21
11.22395383
 31
0.0
  0
LINE
  5
1C0
102
{ACAD_REACTORS
330
1D9
102
}
100
AcDbEntity
  8
Z0_BOTCOMP
370
         5
  6
Continuous
 62
         4
100
AcDbLine
 10
13.5884939237
 20
12.356140828
 30
0.0
 11
11.3106452828
 21
13.3863862207
 31
0.0
  0
LINE
  5
1C1
102
{ACAD_REACTORS
330
1D9
102
}
100
AcDbEntity
  8
Z0_BOTCOMP
370
         5
  6
Continuous
 62
         4
100
AcDbLine
 10
11.199580045
 20
11.9275203897
 30
0.0
 11
12.5662892295
 21
11.309373154
 31
0.0
  0
LINE
  5
1C2
102
{ACAD_REACTORS
330
1D9
102
}
100
AcDbEntity
  8
Z0_BOTCOMP
370
         5
  6
Continuous
 62
         4
100
AcDbLine
 10
13.6995591615
 20
13.815006659
 30
0.0
 11
12.332849977
 21
14.4331538946
 31
0.0
  0
LINE
  5
1C3
102
{ACAD_REACTORS
330
1D9
102
}
100
AcDbEntity
  8
Z0_BOTCOMP
370
         5
  6
Continuous
 62
         4
100
AcDbLine
 10
13.7381933637
 20
13.900425983
 30
0.0
 11
12.3714841792
 21
14.5185732187
 31
0.0
  0
LINE
  5
1C4
102
{ACAD_REACTORS
330
1D9
102
}
100
AcDbEntity
  8
Z0_BOTCOMP
370
         5
  6
Continuous
 62
         4
100
AcDbLine
 10
12.332849977
 20
14.4331538946
 30
0.0
 11
13.6995591615
 21
13.815006659
 31
0.0
  0
LINE
  5
1C5
102
{ACAD_REACTORS
330
1D9
102
}
100
AcDbEntity
  8
Z0_BOTCOMP
370
         5
  6
Continuous
 62
         4
100
AcDbLine
 10
12.5276550273
 20
11.22395383
 30
0.0
 11
11.1609458427
 21
11.8421010656
 31
0.0
  0
LINE
  5
1C6
102
{ACAD_REACTORS
330
1D9
102
}
100
AcDbEntity
  8
Z0_BOTCOMP
370
         5
  6
Continuous
 62
         4
100
AcDbLine
 10
11.199580045
 20
11.9275203897
 30
0.0
 11
12.5662892295
 21
11.309373154
 31
0.0
  0
CIRCLE
  5
1C7
102
{ACAD_REACTORS
330
1D9
102
}
100
AcDbEntity
  8
Z0_BOTCOMP
370
         5
  6
Continuous
 62
         4
100
AcDbCircle
 10
12.4495696032
 20
12.8712635243
 30
0.0
 40
1.25
  0
LINE
  5
1C8
102
{ACAD_REACTORS
330
1D9
102
}
100
AcDbEntity
  8
Z0_BOTCOMP
370
         5
  6
Continuous
 62
         4
100
AcDbLine
 10
13.8025837008
 20
14.0427915231
 30
0.0
 11
13.5713750649
 21
14.5932348709
 31
0.0
  0
LINE
  5
1C9
102
{ACAD_REACTORS
330
1D9
102
}
100
AcDbEntity
  8
Z0_BOTCOMP
370
         5
  6
Continuous
 62
         4
100
AcDbLine
 10
12.4632646902
 20
11.0815882899
 30
0.0
 11
11.8972263017
 21
10.8917308295
 31
0.0
  0
LINE
  5
1CA
102
{ACAD_REACTORS
330
1D9
102
}
100
AcDbEntity
  8
Z0_BOTCOMP
370
         5
  6
Continuous
 62
         4
100
AcDbLine
 10
12.332849977
 20
14.4331538946
 30
0.0
 11
11.199580045
 21
11.9275203897
 31
0.0
  0
LINE
  5
1CB
102
{ACAD_REACTORS
330
1D9
102
}
100
AcDbEntity
  8
Z0_BOTCOMP
370
         5
  6
Continuous
 62
         4
100
AcDbLine
 10
12.3714841792
 20
14.5185732187
 30
0.0
 11
12.332849977
 21
14.4331538946
 31
0.0
  0
LINE
  5
1CC
102
{ACAD_REACTORS
330
1D9
102
}
100
AcDbEntity
  8
Z0_BOTCOMP
370
         5
  6
Continuous
 62
         4
100
AcDbLine
 10
11.1609458427
 20
11.8421010656
 30
0.0
 11
11.199580045
 21
11.9275203897
 31
0.0
  0
CIRCLE
  5
1CD
102
{ACAD_REACTORS
330
1D9
102
}
100
AcDbEntity
  8
Z0_BOTCOMP
370
         5
  6
Continuous
 62
         4
100
AcDbCircle
 10
12.4495696032
 20
12.8712635243
 30
0.0
 40
0.375
  0
LINE
  5
1CE
102
{ACAD_REACTORS
330
1D9
102
}
100
AcDbEntity
  8
Z0_BOTCOMP
370
         5
  6
Continuous
 62
         4
100
AcDbLine
 10
13.0548387715
 20
14.2094996008
 30
0.0
 11
11.844300435
 21
11.5330274478
 31
0.0
  0
LINE
  5
1CF
102
{ACAD_REACTORS
330
1D9
102
}
100
AcDbEntity
  8
Z0_BOTCOMP
370
         5
  6
Continuous
 62
         4
100
AcDbLine
 10
13.0548387715
 20
14.2094996008
 30
0.0
 11
13.2866439848
 21
14.722015545
 31
0.0
  0
LINE
  5
1D0
102
{ACAD_REACTORS
330
1D9
102
}
100
AcDbEntity
  8
Z0_BOTCOMP
370
         5
  6
Continuous
 62
         4
100
AcDbLine
 10
11.844300435
 20
11.5330274478
 30
0.0
 11
11.6124952216
 21
11.0205115036
 31
0.0
  0
LINE
  5
1D1
102
{ACAD_REACTORS
330
1D9
102
}
100
AcDbEntity
  8
Z0_BOTCOMP
370
         5
  6
Continuous
 62
         4
100
AcDbLine
 10
13.5713750649
 20
14.5932348709
 30
0.0
 11
13.0019129047
 21
14.8507962191
 31
0.0
  0
LINE
  5
1D2
102
{ACAD_REACTORS
330
1D9
102
}
100
AcDbEntity
  8
Z0_BOTCOMP
370
         5
  6
Continuous
 62
         4
100
AcDbLine
 10
11.8972263017
 20
10.8917308295
 30
0.0
 11
11.3277641415
 21
11.1492921777
 31
0.0
  0
LINE
  5
1D3
102
{ACAD_REACTORS
330
1D9
102
}
100
AcDbEntity
  8
Z0_BOTCOMP
370
         5
  6
Continuous
 62
         4
100
AcDbLine
 10
11.844300435
 20
11.5330274478
 30
0.0
 11
11.7155197609
 21
11.2482963677
 31
0.0
  0
CIRCLE
  5
1D4
102
{ACAD_REACTORS
330
1D9
102
}
100
AcDbEntity
  8
Z0_BOTCOMP
370
         5
  6
Continuous
 62
         4
100
AcDbCircle
 10
11.3738424648
 20
11.4028331766
 30
0.0
 40
0.09375
  0
CIRCLE
  5
1D5
102
{ACAD_REACTORS
330
1D9
102
}
100
AcDbEntity
  8
Z0_BOTCOMP
370
         5
  6
Continuous
 62
         4
100
AcDbCircle
 10
12.057197057
 20
11.0937595588
 30
0.0
 40
0.09375
  0
LINE
  5
1D6
102
{ACAD_REACTORS
330
1D9
102
}
100
AcDbEntity
  8
Z0_BOTCOMP
370
         5
  6
Continuous
 62
         4
100
AcDbLine
 10
12.057197057
 20
11.0937595588
 30
0.0
 11
11.3738424648
 21
11.4028331766
 31
0.0
  0
LINE
  5
1D7
102
{ACAD_REACTORS
330
1D9
102
}
100
AcDbEntity
  8
Z0_BOTCOMP
370
         5
  6
Continuous
 62
         4
100
AcDbLine
 10
13.1836194455
 20
14.494230681
 30
0.0
 11
13.0548387715
 21
14.2094996008
 31
0.0
  0
CIRCLE
  5
1D8
102
{ACAD_REACTORS
330
1D9
102
}
100
AcDbEntity
  8
Z0_BOTCOMP
370
         5
  6
Continuous
 62
         4
100
AcDbCircle
 10
12.8419421494
 20
14.6487674899
 30
0.0
 40
0.09375
  0
LINE
  5
1DA
102
{ACAD_REACTORS
330
1E2
102
}
100
AcDbEntity
  8
Z0_TOPCOMP
370
         5
  6
Continuous
 62
         6
100
AcDbLine
 10
13.6264023913
 20
11.8128176185
 30
0.0
 11
13.6713640548
 21
11.9122268307
 31
0.0
  0
LINE
  5
1DB
102
{ACAD_REACTORS
330
1E2
102
}
100
AcDbEntity
  8
Z0_TOPCOMP
370
         5
  6
Continuous
 62
         6
100
AcDbLine
 10
13.964758523
 20
11.6597829378
 30
0.0
 11
14.0097202002
 21
11.7591921487
 31
0.0
  0
LINE
  5
1DC
102
{ACAD_REACTORS
330
1E2
102
}
100
AcDbEntity
  8
Z0_TOPCOMP
370
         5
  6
Continuous
 62
         6
100
AcDbLine
 10
14.0443766173
 20
11.7435174337
 30
0.0
 11
13.9994149539
 21
11.6441082215
 31
0.0
  0
LINE
  5
1DD
102
{ACAD_REACTORS
330
1E2
102
}
100
AcDbEntity
  8
Z0_TOPCOMP
370
         5
  6
Continuous
 62
         6
100
AcDbLine
 10
14.3377710856
 20
11.4910735409
 30
0.0
 11
13.964758523
 21
11.6597829378
 31
0.0
  0
LINE
  5
1DE
102
{ACAD_REACTORS
330
1E2
102
}
100
AcDbEntity
  8
Z0_TOPCOMP
370
         5
  6
Continuous
 62
         6
100
AcDbLine
 10
14.3827327628
 20
11.5904827518
 30
0.0
 11
14.3377710856
 21
11.4910735409
 31
0.0
  0
LINE
  5
1DF
102
{ACAD_REACTORS
330
1E2
102
}
100
AcDbEntity
  8
Z0_TOPCOMP
370
         5
  6
Continuous
 62
         6
100
AcDbLine
 10
13.6713640548
 20
11.9122268307
 30
0.0
 11
14.0443766173
 21
11.7435174337
 31
0.0
  0
LINE
  5
1E0
102
{ACAD_REACTORS
330
1E2
102
}
100
AcDbEntity
  8
Z0_TOPCOMP
370
         5
  6
Continuous
 62
         6
100
AcDbLine
 10
14.0097202002
 20
11.7591921487
 30
0.0
 11
14.3827327628
 21
11.5904827518
 31
0.0
  0
LINE
  5
1E1
102
{ACAD_REACTORS
330
1E2
102
}
100
AcDbEntity
  8
Z0_TOPCOMP
370
         5
  6
Continuous
 62
         6
100
AcDbLine
 10
13.9994149539
 20
11.6441082215
 30
0.0
 11
13.6264023913
 21
11.8128176185
 31
0.0
  0
CIRCLE
  5
1E3
100
AcDbEntity
  8
Z0_CUT500
370
        25
  6
Continuous
 62
         5
100
AcDbCircle
 10
5.5859539464
 20
6.9625996763
 30
0.0
 40
0.25
  0
LINE
  5
1E4
102
{ACAD_REACTORS
330
1EA
102
}
100
AcDbEntity
  8
Z0_TOPCOMP
370
        25
  6
Continuous
 62
         6
100
AcDbLine
 10
1.983079988
 20
9.6802670042
 30
0.0
 11
5.3870496822
 21
7.7592148005
 31
0.0
  0
LINE
  5
1E5
102
{ACAD_REACTORS
330
1EA
102
}
100
AcDbEntity
  8
Z0_TOPCOMP
370
        25
  6
Continuous
 62
         6
100
AcDbLine
 10
1.9523619317
 20
9.6258367642
 30
0.0
 11
5.356331626
 21
7.7047845606
 31
0.0
  0
ARC
  5
1E6
102
{ACAD_REACTORS
330
1EA
102
}
100
AcDbEntity
  8
Z0_TOPCOMP
370
        25
  6
Continuous
 62
         6
100
AcDbCircle
 10
2.1781537996
 20
10.0259241091
 30
0.0
 40
0.4594037996
100
AcDbArc
 50
180.0
 51
-119.4384896747
  0
ARC
  5
1E7
102
{ACAD_REACTORS
330
1EA
102
}
100
AcDbEntity
  8
Z0_TOPCOMP
370
        25
  6
Continuous
 62
         6
100
AcDbCircle
 10
2.1781537996
 20
10.0259241091
 30
0.0
 40
0.3969037996
100
AcDbArc
 50
180.0
 51
-119.4384896747
  0
CIRCLE
  5
1E8
102
{ACAD_REACTORS
330
1EA
102
}
100
AcDbEntity
  8
Z0_TOPCOMP
370
        25
  6
Continuous
 62
         6
100
AcDbCircle
 10
1.75
 20
10.0259241091
 30
0.0
 40
0.03125
  0
CIRCLE
  5
1E9
102
{ACAD_REACTORS
330
1EA
102
}
100
AcDbEntity
  8
Z0_TOPCOMP
370
        25
  6
Continuous
 62
         6
100
AcDbCircle
 10
5.3716906541
 20
7.7319996805
 30
0.0
 40
0.03125
  0
LINE
  5
1EB
102
{ACAD_REACTORS
330
1EF
102
}
100
AcDbEntity
  8
Z0_TOPCOMP
370
        25
  6
Continuous
 62
         6
100
AcDbLine
 10
1.78125
 20
13.9009241091
 30
0.0
 11
1.78125
 21
10.5259241091
 31
0.0
  0
LINE
  5
1EC
102
{ACAD_REACTORS
330
1EF
102
}
100
AcDbEntity
  8
Z0_TOPCOMP
370
        25
  6
Continuous
 62
         6
100
AcDbLine
 10
1.71875
 20
13.9009241091
 30
0.0
 11
1.71875
 21
10.5259241091
 31
0.0
  0
CIRCLE
  5
1ED
102
{ACAD_REACTORS
330
1EF
102
}
100
AcDbEntity
  8
Z0_TOPCOMP
370
        25
  6
Continuous
 62
         6
100
AcDbCircle
 10
1.75
 20
13.9009241091
 30
0.0
 40
0.03125
  0
CIRCLE
  5
1EE
102
{ACAD_REACTORS
330
1EF
102
}
100
AcDbEntity
  8
Z0_TOPCOMP
370
        25
  6
Continuous
 62
         6
100
AcDbCircle
 10
1.75
 20
10.5259241091
 30
0.0
 40
0.03125
  0
CIRCLE
  5
1F0
102
{ACAD_REACTORS
330
1F2
102
}
100
AcDbEntity
  8
Z0_RUBBER
370
        25
  6
Continuous
 62
         2
100
AcDbCircle
 10
5.2544417126
 20
9.6320423009
 30
0.0
 40
0.215
  0
CIRCLE
  5
1F1
102
{ACAD_REACTORS
330
1F2
102
}
100
AcDbEntity
  8
Z0_RUBBER
370
        25
  6
Continuous
 62
         2
100
AcDbCircle
 10
5.2544417126
 20
9.6320423009
 30
0.0
 40
0.4
  0
CIRCLE
  5
1F3
102
{ACAD_REACTORS
330
1F5
102
}
100
AcDbEntity
  8
Z0_RUBBER
370
        25
  6
Continuous
 62
         2
100
AcDbCircle
 10
3.4
 20
10.6696698519
 30
0.0
 40
0.4
  0
CIRCLE
  5
1F4
102
{ACAD_REACTORS
330
1F5
102
}
100
AcDbEntity
  8
Z0_RUBBER
370
        25
  6
Continuous
 62
         2
100
AcDbCircle
 10
3.4
 20
10.6696698519
 30
0.0
 40
0.215
  0
LINE
  5
1F6
102
{ACAD_REACTORS
330
1FC
102
}
100
AcDbEntity
  8
Z0_RUBBER
370
        25
  6
Continuous
 62
         2
100
AcDbLine
 10
15.375
 20
13.7321698519
 30
0.0
 11
15.375
 21
10.6696698519
 31
0.0
  0
LINE
  5
1F7
102
{ACAD_REACTORS
330
1FC
102
}
100
AcDbEntity
  8
Z0_RUBBER
370
        25
  6
Continuous
 62
         2
100
AcDbLine
 10
15.19
 20
10.6696698519
 30
0.0
 11
15.19
 21
13.7321698519
 31
0.0
  0
LINE
  5
1F8
102
{ACAD_REACTORS
330
1FC
102
}
100
AcDbEntity
  8
Z0_RUBBER
370
        25
  6
Continuous
 62
         2
100
AcDbLine
 10
14.779105017
 20
13.820770956
 30
0.0
 11
12.9246633044
 21
9.7206434049
 31
0.0
  0
LINE
  5
1F9
102
{ACAD_REACTORS
330
1FC
102
}
100
AcDbEntity
  8
Z0_RUBBER
370
        25
  6
Continuous
 62
         2
100
AcDbLine
 10
12.7561025051
 20
9.7968815642
 30
0.0
 11
14.6105442177
 21
13.8970091153
 31
0.0
  0
LINE
  5
1FA
102
{ACAD_REACTORS
330
1FC
102
}
100
AcDbEntity
  8
Z0_RUBBER
370
        25
  6
Continuous
 62
         2
100
AcDbLine
 10
13.3158764147
 20
9.2829709197
 30
0.0
 11
15.1703181273
 21
10.3205984707
 31
0.0
  0
LINE
  5
1FB
102
{ACAD_REACTORS
330
1FC
102
}
100
AcDbEntity
  8
Z0_RUBBER
370
        25
  6
Continuous
 62
         2
100
AcDbLine
 10
13.2255417808
 20
9.4444164335
 30
0.0
 11
15.0799834934
 21
10.4820439845
 31
0.0
  0
CIRCLE
  5
1FD
100
AcDbEntity
  8
Z0_CUT500
370
        25
  6
Continuous
 62
         5
100
AcDbCircle
 10
12.7890460536
 20
6.9625996763
 30
0.0
 40
0.25
  0
CIRCLE
  5
1FE
100
AcDbEntity
  8
Z0_BALLGEOM
370
        25
  6
Continuous
 62
         6
100
AcDbCircle
 10
11.0660294434
 20
4.3863685879
 30
0.0
 40
0.53125
  0
CIRCLE
  5
1FF
100
AcDbEntity
  8
Z0_BALLGEOM
370
        25
  6
Continuous
 62
         6
100
AcDbCircle
 10
7.3089705566
 20
4.3863685879
 30
0.0
 40
0.53125
  0
LINE
  5
200
100
AcDbEntity
  8
Z0_BALLGEOM
370
        25
  6
Continuous
 62
         6
100
AcDbLine
 10
8.2652523939
 20
3.8352909189
 30
0.0
 11
6.7861587259
 21
4.6876499818
 31
0.0
  0
LINE
  5
201
100
AcDbEntity
  8
Z0_BALLGEOM
370
        25
  6
Continuous
 62
         6
100
AcDbLine
 10
9.1875
 20
5.5483278914
 30
0.0
 11
6.7957978523
 21
4.0689470004
 31
0.0
  0
CIRCLE
  5
202
102
{ACAD_REACTORS
330
226
102
}
100
AcDbEntity
  8
Z0_BOTCOMP
370
         5
  6
Continuous
 62
         4
100
AcDbCircle
 10
8.8125
 20
7.3295778914
 30
0.0
 40
0.09375
  0
LINE
  5
203
102
{ACAD_REACTORS
330
226
102
}
100
AcDbEntity
  8
Z0_BOTCOMP
370
         5
  6
Continuous
 62
         4
100
AcDbLine
 10
8.8125
 20
7.3295778914
 30
0.0
 11
9.5625
 21
7.3295778914
 31
0.0
  0
LINE
  5
204
102
{ACAD_REACTORS
330
226
102
}
100
AcDbEntity
  8
Z0_BOTCOMP
370
         5
  6
Continuous
 62
         4
100
AcDbLine
 10
9.9375
 20
7.0170778914
 30
0.0
 11
9.9375
 21
7.1733278914
 31
0.0
  0
LINE
  5
205
102
{ACAD_REACTORS
330
226
102
}
100
AcDbEntity
  8
Z0_BOTCOMP
370
         5
  6
Continuous
 62
         4
100
AcDbLine
 10
9.5
 20
7.5795778914
 30
0.0
 11
9.9375
 21
7.1733278914
 31
0.0
  0
LINE
  5
206
102
{ACAD_REACTORS
330
226
102
}
100
AcDbEntity
  8
Z0_BOTCOMP
370
         5
  6
Continuous
 62
         4
100
AcDbLine
 10
9.9375
 20
3.9233278914
 30
0.0
 11
9.9375
 21
4.0795778914
 31
0.0
  0
LINE
  5
207
102
{ACAD_REACTORS
330
226
102
}
100
AcDbEntity
  8
Z0_BOTCOMP
370
         5
  6
Continuous
 62
         4
100
AcDbLine
 10
9.5
 20
3.5170778914
 30
0.0
 11
9.9375
 21
3.9233278914
 31
0.0
  0
LINE
  5
208
102
{ACAD_REACTORS
330
226
102
}
100
AcDbEntity
  8
Z0_BOTCOMP
370
         5
  6
Continuous
 62
         4
100
AcDbLine
 10
8.4375
 20
4.1733278914
 30
0.0
 11
8.4375
 21
6.9233278914
 31
0.0
  0
LINE
  5
209
102
{ACAD_REACTORS
330
226
102
}
100
AcDbEntity
  8
Z0_BOTCOMP
370
         5
  6
Continuous
 62
         4
100
AcDbLine
 10
8.4375
 20
6.9233278914
 30
0.0
 11
8.4375
 21
7.0170778914
 31
0.0
  0
LINE
  5
20A
102
{ACAD_REACTORS
330
226
102
}
100
AcDbEntity
  8
Z0_BOTCOMP
370
         5
  6
Continuous
 62
         4
100
AcDbLine
 10
8.4375
 20
4.1733278914
 30
0.0
 11
8.4375
 21
4.0795778914
 31
0.0
  0
LINE
  5
20B
102
{ACAD_REACTORS
330
226
102
}
100
AcDbEntity
  8
Z0_BOTCOMP
370
         5
  6
Continuous
 62
         4
100
AcDbLine
 10
8.4375
 20
7.0170778914
 30
0.0
 11
8.4375
 21
7.1733278914
 31
0.0
  0
LINE
  5
20C
102
{ACAD_REACTORS
330
226
102
}
100
AcDbEntity
  8
Z0_BOTCOMP
370
         5
  6
Continuous
 62
         4
100
AcDbLine
 10
8.4375
 20
3.9233278914
 30
0.0
 11
8.4375
 21
4.0795778914
 31
0.0
  0
LINE
  5
20D
102
{ACAD_REACTORS
330
226
102
}
100
AcDbEntity
  8
Z0_BOTCOMP
370
         5
  6
Continuous
 62
         4
100
AcDbLine
 10
7.9375
 20
5.5483278914
 30
0.0
 11
10.4375
 21
5.5483278914
 31
0.0
  0
LINE
  5
20E
102
{ACAD_REACTORS
330
226
102
}
100
AcDbEntity
  8
Z0_BOTCOMP
370
         5
  6
Continuous
 62
         4
100
AcDbLine
 10
9.9375
 20
4.1733278914
 30
0.0
 11
8.4375
 21
4.1733278914
 31
0.0
  0
LINE
  5
20F
102
{ACAD_REACTORS
330
226
102
}
100
AcDbEntity
  8
Z0_BOTCOMP
370
         5
  6
Continuous
 62
         4
100
AcDbLine
 10
8.4375
 20
6.9233278914
 30
0.0
 11
9.9375
 21
6.9233278914
 31
0.0
  0
LINE
  5
210
102
{ACAD_REACTORS
330
226
102
}
100
AcDbEntity
  8
Z0_BOTCOMP
370
         5
  6
Continuous
 62
         4
100
AcDbLine
 10
8.4375
 20
7.0170778914
 30
0.0
 11
9.9375
 21
7.0170778914
 31
0.0
  0
LINE
  5
211
102
{ACAD_REACTORS
330
226
102
}
100
AcDbEntity
  8
Z0_BOTCOMP
370
         5
  6
Continuous
 62
         4
100
AcDbLine
 10
9.9375
 20
6.9233278914
 30
0.0
 11
8.4375
 21
6.9233278914
 31
0.0
  0
LINE
  5
212
102
{ACAD_REACTORS
330
226
102
}
100
AcDbEntity
  8
Z0_BOTCOMP
370
         5
  6
Continuous
 62
         4
100
AcDbLine
 10
8.4375
 20
4.0795778914
 30
0.0
 11
9.9375
 21
4.0795778914
 31
0.0
  0
LINE
  5
213
102
{ACAD_REACTORS
330
226
102
}
100
AcDbEntity
  8
Z0_BOTCOMP
370
         5
  6
Continuous
 62
         4
100
AcDbLine
 10
9.9375
 20
4.1733278914
 30
0.0
 11
8.4375
 21
4.1733278914
 31
0.0
  0
CIRCLE
  5
214
102
{ACAD_REACTORS
330
226
102
}
100
AcDbEntity
  8
Z0_BOTCOMP
370
         5
  6
Continuous
 62
         4
100
AcDbCircle
 10
9.1875
 20
5.5483278914
 30
0.0
 40
1.25
  0
LINE
  5
215
102
{ACAD_REACTORS
330
226
102
}
100
AcDbEntity
  8
Z0_BOTCOMP
370
         5
  6
Continuous
 62
         4
100
AcDbLine
 10
8.4375
 20
7.1733278914
 30
0.0
 11
8.875
 21
7.5795778914
 31
0.0
  0
LINE
  5
216
102
{ACAD_REACTORS
330
226
102
}
100
AcDbEntity
  8
Z0_BOTCOMP
370
         5
  6
Continuous
 62
         4
100
AcDbLine
 10
8.4375
 20
3.9233278914
 30
0.0
 11
8.875
 21
3.5170778914
 31
0.0
  0
LINE
  5
217
102
{ACAD_REACTORS
330
226
102
}
100
AcDbEntity
  8
Z0_BOTCOMP
370
         5
  6
Continuous
 62
         4
100
AcDbLine
 10
9.9375
 20
6.9233278914
 30
0.0
 11
9.9375
 21
4.1733278914
 31
0.0
  0
LINE
  5
218
102
{ACAD_REACTORS
330
226
102
}
100
AcDbEntity
  8
Z0_BOTCOMP
370
         5
  6
Continuous
 62
         4
100
AcDbLine
 10
9.9375
 20
7.0170778914
 30
0.0
 11
9.9375
 21
6.9233278914
 31
0.0
  0
LINE
  5
219
102
{ACAD_REACTORS
330
226
102
}
100
AcDbEntity
  8
Z0_BOTCOMP
370
         5
  6
Continuous
 62
         4
100
AcDbLine
 10
9.9375
 20
4.0795778914
 30
0.0
 11
9.9375
 21
4.1733278914
 31
0.0
  0
CIRCLE
  5
21A
102
{ACAD_REACTORS
330
226
102
}
100
AcDbEntity
  8
Z0_BOTCOMP
370
         5
  6
Continuous
 62
         4
100
AcDbCircle
 10
9.1875
 20
5.5483278914
 30
0.0
 40
0.375
  0
LINE
  5
21B
102
{ACAD_REACTORS
330
226
102
}
100
AcDbEntity
  8
Z0_BOTCOMP
370
         5
  6
Continuous
 62
         4
100
AcDbLine
 10
9.1875
 20
7.0170778914
 30
0.0
 11
9.1875
 21
4.0795778914
 31
0.0
  0
LINE
  5
21C
102
{ACAD_REACTORS
330
226
102
}
100
AcDbEntity
  8
Z0_BOTCOMP
370
         5
  6
Continuous
 62
         4
100
AcDbLine
 10
9.1875
 20
7.0170778914
 30
0.0
 11
9.1875
 21
7.5795778914
 31
0.0
  0
LINE
  5
21D
102
{ACAD_REACTORS
330
226
102
}
100
AcDbEntity
  8
Z0_BOTCOMP
370
         5
  6
Continuous
 62
         4
100
AcDbLine
 10
9.1875
 20
4.0795778914
 30
0.0
 11
9.1875
 21
3.5170778914
 31
0.0
  0
LINE
  5
21E
102
{ACAD_REACTORS
330
226
102
}
100
AcDbEntity
  8
Z0_BOTCOMP
370
         5
  6
Continuous
 62
         4
100
AcDbLine
 10
8.875
 20
7.5795778914
 30
0.0
 11
9.5
 21
7.5795778914
 31
0.0
  0
LINE
  5
21F
102
{ACAD_REACTORS
330
226
102
}
100
AcDbEntity
  8
Z0_BOTCOMP
370
         5
  6
Continuous
 62
         4
100
AcDbLine
 10
8.875
 20
3.5170778914
 30
0.0
 11
9.5
 21
3.5170778914
 31
0.0
  0
LINE
  5
220
102
{ACAD_REACTORS
330
226
102
}
100
AcDbEntity
  8
Z0_BOTCOMP
370
         5
  6
Continuous
 62
         4
100
AcDbLine
 10
9.1875
 20
4.0795778914
 30
0.0
 11
9.1875
 21
3.7670778914
 31
0.0
  0
CIRCLE
  5
221
102
{ACAD_REACTORS
330
226
102
}
100
AcDbEntity
  8
Z0_BOTCOMP
370
         5
  6
Continuous
 62
         4
100
AcDbCircle
 10
9.5625
 20
3.7670778914
 30
0.0
 40
0.09375
  0
CIRCLE
  5
222
102
{ACAD_REACTORS
330
226
102
}
100
AcDbEntity
  8
Z0_BOTCOMP
370
         5
  6
Continuous
 62
         4
100
AcDbCircle
 10
8.8125
 20
3.7670778914
 30
0.0
 40
0.09375
  0
LINE
  5
223
102
{ACAD_REACTORS
330
226
102
}
100
AcDbEntity
  8
Z0_BOTCOMP
370
         5
  6
Continuous
 62
         4
100
AcDbLine
 10
8.8125
 20
3.7670778914
 30
0.0
 11
9.5625
 21
3.7670778914
 31
0.0
  0
LINE
  5
224
102
{ACAD_REACTORS
330
226
102
}
100
AcDbEntity
  8
Z0_BOTCOMP
370
         5
  6
Continuous
 62
         4
100
AcDbLine
 10
9.1875
 20
7.3295778914
 30
0.0
 11
9.1875
 21
7.0170778914
 31
0.0
  0
CIRCLE
  5
225
102
{ACAD_REACTORS
330
226
102
}
100
AcDbEntity
  8
Z0_BOTCOMP
370
         5
  6
Continuous
 62
         4
100
AcDbCircle
 10
9.5625
 20
7.3295778914
 30
0.0
 40
0.09375
  0
CIRCLE
  5
227
102
{ACAD_REACTORS
330
229
102
}
100
AcDbEntity
  8
Z0_RUBBER
370
        25
  6
Continuous
 62
         2
100
AcDbCircle
 10
3.4
 20
13.7321698519
 30
0.0
 40
0.215
  0
CIRCLE
  5
228
102
{ACAD_REACTORS
330
229
102
}
100
AcDbEntity
  8
Z0_RUBBER
370
        25
  6
Continuous
 62
         2
100
AcDbCircle
 10
3.4
 20
13.7321698519
 30
0.0
 40
0.4
  0
ARC
  5
22A
102
{ACAD_REACTORS
330
235
102
}
100
AcDbEntity
  8
Z0_BOTCOMP
370
        25
  6
Continuous
 62
         4
100
AcDbCircle
 10
3.4
 20
13.7321698519
 30
0.0
 40
0.285
100
AcDbArc
 50
90.0
 51
164.5679286494
  0
ARC
  5
22B
102
{ACAD_REACTORS
330
235
102
}
100
AcDbEntity
  8
Z0_BOTCOMP
370
        25
  6
Continuous
 62
         4
100
AcDbCircle
 10
3.4
 20
13.7321698519
 30
0.0
 40
0.285
100
AcDbArc
 50
-150.0
 51
-75.4320713506
  0
ARC
  5
22C
102
{ACAD_REACTORS
330
235
102
}
100
AcDbEntity
  8
Z0_BOTCOMP
370
        25
  6
Continuous
 62
         4
100
AcDbCircle
 10
3.4
 20
13.7321698519
 30
0.0
 40
0.285
100
AcDbArc
 50
-30.0
 51
44.5679286494
  0
LINE
  5
22D
102
{ACAD_REACTORS
330
235
102
}
100
AcDbEntity
  8
Z0_BOTCOMP
370
        25
  6
Continuous
 62
         4
100
AcDbLine
 10
3.1531827599
 20
13.5896698519
 30
0.0
 11
3.2267949192
 21
13.6321698519
 31
0.0
  0
LINE
  5
22E
102
{ACAD_REACTORS
330
235
102
}
100
AcDbEntity
  8
Z0_BOTCOMP
370
        25
  6
Continuous
 62
         4
100
AcDbLine
 10
3.2267949192
 20
13.6321698519
 30
0.0
 11
3.1252752167
 21
13.8080071347
 31
0.0
  0
LINE
  5
22F
102
{ACAD_REACTORS
330
235
102
}
100
AcDbEntity
  8
Z0_BOTCOMP
370
        25
  6
Continuous
 62
         4
100
AcDbLine
 10
3.6468172401
 20
13.5896698519
 30
0.0
 11
3.5732050808
 21
13.6321698519
 31
0.0
  0
LINE
  5
230
102
{ACAD_REACTORS
330
235
102
}
100
AcDbEntity
  8
Z0_BOTCOMP
370
        25
  6
Continuous
 62
         4
100
AcDbLine
 10
3.5732050808
 20
13.6321698519
 30
0.0
 11
3.4716853782
 21
13.4563325692
 31
0.0
  0
LINE
  5
231
102
{ACAD_REACTORS
330
235
102
}
100
AcDbEntity
  8
Z0_BOTCOMP
370
        25
  6
Continuous
 62
         4
100
AcDbLine
 10
3.4
 20
13.9321698519
 30
0.0
 11
3.603039405
 21
13.9321698519
 31
0.0
  0
LINE
  5
232
102
{ACAD_REACTORS
330
235
102
}
100
AcDbEntity
  8
Z0_BOTCOMP
370
        25
  6
Continuous
 62
         4
100
AcDbLine
 10
3.4
 20
14.0171698519
 30
0.0
 11
3.4
 21
13.9321698519
 31
0.0
  0
CIRCLE
  5
233
102
{ACAD_REACTORS
330
235
102
}
100
AcDbEntity
  8
Z0_BOTCOMP
370
        25
  6
Continuous
 62
         4
100
AcDbCircle
 10
3.4
 20
13.7321698519
 30
0.0
 40
0.059
  0
CIRCLE
  5
234
102
{ACAD_REACTORS
330
235
102
}
100
AcDbEntity
  8
Z0_BOTCOMP
370
        25
  6
Continuous
 62
         4
100
AcDbCircle
 10
3.4
 20
13.7321698519
 30
0.0
 40
0.085
  0
LINE
  5
236
102
{ACAD_REACTORS
330
23C
102
}
100
AcDbEntity
  8
Z0_RUBBER
370
        25
  6
Continuous
 62
         2
100
AcDbLine
 10
3.0
 20
13.7321698519
 30
0.0
 11
3.0
 21
10.6696698519
 31
0.0
  0
LINE
  5
237
102
{ACAD_REACTORS
330
23C
102
}
100
AcDbEntity
  8
Z0_RUBBER
370
        25
  6
Continuous
 62
         2
100
AcDbLine
 10
3.185
 20
10.6696698519
 30
0.0
 11
3.185
 21
13.7321698519
 31
0.0
  0
LINE
  5
238
102
{ACAD_REACTORS
330
23C
102
}
100
AcDbEntity
  8
Z0_RUBBER
370
        25
  6
Continuous
 62
         2
100
AcDbLine
 10
3.595894983
 20
13.820770956
 30
0.0
 11
5.4503366956
 21
9.7206434049
 31
0.0
  0
LINE
  5
239
102
{ACAD_REACTORS
330
23C
102
}
100
AcDbEntity
  8
Z0_RUBBER
370
        25
  6
Continuous
 62
         2
100
AcDbLine
 10
5.6188974949
 20
9.7968815642
 30
0.0
 11
3.7644557823
 21
13.8970091153
 31
0.0
  0
LINE
  5
23A
102
{ACAD_REACTORS
330
23C
102
}
100
AcDbEntity
  8
Z0_RUBBER
370
        25
  6
Continuous
 62
         2
100
AcDbLine
 10
5.0591235853
 20
9.2829709197
 30
0.0
 11
3.2046818727
 21
10.3205984707
 31
0.0
  0
LINE
  5
23B
102
{ACAD_REACTORS
330
23C
102
}
100
AcDbEntity
  8
Z0_RUBBER
370
        25
  6
Continuous
 62
         2
100
AcDbLine
 10
5.1494582192
 20
9.4444164335
 30
0.0
 11
3.2950165066
 21
10.4820439845
 31
0.0
  0
CIRCLE
  5
23D
100
AcDbEntity
  8
Z0_CUT500
370
        25
  6
Continuous
 62
         5
100
AcDbCircle
 10
4.3272208563
 20
10.3058656934
 30
0.0
 40
0.234375
  0
CIRCLE
  5
23E
100
AcDbEntity
  8
Z0_CUT500
370
        25
  6
Continuous
 62
         5
100
AcDbCircle
 10
3.5247670709
 20
12.0677487841
 30
0.0
 40
0.234375
  0
CIRCLE
  5
23F
102
{ACAD_REACTORS
330
245
102
}
100
AcDbEntity
  8
Z0_CUT500
370
        25
  6
Continuous
 62
         5
100
AcDbCircle
 10
4.0183085614
 20
12.6684297797
 30
0.0
 40
0.234375
  0
LINE
  5
240
102
{ACAD_REACTORS
330
245
102
}
100
AcDbEntity
  8
Z0_CUT500
370
        25
  6
Continuous
 62
         5
100
AcDbLine
 10
4.0344215253
 20
11.8069090756
 30
0.0
 11
4.5184643614
 21
12.0258362217
 31
0.0
  0
CIRCLE
  5
241
102
{ACAD_REACTORS
330
245
102
}
100
AcDbEntity
  8
Z0_CUT500
370
        25
  6
Continuous
 62
         5
100
AcDbCircle
 10
4.8639180152
 20
10.7988069125
 30
0.0
 40
0.234375
  0
LINE
  5
242
102
{ACAD_REACTORS
330
245
102
}
100
AcDbEntity
  8
Z0_CUT500
370
        25
  6
Continuous
 62
         5
100
AcDbLine
 10
4.2275925364
 20
11.3798124554
 30
0.0
 11
4.7116353726
 21
11.5987396015
 31
0.0
  0
ARC
  5
243
102
{ACAD_REACTORS
330
245
102
}
100
AcDbEntity
  8
Z0_CUT500
370
        25
  6
Continuous
 62
         5
100
AcDbCircle
 10
4.6150498669
 20
11.8122879116
 30
0.0
 40
0.234375
100
AcDbArc
 50
-65.6632939148
 51
114.3367060498
  0
ARC
  5
244
102
{ACAD_REACTORS
330
245
102
}
100
AcDbEntity
  8
Z0_CUT500
370
        25
  6
Continuous
 62
         5
100
AcDbCircle
 10
4.1310070309
 20
11.5933607655
 30
0.0
 40
0.234375
100
AcDbArc
 50
114.3367060852
 51
-65.6632939502
  0
ELLIPSE
  5
246
102
{ACAD_REACTORS
330
24A
102
}
100
AcDbEntity
  8
Z0_PLASTICS
370
        25
  6
Continuous
 62
        34
100
AcDbEllipse
 10
3.3836444718
 20
13.7794191556
 30
0.0
 11
-0.0245332922912917
 21
0.0708739555080036
 31
0.0
210
0.0
220
0.0
230
-1.0
 40
1.0
 41
4.7123889803846897
 42
7.8539816339713227
  0
LINE
  5
247
102
{ACAD_REACTORS
330
24A
102
}
100
AcDbEntity
  8
Z0_PLASTICS
370
        25
  6
Continuous
 62
        34
100
AcDbLine
 10
3.4545184273
 20
13.8039524479
 30
0.0
 11
3.4872294837
 21
13.7094538405
 31
0.0
  0
ELLIPSE
  5
248
102
{ACAD_REACTORS
330
24A
102
}
100
AcDbEntity
  8
Z0_PLASTICS
370
        25
  6
Continuous
 62
        34
100
AcDbEllipse
 10
3.4163555282
 20
13.6849205482
 30
0.0
 11
0.0708739555079774
 21
0.0245332922913803
 31
0.0
210
0.0
220
0.0
230
-1.0
 40
1.0
 41
0.0
 42
3.1415926535928582
  0
LINE
  5
249
102
{ACAD_REACTORS
330
24A
102
}
100
AcDbEntity
  8
Z0_PLASTICS
370
        25
  6
Continuous
 62
        34
100
AcDbLine
 10
3.3127705163
 20
13.7548858633
 30
0.0
 11
3.3454815727
 21
13.660387256
 31
0.0
  0
CIRCLE
  5
24B
102
{ACAD_REACTORS
330
253
102
}
100
AcDbEntity
  8
Z0_PLASTICS
370
        25
  6
Continuous
 62
        37
100
AcDbCircle
 10
5.2544417126
 20
9.6320423009
 30
0.0
 40
0.075
  0
ARC
  5
24C
102
{ACAD_REACTORS
330
252
102
}
100
AcDbEntity
  8
Z0_PLASTICS
370
        25
  6
Continuous
 62
        37
100
AcDbCircle
 10
3.4
 20
13.7321698519
 30
0.0
 40
0.4
100
AcDbArc
 50
24.3367061466
 51
-180.0
  0
ARC
  5
24D
102
{ACAD_REACTORS
330
252
102
}
100
AcDbEntity
  8
Z0_PLASTICS
370
        25
  6
Continuous
 62
        37
100
AcDbCircle
 10
3.4
 20
10.6696698519
 30
0.0
 40
0.4
100
AcDbArc
 50
180.0
 51
-119.2285992361
  0
ARC
  5
24E
102
{ACAD_REACTORS
330
252
102
}
100
AcDbEntity
  8
Z0_PLASTICS
370
        25
  6
Continuous
 62
        37
100
AcDbCircle
 10
5.2544417126
 20
9.6320423009
 30
0.0
 40
0.4
100
AcDbArc
 50
-119.2285992361
 51
24.3367061467
  0
LINE
  5
24F
102
{ACAD_REACTORS
330
252
102
}
100
AcDbEntity
  8
Z0_PLASTICS
370
        25
  6
Continuous
 62
        37
100
AcDbLine
 10
5.0591235853
 20
9.2829709197
 30
0.0
 11
3.2046818727
 21
10.3205984707
 31
0.0
  0
LINE
  5
250
102
{ACAD_REACTORS
330
252
102
}
100
AcDbEntity
  8
Z0_PLASTICS
370
        25
  6
Continuous
 62
        37
100
AcDbLine
 10
5.6188974949
 20
9.7968815642
 30
0.0
 11
3.7644557823
 21
13.8970091153
 31
0.0
  0
LINE
  5
251
102
{ACAD_REACTORS
330
252
102
}
100
AcDbEntity
  8
Z0_PLASTICS
370
        25
  6
Continuous
 62
        37
100
AcDbLine
 10
3.0
 20
13.7321698519
 30
0.0
 11
3.0
 21
10.6696698519
 31
0.0
  0
ARC
  5
254
102
{ACAD_REACTORS
330
258
102
}
100
AcDbEntity
  8
Z0_CUT500
370
        25
  6
Continuous
 62
         5
100
AcDbCircle
 10
1.125
 20
13.0634241091
 30
0.0
 40
0.09
100
AcDbArc
 50
0.0
 51
180.0
  0
ARC
  5
255
102
{ACAD_REACTORS
330
258
102
}
100
AcDbEntity
  8
Z0_CUT500
370
        25
  6
Continuous
 62
         5
100
AcDbCircle
 10
1.125
 20
11.3634241091
 30
0.0
 40
0.09
100
AcDbArc
 50
180.0
 51
0.0
  0
LINE
  5
256
102
{ACAD_REACTORS
330
258
102
}
100
AcDbEntity
  8
Z0_CUT500
370
        25
  6
Continuous
 62
         5
100
AcDbLine
 10
1.035
 20
13.0634241091
 30
0.0
 11
1.035
 21
11.3634241091
 31
0.0
  0
LINE
  5
257
102
{ACAD_REACTORS
330
258
102
}
100
AcDbEntity
  8
Z0_CUT500
370
        25
  6
Continuous
 62
         5
100
AcDbLine
 10
1.215
 20
13.0634241091
 30
0.0
 11
1.215
 21
11.3634241091
 31
0.0
  0
ARC
  5
259
102
{ACAD_REACTORS
330
25D
102
}
100
AcDbEntity
  8
Z0_CUT500
370
        25
  6
Continuous
 62
         5
100
AcDbCircle
 10
2.375
 20
11.3634241091
 30
0.0
 40
0.09
100
AcDbArc
 50
180.0
 51
0.0
  0
LINE
  5
25A
102
{ACAD_REACTORS
330
25D
102
}
100
AcDbEntity
  8
Z0_CUT500
370
        25
  6
Continuous
 62
         5
100
AcDbLine
 10
2.285
 20
13.0634241091
 30
0.0
 11
2.285
 21
11.3634241091
 31
0.0
  0
LINE
  5
25B
102
{ACAD_REACTORS
330
25D
102
}
100
AcDbEntity
  8
Z0_CUT500
370
        25
  6
Continuous
 62
         5
100
AcDbLine
 10
2.465
 20
13.0634241091
 30
0.0
 11
2.465
 21
11.3634241091
 31
0.0
  0
ARC
  5
25C
102
{ACAD_REACTORS
330
25D
102
}
100
AcDbEntity
  8
Z0_CUT500
370
        25
  6
Continuous
 62
         5
100
AcDbCircle
 10
2.375
 20
13.0634241091
 30
0.0
 40
0.09
100
AcDbArc
 50
0.0
 51
180.0
  0
CIRCLE
  5
25E
102
{ACAD_REACTORS
330
282
102
}
100
AcDbEntity
  8
Z0_BOTCOMP
370
         5
  6
Continuous
 62
         4
100
AcDbCircle
 10
4.8497032583
 20
14.339693872
 30
0.0
 40
0.09375
  0
LINE
  5
25F
102
{ACAD_REACTORS
330
282
102
}
100
AcDbEntity
  8
Z0_BOTCOMP
370
         5
  6
Continuous
 62
         4
100
AcDbLine
 10
4.8497032583
 20
14.339693872
 30
0.0
 11
5.5330578506
 21
14.6487674899
 31
0.0
  0
LINE
  5
260
102
{ACAD_REACTORS
330
282
102
}
100
AcDbEntity
  8
Z0_BOTCOMP
370
         5
  6
Continuous
 62
         4
100
AcDbLine
 10
6.0035158208
 20
14.5185732187
 30
0.0
 11
5.9391254838
 21
14.6609387587
 31
0.0
  0
LINE
  5
261
102
{ACAD_REACTORS
330
282
102
}
100
AcDbEntity
  8
Z0_BOTCOMP
370
         5
  6
Continuous
 62
         4
100
AcDbLine
 10
5.3730870953
 20
14.8507962191
 30
0.0
 11
5.9391254838
 21
14.6609387587
 31
0.0
  0
LINE
  5
262
102
{ACAD_REACTORS
330
282
102
}
100
AcDbEntity
  8
Z0_BOTCOMP
370
         5
  6
Continuous
 62
         4
100
AcDbLine
 10
7.2784444943
 20
11.6997355256
 30
0.0
 11
7.2140541573
 21
11.8421010656
 31
0.0
  0
LINE
  5
263
102
{ACAD_REACTORS
330
282
102
}
100
AcDbEntity
  8
Z0_BOTCOMP
370
         5
  6
Continuous
 62
         4
100
AcDbLine
 10
7.0472358585
 20
11.1492921777
 30
0.0
 11
7.2784444943
 21
11.6997355256
 31
0.0
  0
LINE
  5
264
102
{ACAD_REACTORS
330
282
102
}
100
AcDbEntity
  8
Z0_BOTCOMP
370
         5
  6
Continuous
 62
         4
100
AcDbLine
 10
5.8087107705
 20
11.309373154
 30
0.0
 11
4.6754408385
 21
13.815006659
 31
0.0
  0
LINE
  5
265
102
{ACAD_REACTORS
330
282
102
}
100
AcDbEntity
  8
Z0_BOTCOMP
370
         5
  6
Continuous
 62
         4
100
AcDbLine
 10
4.6754408385
 20
13.815006659
 30
0.0
 11
4.6368066363
 21
13.900425983
 31
0.0
  0
LINE
  5
266
102
{ACAD_REACTORS
330
282
102
}
100
AcDbEntity
  8
Z0_BOTCOMP
370
         5
  6
Continuous
 62
         4
100
AcDbLine
 10
5.8087107705
 20
11.309373154
 30
0.0
 11
5.8473449727
 21
11.22395383
 31
0.0
  0
LINE
  5
267
102
{ACAD_REACTORS
330
282
102
}
100
AcDbEntity
  8
Z0_BOTCOMP
370
         5
  6
Continuous
 62
         4
100
AcDbLine
 10
4.6368066363
 20
13.900425983
 30
0.0
 11
4.5724162992
 21
14.0427915231
 31
0.0
  0
LINE
  5
268
102
{ACAD_REACTORS
330
282
102
}
100
AcDbEntity
  8
Z0_BOTCOMP
370
         5
  6
Continuous
 62
         4
100
AcDbLine
 10
5.9117353098
 20
11.0815882899
 30
0.0
 11
5.8473449727
 21
11.22395383
 31
0.0
  0
LINE
  5
269
102
{ACAD_REACTORS
330
282
102
}
100
AcDbEntity
  8
Z0_BOTCOMP
370
         5
  6
Continuous
 62
         4
100
AcDbLine
 10
4.7865060763
 20
12.356140828
 30
0.0
 11
7.0643547172
 21
13.3863862207
 31
0.0
  0
LINE
  5
26A
102
{ACAD_REACTORS
330
282
102
}
100
AcDbEntity
  8
Z0_BOTCOMP
370
         5
  6
Continuous
 62
         4
100
AcDbLine
 10
7.175419955
 20
11.9275203897
 30
0.0
 11
5.8087107705
 21
11.309373154
 31
0.0
  0
LINE
  5
26B
102
{ACAD_REACTORS
330
282
102
}
100
AcDbEntity
  8
Z0_BOTCOMP
370
         5
  6
Continuous
 62
         4
100
AcDbLine
 10
4.6754408385
 20
13.815006659
 30
0.0
 11
6.042150023
 21
14.4331538946
 31
0.0
  0
LINE
  5
26C
102
{ACAD_REACTORS
330
282
102
}
100
AcDbEntity
  8
Z0_BOTCOMP
370
         5
  6
Continuous
 62
         4
100
AcDbLine
 10
4.6368066363
 20
13.900425983
 30
0.0
 11
6.0035158208
 21
14.5185732187
 31
0.0
  0
LINE
  5
26D
102
{ACAD_REACTORS
330
282
102
}
100
AcDbEntity
  8
Z0_BOTCOMP
370
         5
  6
Continuous
 62
         4
100
AcDbLine
 10
6.042150023
 20
14.4331538946
 30
0.0
 11
4.6754408385
 21
13.815006659
 31
0.0
  0
LINE
  5
26E
102
{ACAD_REACTORS
330
282
102
}
100
AcDbEntity
  8
Z0_BOTCOMP
370
         5
  6
Continuous
 62
         4
100
AcDbLine
 10
5.8473449727
 20
11.22395383
 30
0.0
 11
7.2140541573
 21
11.8421010656
 31
0.0
  0
LINE
  5
26F
102
{ACAD_REACTORS
330
282
102
}
100
AcDbEntity
  8
Z0_BOTCOMP
370
         5
  6
Continuous
 62
         4
100
AcDbLine
 10
7.175419955
 20
11.9275203897
 30
0.0
 11
5.8087107705
 21
11.309373154
 31
0.0
  0
CIRCLE
  5
270
102
{ACAD_REACTORS
330
282
102
}
100
AcDbEntity
  8
Z0_BOTCOMP
370
         5
  6
Continuous
 62
         4
100
AcDbCircle
 10
5.9254303968
 20
12.8712635243
 30
0.0
 40
1.25
  0
LINE
  5
271
102
{ACAD_REACTORS
330
282
102
}
100
AcDbEntity
  8
Z0_BOTCOMP
370
         5
  6
Continuous
 62
         4
100
AcDbLine
 10
4.5724162992
 20
14.0427915231
 30
0.0
 11
4.8036249351
 21
14.5932348709
 31
0.0
  0
LINE
  5
272
102
{ACAD_REACTORS
330
282
102
}
100
AcDbEntity
  8
Z0_BOTCOMP
370
         5
  6
Continuous
 62
         4
100
AcDbLine
 10
5.9117353098
 20
11.0815882899
 30
0.0
 11
6.4777736983
 21
10.8917308295
 31
0.0
  0
LINE
  5
273
102
{ACAD_REACTORS
330
282
102
}
100
AcDbEntity
  8
Z0_BOTCOMP
370
         5
  6
Continuous
 62
         4
100
AcDbLine
 10
6.042150023
 20
14.4331538946
 30
0.0
 11
7.175419955
 21
11.9275203897
 31
0.0
  0
LINE
  5
274
102
{ACAD_REACTORS
330
282
102
}
100
AcDbEntity
  8
Z0_BOTCOMP
370
         5
  6
Continuous
 62
         4
100
AcDbLine
 10
6.0035158208
 20
14.5185732187
 30
0.0
 11
6.042150023
 21
14.4331538946
 31
0.0
  0
LINE
  5
275
102
{ACAD_REACTORS
330
282
102
}
100
AcDbEntity
  8
Z0_BOTCOMP
370
         5
  6
Continuous
 62
         4
100
AcDbLine
 10
7.2140541573
 20
11.8421010656
 30
0.0
 11
7.175419955
 21
11.9275203897
 31
0.0
  0
CIRCLE
  5
276
102
{ACAD_REACTORS
330
282
102
}
100
AcDbEntity
  8
Z0_BOTCOMP
370
         5
  6
Continuous
 62
         4
100
AcDbCircle
 10
5.9254303968
 20
12.8712635243
 30
0.0
 40
0.375
  0
LINE
  5
277
102
{ACAD_REACTORS
330
282
102
}
100
AcDbEntity
  8
Z0_BOTCOMP
370
         5
  6
Continuous
 62
         4
100
AcDbLine
 10
5.3201612285
 20
14.2094996008
 30
0.0
 11
6.530699565
 21
11.5330274478
 31
0.0
  0
LINE
  5
278
102
{ACAD_REACTORS
330
282
102
}
100
AcDbEntity
  8
Z0_BOTCOMP
370
         5
  6
Continuous
 62
         4
100
AcDbLine
 10
5.3201612285
 20
14.2094996008
 30
0.0
 11
5.0883560152
 21
14.722015545
 31
0.0
  0
LINE
  5
279
102
{ACAD_REACTORS
330
282
102
}
100
AcDbEntity
  8
Z0_BOTCOMP
370
         5
  6
Continuous
 62
         4
100
AcDbLine
 10
6.530699565
 20
11.5330274478
 30
0.0
 11
6.7625047784
 21
11.0205115036
 31
0.0
  0
LINE
  5
27A
102
{ACAD_REACTORS
330
282
102
}
100
AcDbEntity
  8
Z0_BOTCOMP
370
         5
  6
Continuous
 62
         4
100
AcDbLine
 10
4.8036249351
 20
14.5932348709
 30
0.0
 11
5.3730870953
 21
14.8507962191
 31
0.0
  0
LINE
  5
27B
102
{ACAD_REACTORS
330
282
102
}
100
AcDbEntity
  8
Z0_BOTCOMP
370
         5
  6
Continuous
 62
         4
100
AcDbLine
 10
6.4777736983
 20
10.8917308295
 30
0.0
 11
7.0472358585
 21
11.1492921777
 31
0.0
  0
LINE
  5
27C
102
{ACAD_REACTORS
330
282
102
}
100
AcDbEntity
  8
Z0_BOTCOMP
370
         5
  6
Continuous
 62
         4
100
AcDbLine
 10
6.530699565
 20
11.5330274478
 30
0.0
 11
6.6594802391
 21
11.2482963677
 31
0.0
  0
CIRCLE
  5
27D
102
{ACAD_REACTORS
330
282
102
}
100
AcDbEntity
  8
Z0_BOTCOMP
370
         5
  6
Continuous
 62
         4
100
AcDbCircle
 10
7.0011575352
 20
11.4028331766
 30
0.0
 40
0.09375
  0
CIRCLE
  5
27E
102
{ACAD_REACTORS
330
282
102
}
100
AcDbEntity
  8
Z0_BOTCOMP
370
         5
  6
Continuous
 62
         4
100
AcDbCircle
 10
6.317802943
 20
11.0937595588
 30
0.0
 40
0.09375
  0
LINE
  5
27F
102
{ACAD_REACTORS
330
282
102
}
100
AcDbEntity
  8
Z0_BOTCOMP
370
         5
  6
Continuous
 62
         4
100
AcDbLine
 10
6.317802943
 20
11.0937595588
 30
0.0
 11
7.0011575352
 21
11.4028331766
 31
0.0
  0
LINE
  5
280
102
{ACAD_REACTORS
330
282
102
}
100
AcDbEntity
  8
Z0_BOTCOMP
370
         5
  6
Continuous
 62
         4
100
AcDbLine
 10
5.1913805545
 20
14.494230681
 30
0.0
 11
5.3201612285
 21
14.2094996008
 31
0.0
  0
CIRCLE
  5
281
102
{ACAD_REACTORS
330
282
102
}
100
AcDbEntity
  8
Z0_BOTCOMP
370
         5
  6
Continuous
 62
         4
100
AcDbCircle
 10
5.5330578506
 20
14.6487674899
 30
0.0
 40
0.09375
  0
CIRCLE
  5
283
100
AcDbEntity
  8
Z0_TOPCOMP
370
        25
  6
Continuous
 62
         6
100
AcDbCircle
 10
5.2544417126
 20
9.6320423009
 30
0.0
 40
0.35
  0
CIRCLE
  5
284
100
AcDbEntity
  8
Z0_CUT500
370
        25
  6
Continuous
 62
         5
100
AcDbCircle
 10
5.2544417126
 20
9.6320423009
 30
0.0
 40
0.0825
  0
ARC
  5
285
102
{ACAD_REACTORS
330
290
102
}
100
AcDbEntity
  8
Z0_BOTCOMP
370
        25
  6
Continuous
 62
         4
100
AcDbCircle
 10
5.2544417126
 20
9.6320423009
 30
0.0
 40
0.285
100
AcDbArc
 50
90.0
 51
164.5679286494
  0
ARC
  5
286
102
{ACAD_REACTORS
330
290
102
}
100
AcDbEntity
  8
Z0_BOTCOMP
370
        25
  6
Continuous
 62
         4
100
AcDbCircle
 10
5.2544417126
 20
9.6320423009
 30
0.0
 40
0.285
100
AcDbArc
 50
-150.0
 51
-75.4320713506
  0
ARC
  5
287
102
{ACAD_REACTORS
330
290
102
}
100
AcDbEntity
  8
Z0_BOTCOMP
370
        25
  6
Continuous
 62
         4
100
AcDbCircle
 10
5.2544417126
 20
9.6320423009
 30
0.0
 40
0.285
100
AcDbArc
 50
-30.0
 51
44.5679286494
  0
LINE
  5
288
102
{ACAD_REACTORS
330
290
102
}
100
AcDbEntity
  8
Z0_BOTCOMP
370
        25
  6
Continuous
 62
         4
100
AcDbLine
 10
5.0076244725
 20
9.4895423009
 30
0.0
 11
5.0812366318
 21
9.5320423009
 31
0.0
  0
LINE
  5
289
102
{ACAD_REACTORS
330
290
102
}
100
AcDbEntity
  8
Z0_BOTCOMP
370
        25
  6
Continuous
 62
         4
100
AcDbLine
 10
5.0812366318
 20
9.5320423009
 30
0.0
 11
4.9797169293
 21
9.7078795836
 31
0.0
  0
LINE
  5
28A
102
{ACAD_REACTORS
330
290
102
}
100
AcDbEntity
  8
Z0_BOTCOMP
370
        25
  6
Continuous
 62
         4
100
AcDbLine
 10
5.5012589527
 20
9.4895423009
 30
0.0
 11
5.4276467933
 21
9.5320423009
 31
0.0
  0
LINE
  5
28B
102
{ACAD_REACTORS
330
290
102
}
100
AcDbEntity
  8
Z0_BOTCOMP
370
        25
  6
Continuous
 62
         4
100
AcDbLine
 10
5.4276467933
 20
9.5320423009
 30
0.0
 11
5.3261270908
 21
9.3562050182
 31
0.0
  0
LINE
  5
28C
102
{ACAD_REACTORS
330
290
102
}
100
AcDbEntity
  8
Z0_BOTCOMP
370
        25
  6
Continuous
 62
         4
100
AcDbLine
 10
5.2544417126
 20
9.8320423009
 30
0.0
 11
5.4574811176
 21
9.8320423009
 31
0.0
  0
LINE
  5
28D
102
{ACAD_REACTORS
330
290
102
}
100
AcDbEntity
  8
Z0_BOTCOMP
370
        25
  6
Continuous
 62
         4
100
AcDbLine
 10
5.2544417126
 20
9.9170423009
 30
0.0
 11
5.2544417126
 21
9.8320423009
 31
0.0
  0
CIRCLE
  5
28E
102
{ACAD_REACTORS
330
290
102
}
100
AcDbEntity
  8
Z0_BOTCOMP
370
        25
  6
Continuous
 62
         4
100
AcDbCircle
 10
5.2544417126
 20
9.6320423009
 30
0.0
 40
0.059
  0
CIRCLE
  5
28F
102
{ACAD_REACTORS
330
290
102
}
100
AcDbEntity
  8
Z0_BOTCOMP
370
        25
  6
Continuous
 62
         4
100
AcDbCircle
 10
5.2544417126
 20
9.6320423009
 30
0.0
 40
0.085
  0
CIRCLE
  5
291
100
AcDbEntity
  8
Z0_CUT500
370
        25
  6
Continuous
 62
         5
100
AcDbCircle
 10
3.4
 20
10.6696698519
 30
0.0
 40
0.0825
  0
CIRCLE
  5
292
100
AcDbEntity
  8
Z0_TOPCOMP
370
        25
  6
Continuous
 62
         6
100
AcDbCircle
 10
3.4
 20
10.6696698519
 30
0.0
 40
0.35
  0
ARC
  5
293
102
{ACAD_REACTORS
330
29E
102
}
100
AcDbEntity
  8
Z0_BOTCOMP
370
        25
  6
Continuous
 62
         4
100
AcDbCircle
 10
3.4
 20
10.6696698519
 30
0.0
 40
0.285
100
AcDbArc
 50
90.0
 51
164.5679286494
  0
ARC
  5
294
102
{ACAD_REACTORS
330
29E
102
}
100
AcDbEntity
  8
Z0_BOTCOMP
370
        25
  6
Continuous
 62
         4
100
AcDbCircle
 10
3.4
 20
10.6696698519
 30
0.0
 40
0.285
100
AcDbArc
 50
-150.0
 51
-75.4320713506
  0
ARC
  5
295
102
{ACAD_REACTORS
330
29E
102
}
100
AcDbEntity
  8
Z0_BOTCOMP
370
        25
  6
Continuous
 62
         4
100
AcDbCircle
 10
3.4
 20
10.6696698519
 30
0.0
 40
0.285
100
AcDbArc
 50
-30.0
 51
44.5679286494
  0
LINE
  5
296
102
{ACAD_REACTORS
330
29E
102
}
100
AcDbEntity
  8
Z0_BOTCOMP
370
        25
  6
Continuous
 62
         4
100
AcDbLine
 10
3.1531827599
 20
10.5271698519
 30
0.0
 11
3.2267949192
 21
10.5696698519
 31
0.0
  0
LINE
  5
297
102
{ACAD_REACTORS
330
29E
102
}
100
AcDbEntity
  8
Z0_BOTCOMP
370
        25
  6
Continuous
 62
         4
100
AcDbLine
 10
3.2267949192
 20
10.5696698519
 30
0.0
 11
3.1252752167
 21
10.7455071347
 31
0.0
  0
LINE
  5
298
102
{ACAD_REACTORS
330
29E
102
}
100
AcDbEntity
  8
Z0_BOTCOMP
370
        25
  6
Continuous
 62
         4
100
AcDbLine
 10
3.6468172401
 20
10.5271698519
 30
0.0
 11
3.5732050808
 21
10.5696698519
 31
0.0
  0
LINE
  5
299
102
{ACAD_REACTORS
330
29E
102
}
100
AcDbEntity
  8
Z0_BOTCOMP
370
        25
  6
Continuous
 62
         4
100
AcDbLine
 10
3.5732050808
 20
10.5696698519
 30
0.0
 11
3.4716853782
 21
10.3938325692
 31
0.0
  0
LINE
  5
29A
102
{ACAD_REACTORS
330
29E
102
}
100
AcDbEntity
  8
Z0_BOTCOMP
370
        25
  6
Continuous
 62
         4
100
AcDbLine
 10
3.4
 20
10.8696698519
 30
0.0
 11
3.603039405
 21
10.8696698519
 31
0.0
  0
LINE
  5
29B
102
{ACAD_REACTORS
330
29E
102
}
100
AcDbEntity
  8
Z0_BOTCOMP
370
        25
  6
Continuous
 62
         4
100
AcDbLine
 10
3.4
 20
10.9546698519
 30
0.0
 11
3.4
 21
10.8696698519
 31
0.0
  0
CIRCLE
  5
29C
102
{ACAD_REACTORS
330
29E
102
}
100
AcDbEntity
  8
Z0_BOTCOMP
370
        25
  6
Continuous
 62
         4
100
AcDbCircle
 10
3.4
 20
10.6696698519
 30
0.0
 40
0.059
  0
CIRCLE
  5
29D
102
{ACAD_REACTORS
330
29E
102
}
100
AcDbEntity
  8
Z0_BOTCOMP
370
        25
  6
Continuous
 62
         4
100
AcDbCircle
 10
3.4
 20
10.6696698519
 30
0.0
 40
0.085
  0
CIRCLE
  5
29F
100
AcDbEntity
  8
Z0_TOPCOMP
370
        25
  6
Continuous
 62
         6
100
AcDbCircle
 10
3.4
 20
13.7321698519
 30
0.0
 40
0.35
  0
CIRCLE
  5
2A0
100
AcDbEntity
  8
Z0_CUT500
370
        25
  6
Continuous
 62
         5
100
AcDbCircle
 10
3.4
 20
13.7321698519
 30
0.0
 40
0.0825
  0
LINE
  5
2A1
102
{ACAD_REACTORS
330
2A9
102
}
100
AcDbEntity
  8
Z0_TOPCOMP
370
         5
  6
Continuous
 62
         6
100
AcDbLine
 10
4.7485976087
 20
11.8128176185
 30
0.0
 11
4.7036359452
 21
11.9122268307
 31
0.0
  0
LINE
  5
2A2
102
{ACAD_REACTORS
330
2A9
102
}
100
AcDbEntity
  8
Z0_TOPCOMP
370
         5
  6
Continuous
 62
         6
100
AcDbLine
 10
4.410241477
 20
11.6597829378
 30
0.0
 11
4.3652797998
 21
11.7591921487
 31
0.0
  0
LINE
  5
2A3
102
{ACAD_REACTORS
330
2A9
102
}
100
AcDbEntity
  8
Z0_TOPCOMP
370
         5
  6
Continuous
 62
         6
100
AcDbLine
 10
4.3306233827
 20
11.7435174337
 30
0.0
 11
4.3755850461
 21
11.6441082215
 31
0.0
  0
LINE
  5
2A4
102
{ACAD_REACTORS
330
2A9
102
}
100
AcDbEntity
  8
Z0_TOPCOMP
370
         5
  6
Continuous
 62
         6
100
AcDbLine
 10
4.0372289144
 20
11.4910735409
 30
0.0
 11
4.410241477
 21
11.6597829378
 31
0.0
  0
LINE
  5
2A5
102
{ACAD_REACTORS
330
2A9
102
}
100
AcDbEntity
  8
Z0_TOPCOMP
370
         5
  6
Continuous
 62
         6
100
AcDbLine
 10
3.9922672372
 20
11.5904827518
 30
0.0
 11
4.0372289144
 21
11.4910735409
 31
0.0
  0
LINE
  5
2A6
102
{ACAD_REACTORS
330
2A9
102
}
100
AcDbEntity
  8
Z0_TOPCOMP
370
         5
  6
Continuous
 62
         6
100
AcDbLine
 10
4.7036359452
 20
11.9122268307
 30
0.0
 11
4.3306233827
 21
11.7435174337
 31
0.0
  0
LINE
  5
2A7
102
{ACAD_REACTORS
330
2A9
102
}
100
AcDbEntity
  8
Z0_TOPCOMP
370
         5
  6
Continuous
 62
         6
100
AcDbLine
 10
4.3652797998
 20
11.7591921487
 30
0.0
 11
3.9922672372
 21
11.5904827518
 31
0.0
  0
LINE
  5
2A8
102
{ACAD_REACTORS
330
2A9
102
}
100
AcDbEntity
  8
Z0_TOPCOMP
370
         5
  6
Continuous
 62
         6
100
AcDbLine
 10
4.3755850461
 20
11.6441082215
 30
0.0
 11
4.7485976087
 21
11.8128176185
 31
0.0
  0
LINE
  5
2AA
102
{ACAD_REACTORS
330
2D1
102
}
100
AcDbEntity
  8
Z0_BOTCOMP
370
         5
  6
Continuous
 62
         4
100
AcDbLine
 10
5.3067437123
 20
6.3010717127
 30
0.0
 11
3.8842286741
 21
7.0258793269
 31
0.0
  0
LINE
  5
2AB
102
{ACAD_REACTORS
330
2D1
102
}
100
AcDbEntity
  8
Z0_BOTCOMP
370
         5
  6
Continuous
 62
         4
100
AcDbLine
 10
5.307248022
 20
7.1046074377
 30
0.0
 11
5.8646598708
 21
6.8205919149
 31
0.0
  0
LINE
  5
2AC
102
{ACAD_REACTORS
330
2D1
102
}
100
AcDbEntity
  8
Z0_BOTCOMP
370
         5
  6
Continuous
 62
         4
100
AcDbLine
 10
7.1659946925
 20
6.201903004
 30
0.0
 11
7.6609764143
 21
5.9496972197
 31
0.0
  0
LINE
  5
2AD
102
{ACAD_REACTORS
330
2D1
102
}
100
AcDbEntity
  8
Z0_BOTCOMP
370
         5
  6
Continuous
 62
         4
100
AcDbLine
 10
7.3178856627
 20
5.2763437064
 30
0.0
 11
6.822903941
 21
5.5285494906
 31
0.0
  0
LINE
  5
2AE
102
{ACAD_REACTORS
330
2D1
102
}
100
AcDbEntity
  8
Z0_BOTCOMP
370
         5
  6
Continuous
 62
         4
100
AcDbLine
 10
6.6882755615
 20
5.4848060785
 30
0.0
 11
6.5928463459
 21
5.2975156973
 31
0.0
  0
LINE
  5
2AF
102
{ACAD_REACTORS
330
2D1
102
}
100
AcDbEntity
  8
Z0_BOTCOMP
370
         5
  6
Continuous
 62
         4
100
AcDbLine
 10
5.7337377587
 20
10.6557452863
 30
0.0
 11
7.1473342072
 21
9.9354819204
 31
0.0
  0
LINE
  5
2B0
102
{ACAD_REACTORS
330
2D1
102
}
100
AcDbEntity
  8
Z0_BOTCOMP
370
         5
  6
Continuous
 62
         4
100
AcDbLine
 10
7.1222512804
 20
6.3365313834
 30
0.0
 11
8.1946938945
 21
8.4413185245
 31
0.0
  0
LINE
  5
2B1
102
{ACAD_REACTORS
330
2D1
102
}
100
AcDbEntity
  8
Z0_BOTCOMP
370
         5
  6
Continuous
 62
         4
100
AcDbLine
 10
4.2273194257
 20
7.6992328403
 30
0.0
 11
4.7223011474
 21
7.447027056
 31
0.0
  0
LINE
  5
2B2
102
{ACAD_REACTORS
330
2D1
102
}
100
AcDbEntity
  8
Z0_BOTCOMP
370
         5
  6
Continuous
 62
         4
100
AcDbLine
 10
3.8842286741
 20
7.0258793269
 30
0.0
 11
4.2273194257
 21
7.6992328403
 31
0.0
  0
LINE
  5
2B3
102
{ACAD_REACTORS
330
2D1
102
}
100
AcDbEntity
  8
Z0_BOTCOMP
370
         5
  6
Continuous
 62
         4
100
AcDbLine
 10
7.3178856627
 20
5.2763437064
 30
0.0
 11
7.6609764143
 21
5.9496972197
 31
0.0
  0
LINE
  5
2B4
102
{ACAD_REACTORS
330
2D1
102
}
100
AcDbEntity
  8
Z0_BOTCOMP
370
         5
  6
Continuous
 62
         4
100
AcDbLine
 10
8.6286696134
 20
9.2930438295
 30
0.0
 11
8.8967802669
 21
9.8192406147
 31
0.0
  0
LINE
  5
2B5
102
{ACAD_REACTORS
330
2D1
102
}
100
AcDbEntity
  8
Z0_BOTCOMP
370
         5
  6
Continuous
 62
         4
100
AcDbLine
 10
8.6724130255
 20
9.15841545
 30
0.0
 11
9.1673947473
 21
8.9062096658
 31
0.0
  0
LINE
  5
2B6
102
{ACAD_REACTORS
330
2D1
102
}
100
AcDbEntity
  8
Z0_BOTCOMP
370
         5
  6
Continuous
 62
         4
100
AcDbLine
 10
8.8243039957
 20
8.2328561524
 30
0.0
 11
8.329322274
 21
8.4850619367
 31
0.0
  0
LINE
  5
2B7
102
{ACAD_REACTORS
330
2D1
102
}
100
AcDbEntity
  8
Z0_BOTCOMP
370
         5
  6
Continuous
 62
         4
100
AcDbLine
 10
8.8243039957
 20
8.2328561524
 30
0.0
 11
9.1673947473
 21
8.9062096658
 31
0.0
  0
ARC
  5
2B8
102
{ACAD_REACTORS
330
2D1
102
}
100
AcDbEntity
  8
Z0_BOTCOMP
370
        25
  6
Continuous
 62
         4
100
AcDbCircle
 10
7.2114371762
 20
6.2910888998
 30
0.0
 40
0.1000956709
100
AcDbArc
 50
153.0
 51
-117.0
  0
ARC
  5
2B9
102
{ACAD_REACTORS
330
2D1
102
}
100
AcDbEntity
  8
Z0_BOTCOMP
370
        25
  6
Continuous
 62
         4
100
AcDbCircle
 10
8.2838797903
 20
8.3958760409
 30
0.0
 40
0.1000956709
100
AcDbArc
 50
62.9999999999
 51
153.0000000003
  0
ARC
  5
2BA
102
{ACAD_REACTORS
330
2D1
102
}
100
AcDbEntity
  8
Z0_BOTCOMP
370
        25
  6
Continuous
 62
         4
100
AcDbCircle
 10
8.7178555092
 20
9.2476013458
 30
0.0
 40
0.1000956709
100
AcDbArc
 50
152.9999999999
 51
-117.0
  0
ARC
  5
2BB
102
{ACAD_REACTORS
330
2D1
102
}
100
AcDbEntity
  8
Z0_BOTCOMP
370
        25
  6
Continuous
 62
         4
100
AcDbCircle
 10
7.1927766909
 20
10.0246678162
 30
0.0
 40
0.1000956709
100
AcDbArc
 50
-117.0
 51
-27.0000000007
  0
ARC
  5
2BC
102
{ACAD_REACTORS
330
2D1
102
}
100
AcDbEntity
  8
Z0_BOTCOMP
370
        25
  6
Continuous
 62
         4
100
AcDbCircle
 10
5.8401862452
 20
9.6410000929
 30
0.0
 40
0.1000956709
100
AcDbArc
 50
-27.0
 51
62.9999999998
  0
ARC
  5
2BD
102
{ACAD_REACTORS
330
2D1
102
}
100
AcDbEntity
  8
Z0_BOTCOMP
370
        25
  6
Continuous
 62
         4
100
AcDbCircle
 10
4.7677436311
 20
7.5362129518
 30
0.0
 40
0.1000956709
100
AcDbArc
 50
-117.0
 51
-26.9999999999
  0
ARC
  5
2BE
102
{ACAD_REACTORS
330
2D1
102
}
100
AcDbEntity
  8
Z0_BOTCOMP
370
        25
  6
Continuous
 62
         4
100
AcDbCircle
 10
5.2613012286
 20
6.2118858169
 30
0.0
 40
0.1000956709
100
AcDbArc
 50
-27.0000000002
 51
63.0
  0
ARC
  5
2BF
102
{ACAD_REACTORS
330
2D1
102
}
100
AcDbEntity
  8
Z0_BOTCOMP
370
        25
  6
Continuous
 62
         4
100
AcDbCircle
 10
6.7774614573
 20
5.4393635948
 30
0.0
 40
0.1000956709
100
AcDbArc
 50
62.9999999999
 51
153.0000000003
  0
CIRCLE
  5
2C0
102
{ACAD_REACTORS
330
2D1
102
}
100
AcDbEntity
  8
Z0_BOTCOMP
370
        25
  6
Continuous
 62
         4
100
AcDbCircle
 10
5.8133832376
 20
10.3932923924
 30
0.0
 40
0.069
  0
CIRCLE
  5
2C1
102
{ACAD_REACTORS
330
2D1
102
}
100
AcDbEntity
  8
Z0_BOTCOMP
370
        25
  6
Continuous
 62
         4
100
AcDbCircle
 10
5.6429739239
 20
10.0588452831
 30
0.0
 40
0.069
  0
CIRCLE
  5
2C2
102
{ACAD_REACTORS
330
2D1
102
}
100
AcDbEntity
  8
Z0_BOTCOMP
370
        25
  6
Continuous
 62
         4
100
AcDbCircle
 10
8.908251458
 20
8.8163782712
 30
0.0
 40
0.069
  0
CIRCLE
  5
2C3
102
{ACAD_REACTORS
330
2D1
102
}
100
AcDbEntity
  8
Z0_BOTCOMP
370
        25
  6
Continuous
 62
         4
100
AcDbCircle
 10
8.7378421443
 20
8.481931162
 30
0.0
 40
0.069
  0
CIRCLE
  5
2C4
102
{ACAD_REACTORS
330
2D1
102
}
100
AcDbEntity
  8
Z0_BOTCOMP
370
        25
  6
Continuous
 62
         4
100
AcDbCircle
 10
7.4085906796
 20
5.8732736788
 30
0.0
 40
0.069
  0
CIRCLE
  5
2C5
102
{ACAD_REACTORS
330
2D1
102
}
100
AcDbEntity
  8
Z0_BOTCOMP
370
        25
  6
Continuous
 62
         4
100
AcDbCircle
 10
7.2381813659
 20
5.5388265695
 30
0.0
 40
0.069
  0
CIRCLE
  5
2C6
102
{ACAD_REACTORS
330
2D1
102
}
100
AcDbEntity
  8
Z0_BOTCOMP
370
        25
  6
Continuous
 62
         4
100
AcDbCircle
 10
4.1433719634
 20
7.1157107214
 30
0.0
 40
0.069
  0
CIRCLE
  5
2C7
102
{ACAD_REACTORS
330
2D1
102
}
100
AcDbEntity
  8
Z0_BOTCOMP
370
        25
  6
Continuous
 62
         4
100
AcDbCircle
 10
4.3137812771
 20
7.4501578307
 30
0.0
 40
0.069
  0
LINE
  5
2C8
102
{ACAD_REACTORS
330
2D1
102
}
100
AcDbEntity
  8
Z0_BOTCOMP
370
         5
  6
Continuous
 62
         4
100
AcDbLine
 10
5.8856287289
 20
9.7301859887
 30
0.0
 11
5.3906470071
 21
9.9823917729
 31
0.0
  0
LINE
  5
2C9
102
{ACAD_REACTORS
330
2D1
102
}
100
AcDbEntity
  8
Z0_BOTCOMP
370
         5
  6
Continuous
 62
         4
100
AcDbLine
 10
5.7337377587
 20
10.6557452863
 30
0.0
 11
5.3906470071
 21
9.9823917729
 31
0.0
  0
LINE
  5
2CA
102
{ACAD_REACTORS
330
2D1
102
}
100
AcDbEntity
  8
Z0_BOTCOMP
370
         5
  6
Continuous
 62
         4
100
AcDbLine
 10
6.6351078557
 20
5.3804585804
 30
0.0
 11
5.2973194185
 21
6.0620958351
 31
0.0
  0
LINE
  5
2CB
102
{ACAD_REACTORS
330
2D1
102
}
100
AcDbEntity
  8
Z0_BOTCOMP
370
         5
  6
Continuous
 62
         4
100
AcDbLine
 10
6.5928463459
 20
5.2975156973
 30
0.0
 11
5.2550579087
 21
5.979152952
 31
0.0
  0
LINE
  5
2CC
102
{ACAD_REACTORS
330
2D1
102
}
100
AcDbEntity
  8
Z0_BOTCOMP
370
         5
  6
Continuous
 62
         4
100
AcDbLine
 10
8.8967802669
 20
9.8192406147
 30
0.0
 11
7.5500732402
 21
10.5054221179
 31
0.0
  0
LINE
  5
2CD
102
{ACAD_REACTORS
330
2D1
102
}
100
AcDbEntity
  8
Z0_BOTCOMP
370
         5
  6
Continuous
 62
         4
100
AcDbLine
 10
5.443946185
 20
6.6838937519
 30
0.0
 11
5.7279617078
 21
7.2413056007
 31
0.0
  0
LINE
  5
2CE
102
{ACAD_REACTORS
330
2D1
102
}
100
AcDbEntity
  8
Z0_BOTCOMP
370
         5
  6
Continuous
 62
         4
100
AcDbLine
 10
4.8569295269
 20
7.4907704682
 30
0.0
 11
5.929372141
 21
9.5955576092
 31
0.0
  0
LINE
  5
2CF
102
{ACAD_REACTORS
330
2D1
102
}
100
AcDbEntity
  8
Z0_BOTCOMP
370
         5
  6
Continuous
 62
         4
100
AcDbLine
 10
7.5500732402
 20
10.5054221179
 30
0.0
 11
7.2819625867
 21
9.9792253326
 31
0.0
  0
LINE
  5
2D0
102
{ACAD_REACTORS
330
2D1
102
}
100
AcDbEntity
  8
Z0_BOTCOMP
370
         5
  6
Continuous
 62
         4
100
AcDbLine
 10
5.2550579087
 20
5.979152952
 30
0.0
 11
5.3504871244
 21
6.1664433332
 31
0.0
  0
LINE
  5
2D2
100
AcDbEntity
  8
Z0_WOODOUTLINE
370
        25
  6
Continuous
 62
         5
100
AcDbLine
 10
0.0000294415
 20
42.0
 30
0.0
 11
0.0000843342
 21
3.6024763391
 31
0.0
  0
LINE
  5
2D3
100
AcDbEntity
  8
Z0_WOODOUTLINE
370
        25
  6
Continuous
 62
         5
100
AcDbLine
 10
20.2499182788
 20
42.0
 30
0.0
 11
20.2500294415
 21
4.1649763391
 31
0.0
  0
LINE
  5
2D4
102
{ACAD_REACTORS
330
2D8
102
}
100
AcDbEntity
  8
Z0_CUT500
370
        25
  6
Continuous
 62
         5
100
AcDbLine
 10
17.16
 20
13.0634241091
 30
0.0
 11
17.16
 21
11.3634241091
 31
0.0
  0
LINE
  5
2D5
102
{ACAD_REACTORS
330
2D8
102
}
100
AcDbEntity
  8
Z0_CUT500
370
        25
  6
Continuous
 62
         5
100
AcDbLine
 10
17.34
 20
13.0634241091
 30
0.0
 11
17.34
 21
11.3634241091
 31
0.0
  0
ARC
  5
2D6
102
{ACAD_REACTORS
330
2D8
102
}
100
AcDbEntity
  8
Z0_CUT500
370
        25
  6
Continuous
 62
         5
100
AcDbCircle
 10
17.25
 20
11.3634241091
 30
0.0
 40
0.09
100
AcDbArc
 50
180.0
 51
0.0
  0
ARC
  5
2D7
102
{ACAD_REACTORS
330
2D8
102
}
100
AcDbEntity
  8
Z0_CUT500
370
        25
  6
Continuous
 62
         5
100
AcDbCircle
 10
17.25
 20
13.0634241091
 30
0.0
 40
0.09
100
AcDbArc
 50
0.0
 51
180.0
  0
ARC
  5
2D9
102
{ACAD_REACTORS
330
2E1
102
}
100
AcDbEntity
  8
Z0_CUT500
370
        25
  6
Continuous
 62
         5
100
AcDbCircle
 10
12.1033223202
 20
3.4178712796
 30
0.0
 40
0.25
100
AcDbArc
 50
29.209216376
 51
119.2092162645
  0
ARC
  5
2DA
102
{ACAD_REACTORS
330
2E1
102
}
100
AcDbEntity
  8
Z0_CUT500
370
        25
  6
Continuous
 62
         5
100
AcDbCircle
 10
10.068509647
 20
2.2802233342
 30
0.0
 40
0.25
100
AcDbArc
 50
119.2092162645
 51
-140.1104261263
  0
ARC
  5
2DB
102
{ACAD_REACTORS
330
2E1
102
}
100
AcDbEntity
  8
Z0_CUT500
370
        25
  6
Continuous
 62
         5
100
AcDbCircle
 10
12.6045854199
 20
2.5213052484
 30
0.0
 40
0.25
100
AcDbArc
 50
-60.7907837355
 51
29.209216376
  0
LINE
  5
2DC
102
{ACAD_REACTORS
330
2E1
102
}
100
AcDbEntity
  8
Z0_CUT500
370
        25
  6
Continuous
 62
         5
100
AcDbLine
 10
12.8227963176
 20
2.6433052654
 30
0.0
 11
12.3215332179
 21
3.5398712965
 31
0.0
  0
ARC
  5
2DD
102
{ACAD_REACTORS
330
2E1
102
}
100
AcDbEntity
  8
Z0_CUT500
370
        25
  6
Continuous
 62
         5
100
AcDbCircle
 10
10.7388623376
 20
1.4781939787
 30
0.0
 40
0.25
100
AcDbArc
 50
-140.1104261263
 51
-60.7907837355
  0
LINE
  5
2DE
102
{ACAD_REACTORS
330
2E1
102
}
100
AcDbEntity
  8
Z0_CUT500
370
        25
  6
Continuous
 62
         5
100
AcDbLine
 10
9.8766891811
 20
2.1198958293
 30
0.0
 11
10.5470418716
 21
1.3178664738
 31
0.0
  0
LINE
  5
2DF
102
{ACAD_REACTORS
330
2E1
102
}
100
AcDbEntity
  8
Z0_CUT500
370
        25
  6
Continuous
 62
         5
100
AcDbLine
 10
10.8608623541
 20
1.2599830808
 30
0.0
 11
12.7265854364
 21
2.3030943505
 31
0.0
  0
LINE
  5
2E0
102
{ACAD_REACTORS
330
2E1
102
}
100
AcDbEntity
  8
Z0_CUT500
370
        25
  6
Continuous
 62
         5
100
AcDbLine
 10
11.9813223037
 20
3.6360821775
 30
0.0
 11
9.9465096305
 21
2.4984342322
 31
0.0
  0
LINE
  5
2E2
102
{ACAD_REACTORS
330
2EA
102
}
100
AcDbEntity
  8
Z0_CUT500
370
        25
  6
Continuous
 62
         5
100
AcDbLine
 10
18.2530526657
 20
5.636650717
 30
0.0
 11
17.6899848817
 21
6.6437565167
 31
0.0
  0
ARC
  5
2E3
102
{ACAD_REACTORS
330
2EA
102
}
100
AcDbEntity
  8
Z0_CUT500
370
        25
  6
Continuous
 62
         5
100
AcDbCircle
 10
17.5263268994
 20
6.5522561624
 30
0.0
 40
0.1875
100
AcDbArc
 50
29.209335952
 51
119.2093361451
  0
LINE
  5
2E4
102
{ACAD_REACTORS
330
2EA
102
}
100
AcDbEntity
  8
Z0_CUT500
370
        25
  6
Continuous
 62
         5
100
AcDbLine
 10
17.4348265446
 20
6.7159141444
 30
0.0
 11
15.5972913438
 21
5.6885574537
 31
0.0
  0
LINE
  5
2E5
102
{ACAD_REACTORS
330
2EA
102
}
100
AcDbEntity
  8
Z0_CUT500
370
        25
  6
Continuous
 62
         5
100
AcDbLine
 10
15.5251337166
 20
5.4333991168
 30
0.0
 11
16.0882015
 21
4.426293328
 31
0.0
  0
ARC
  5
2E6
102
{ACAD_REACTORS
330
2EA
102
}
100
AcDbEntity
  8
Z0_CUT500
370
        25
  6
Continuous
 62
         5
100
AcDbCircle
 10
15.6887916986
 20
5.5248994717
 30
0.0
 40
0.1875
100
AcDbArc
 50
119.2093361451
 51
-150.7906638102
  0
ARC
  5
2E7
102
{ACAD_REACTORS
330
2EA
102
}
100
AcDbEntity
  8
Z0_CUT500
370
        25
  6
Continuous
 62
         5
100
AcDbCircle
 10
18.0893946834
 20
5.5451503628
 30
0.0
 40
0.1875
100
AcDbArc
 50
-60.790664126
 51
29.209335952
  0
ARC
  5
2E8
102
{ACAD_REACTORS
330
2EA
102
}
100
AcDbEntity
  8
Z0_CUT500
370
        25
  6
Continuous
 62
         5
100
AcDbCircle
 10
16.251859482
 20
4.5177936829
 30
0.0
 40
0.1875
100
AcDbArc
 50
-150.7906638102
 51
-60.790664126
  0
LINE
  5
2E9
102
{ACAD_REACTORS
330
2EA
102
}
100
AcDbEntity
  8
Z0_CUT500
370
        25
  6
Continuous
 62
         5
100
AcDbLine
 10
16.343359836
 20
4.3541357005
 30
0.0
 11
18.1808950374
 21
5.3814923803
 31
0.0
  0
LINE
  5
2EC
102
{ACAD_REACTORS
330
339
102
}
100
AcDbEntity
  8
Z0_TOPCOMP
370
        25
  6
Continuous
 62
         6
100
AcDbLine
 10
6.9375
 20
4.0625
 30
0.0
 11
6.9375
 21
3.9375
 31
0.0
  0
LINE
  5
2ED
102
{ACAD_REACTORS
330
339
102
}
100
AcDbEntity
  8
Z0_TOPCOMP
370
        25
  6
Continuous
 62
         6
100
AcDbLine
 10
11.84375
 20
3.1875
 30
0.0
 11
11.84375
 21
2.0
 31
0.0
  0
LINE
  5
2EE
102
{ACAD_REACTORS
330
339
102
}
100
AcDbEntity
  8
Z0_TOPCOMP
370
        25
  6
Continuous
 62
         6
100
AcDbLine
 10
11.46875
 20
0.3125
 30
0.0
 11
8.90625
 21
0.3125
 31
0.0
  0
LINE
  5
2EF
102
{ACAD_REACTORS
330
339
102
}
100
AcDbEntity
  8
Z0_TOPCOMP
370
        25
  6
Continuous
 62
         6
100
AcDbLine
 10
11.84375
 20
2.0
 30
0.0
 11
11.84375
 21
0.6875
 31
0.0
  0
ARC
  5
2F0
102
{ACAD_REACTORS
330
339
102
}
100
AcDbEntity
  8
Z0_TOPCOMP
370
        25
  6
Continuous
 62
         6
100
AcDbCircle
 10
11.46875
 20
0.6875
 30
0.0
 40
0.375
100
AcDbArc
 50
-90.0
 51
0.0
  0
LINE
  5
2F1
102
{ACAD_REACTORS
330
339
102
}
100
AcDbEntity
  8
Z0_TOPCOMP
370
        25
  6
Continuous
 62
         6
100
AcDbLine
 10
11.96875
 20
2.0
 30
0.0
 11
11.96875
 21
0.6875
 31
0.0
  0
LINE
  5
2F2
102
{ACAD_REACTORS
330
339
102
}
100
AcDbEntity
  8
Z0_TOPCOMP
370
        25
  6
Continuous
 62
         6
100
AcDbLine
 10
6.40625
 20
3.0625
 30
0.0
 11
6.40625
 21
2.0
 31
0.0
  0
LINE
  5
2F3
102
{ACAD_REACTORS
330
339
102
}
100
AcDbEntity
  8
Z0_TOPCOMP
370
        25
  6
Continuous
 62
         6
100
AcDbLine
 10
6.53125
 20
3.0625
 30
0.0
 11
6.53125
 21
2.0
 31
0.0
  0
ARC
  5
2F4
102
{ACAD_REACTORS
330
339
102
}
100
AcDbEntity
  8
Z0_TOPCOMP
370
        25
  6
Continuous
 62
         6
100
AcDbCircle
 10
6.90625
 20
0.6875
 30
0.0
 40
0.375
100
AcDbArc
 50
180.0
 51
-90.0
  0
LINE
  5
2F5
102
{ACAD_REACTORS
330
339
102
}
100
AcDbEntity
  8
Z0_TOPCOMP
370
        25
  6
Continuous
 62
         6
100
AcDbLine
 10
6.90625
 20
0.3125
 30
0.0
 11
8.90625
 21
0.3125
 31
0.0
  0
LINE
  5
2F6
102
{ACAD_REACTORS
330
339
102
}
100
AcDbEntity
  8
Z0_TOPCOMP
370
        25
  6
Continuous
 62
         6
100
AcDbLine
 10
6.53125
 20
2.0
 30
0.0
 11
6.53125
 21
0.6875
 31
0.0
  0
LINE
  5
2F7
102
{ACAD_REACTORS
330
339
102
}
100
AcDbEntity
  8
Z0_TOPCOMP
370
        25
  6
Continuous
 62
         6
100
AcDbLine
 10
6.40625
 20
2.0
 30
0.0
 11
6.40625
 21
0.6875
 31
0.0
  0
ARC
  5
2F8
102
{ACAD_REACTORS
330
339
102
}
100
AcDbEntity
  8
Z0_TOPCOMP
370
        25
  6
Continuous
 62
         6
100
AcDbCircle
 10
9.2463235294
 20
6.5441176471
 30
0.0
 40
3.8199500073
100
AcDbArc
 50
-123.905935387
 51
-67.4647962087
  0
ARC
  5
2F9
102
{ACAD_REACTORS
330
339
102
}
100
AcDbEntity
  8
Z0_TOPCOMP
370
        25
  6
Continuous
 62
         6
100
AcDbCircle
 10
9.2463235294
 20
6.5441176471
 30
0.0
 40
3.6506752782
100
AcDbArc
 50
-66.3579397092
 51
-56.4913394778
  0
LINE
  5
2FA
102
{ACAD_REACTORS
330
339
102
}
100
AcDbEntity
  8
Z0_TOPCOMP
370
        25
  6
Continuous
 62
         6
100
AcDbLine
 10
10.7103232357
 20
3.0158428678
 30
0.0
 11
10.7103232357
 21
3.1998486915
 31
0.0
  0
LINE
  5
2FB
102
{ACAD_REACTORS
330
339
102
}
100
AcDbEntity
  8
Z0_TOPCOMP
370
        25
  6
Continuous
 62
         6
100
AcDbLine
 10
10.5853232357
 20
3.1003210005
 30
0.0
 11
10.5853232357
 21
3.282604815
 31
0.0
  0
ARC
  5
2FC
102
{ACAD_REACTORS
330
339
102
}
100
AcDbEntity
  8
Z0_TOPCOMP
370
        25
  6
Continuous
 62
         6
100
AcDbCircle
 10
9.2463235294
 20
6.5441176471
 30
0.0
 40
3.5256752782
100
AcDbArc
 50
-67.6796146093
 51
-56.4913394778
  0
ARC
  5
2FD
102
{ACAD_REACTORS
330
339
102
}
100
AcDbEntity
  8
Z0_TOPCOMP
370
        25
  6
Continuous
 62
         6
100
AcDbCircle
 10
11.46875
 20
3.1875
 30
0.0
 40
0.375
100
AcDbArc
 50
0.0
 51
123.5086605222
  0
ARC
  5
2FE
102
{ACAD_REACTORS
330
339
102
}
100
AcDbEntity
  8
Z0_TOPCOMP
370
        25
  6
Continuous
 62
         6
100
AcDbCircle
 10
11.46875
 20
3.1875
 30
0.0
 40
0.5
100
AcDbArc
 50
0.0
 51
123.5086605222
  0
LINE
  5
2FF
102
{ACAD_REACTORS
330
303
102
}
100
AcDbEntity
  8
Z0_TOPCOMP
370
        25
  6
Continuous
 62
         6
100
AcDbLine
 10
12.375
 20
3.625
 30
0.0
 11
12.375
 21
0.375
 31
0.0
  0
LINE
  5
300
102
{ACAD_REACTORS
330
303
102
}
100
AcDbEntity
  8
Z0_TOPCOMP
370
        25
  6
Continuous
 62
         6
100
AcDbLine
 10
17.875
 20
3.625
 30
0.0
 11
12.375
 21
3.625
 31
0.0
  0
LINE
  5
301
102
{ACAD_REACTORS
330
303
102
}
100
AcDbEntity
  8
Z0_TOPCOMP
370
        25
  6
Continuous
 62
         6
100
AcDbLine
 10
17.875
 20
0.375
 30
0.0
 11
17.875
 21
3.625
 31
0.0
  0
LINE
  5
302
102
{ACAD_REACTORS
330
303
102
}
100
AcDbEntity
  8
Z0_TOPCOMP
370
        25
  6
Continuous
 62
         6
100
AcDbLine
 10
12.375
 20
0.375
 30
0.0
 11
17.875
 21
0.375
 31
0.0
  0
LINE
  5
304
102
{ACAD_REACTORS
330
339
102
}
100
AcDbEntity
  8
Z0_TOPCOMP
370
        25
  6
Continuous
 62
         6
100
AcDbLine
 10
17.4129268667
 20
7.0592733194
 30
0.0
 11
13.4754268667
 21
4.8092733194
 31
0.0
  0
ARC
  5
305
102
{ACAD_REACTORS
330
339
102
}
100
AcDbEntity
  8
Z0_TOPCOMP
370
        25
  6
Continuous
 62
         6
100
AcDbCircle
 10
17.625
 20
6.75
 30
0.0
 40
0.375
100
AcDbArc
 50
0.0
 51
124.4389893088
  0
LINE
  5
306
102
{ACAD_REACTORS
330
339
102
}
100
AcDbEntity
  8
Z0_TOPCOMP
370
        25
  6
Continuous
 62
         6
100
AcDbLine
 10
18.0
 20
4.5
 30
0.0
 11
18.0
 21
6.75
 31
0.0
  0
LINE
  5
307
102
{ACAD_REACTORS
330
339
102
}
100
AcDbEntity
  8
Z0_TOPCOMP
370
        25
  6
Continuous
 62
         6
100
AcDbLine
 10
18.125
 20
4.5
 30
0.0
 11
18.125
 21
6.75
 31
0.0
  0
LINE
  5
308
102
{ACAD_REACTORS
330
339
102
}
100
AcDbEntity
  8
Z0_TOPCOMP
370
        25
  6
Continuous
 62
         6
100
AcDbLine
 10
17.3422358222
 20
7.1623644259
 30
0.0
 11
13.4047358222
 21
4.9123644259
 31
0.0
  0
LINE
  5
309
102
{ACAD_REACTORS
330
339
102
}
100
AcDbEntity
  8
Z0_TOPCOMP
370
        25
  6
Continuous
 62
         6
100
AcDbLine
 10
0.0
 20
0.0
 30
0.0
 11
18.375
 21
0.0
 31
0.0
  0
LINE
  5
30A
102
{ACAD_REACTORS
330
339
102
}
100
AcDbEntity
  8
Z0_TOPCOMP
370
        25
  6
Continuous
 62
         6
100
AcDbLine
 10
0.0
 20
7.625
 30
0.0
 11
0.0
 21
0.0
 31
0.0
  0
ARC
  5
30B
102
{ACAD_REACTORS
330
339
102
}
100
AcDbEntity
  8
Z0_TOPCOMP
370
        25
  6
Continuous
 62
         6
100
AcDbCircle
 10
17.625
 20
4.5
 30
0.0
 40
0.5
100
AcDbArc
 50
-90.0
 51
0.0
  0
ARC
  5
30C
102
{ACAD_REACTORS
330
339
102
}
100
AcDbEntity
  8
Z0_TOPCOMP
370
        25
  6
Continuous
 62
         6
100
AcDbCircle
 10
17.625
 20
4.5
 30
0.0
 40
0.375
100
AcDbArc
 50
-90.0
 51
0.0
  0
LINE
  5
30D
102
{ACAD_REACTORS
330
339
102
}
100
AcDbEntity
  8
Z0_TOPCOMP
370
        25
  6
Continuous
 62
         6
100
AcDbLine
 10
15.09375
 20
4.0
 30
0.0
 11
17.625
 21
4.0
 31
0.0
  0
LINE
  5
30E
102
{ACAD_REACTORS
330
339
102
}
100
AcDbEntity
  8
Z0_TOPCOMP
370
        25
  6
Continuous
 62
         6
100
AcDbLine
 10
15.09375
 20
4.125
 30
0.0
 11
17.625
 21
4.125
 31
0.0
  0
LINE
  5
30F
102
{ACAD_REACTORS
330
339
102
}
100
AcDbEntity
  8
Z0_TOPCOMP
370
        25
  6
Continuous
 62
         6
100
AcDbLine
 10
0.0
 20
0.0
 30
0.0
 11
6.9375
 21
0.0
 31
0.0
  0
LINE
  5
310
102
{ACAD_REACTORS
330
339
102
}
100
AcDbEntity
  8
Z0_TOPCOMP
370
        25
  6
Continuous
 62
         6
100
AcDbLine
 10
18.375
 20
0.0
 30
0.0
 11
18.375
 21
7.625
 31
0.0
  0
LINE
  5
311
102
{ACAD_REACTORS
330
339
102
}
100
AcDbEntity
  8
Z0_TOPCOMP
370
        25
  6
Continuous
 62
         6
100
AcDbLine
 10
18.375
 20
0.0
 30
0.0
 11
10.375
 21
0.0
 31
0.0
  0
LINE
  5
312
102
{ACAD_REACTORS
330
339
102
}
100
AcDbEntity
  8
Z0_TOPCOMP
370
        25
  6
Continuous
 62
         6
100
AcDbLine
 10
18.375
 20
3.375
 30
0.0
 11
18.375
 21
0.0
 31
0.0
  0
LINE
  5
313
102
{ACAD_REACTORS
330
339
102
}
100
AcDbEntity
  8
Z0_TOPCOMP
370
        25
  6
Continuous
 62
         6
100
AcDbLine
 10
15.09375
 20
4.125
 30
0.0
 11
13.6875
 21
4.125
 31
0.0
  0
ARC
  5
314
102
{ACAD_REACTORS
330
339
102
}
100
AcDbEntity
  8
Z0_TOPCOMP
370
        25
  6
Continuous
 62
         6
100
AcDbCircle
 10
13.6875
 20
4.5
 30
0.0
 40
0.375
100
AcDbArc
 50
124.4389893088
 51
-90.0
  0
LINE
  5
315
102
{ACAD_REACTORS
330
339
102
}
100
AcDbEntity
  8
Z0_TOPCOMP
370
        25
  6
Continuous
 62
         6
100
AcDbLine
 10
15.09375
 20
4.0
 30
0.0
 11
13.6875
 21
4.0
 31
0.0
  0
ARC
  5
316
102
{ACAD_REACTORS
330
339
102
}
100
AcDbEntity
  8
Z0_TOPCOMP
370
        25
  6
Continuous
 62
         6
100
AcDbCircle
 10
13.6875
 20
4.5
 30
0.0
 40
0.5
100
AcDbArc
 50
124.4389893088
 51
-90.0
  0
LINE
  5
317
102
{ACAD_REACTORS
330
339
102
}
100
AcDbEntity
  8
Z0_TOPCOMP
370
        25
  6
Continuous
 62
         6
100
AcDbLine
 10
0.9620731333
 20
7.0592733194
 30
0.0
 11
4.8995731333
 21
4.8092733194
 31
0.0
  0
ARC
  5
318
102
{ACAD_REACTORS
330
339
102
}
100
AcDbEntity
  8
Z0_TOPCOMP
370
        25
  6
Continuous
 62
         6
100
AcDbCircle
 10
0.75
 20
4.5
 30
0.0
 40
0.5
100
AcDbArc
 50
180.0
 51
-90.0
  0
ARC
  5
319
102
{ACAD_REACTORS
330
339
102
}
100
AcDbEntity
  8
Z0_TOPCOMP
370
        25
  6
Continuous
 62
         6
100
AcDbCircle
 10
0.75
 20
4.5
 30
0.0
 40
0.375
100
AcDbArc
 50
180.0
 51
-90.0
  0
LINE
  5
31A
102
{ACAD_REACTORS
330
339
102
}
100
AcDbEntity
  8
Z0_TOPCOMP
370
        25
  6
Continuous
 62
         6
100
AcDbLine
 10
0.625
 20
7.625
 30
0.0
 11
6.9375
 21
4.0625
 31
0.0
  0
LINE
  5
31B
102
{ACAD_REACTORS
330
339
102
}
100
AcDbEntity
  8
Z0_TOPCOMP
370
        25
  6
Continuous
 62
         6
100
AcDbLine
 10
10.375
 20
3.375
 30
0.0
 11
17.75
 21
7.625
 31
0.0
  0
LINE
  5
31C
102
{ACAD_REACTORS
330
339
102
}
100
AcDbEntity
  8
Z0_TOPCOMP
370
         5
  6
Continuous
 62
         6
100
AcDbLine
 10
18.375
 20
7.625
 30
0.0
 11
17.75
 21
7.625
 31
0.0
  0
LINE
  5
31D
102
{ACAD_REACTORS
330
339
102
}
100
AcDbEntity
  8
Z0_TOPCOMP
370
         5
  6
Continuous
 62
         6
100
AcDbLine
 10
0.0
 20
7.625
 30
0.0
 11
0.625
 21
7.625
 31
0.0
  0
LINE
  5
31E
102
{ACAD_REACTORS
330
339
102
}
100
AcDbEntity
  8
Z0_TOPCOMP
370
        25
  6
Continuous
 62
         6
100
AcDbLine
 10
10.375
 20
3.375
 30
0.0
 11
10.375
 21
3.25
 31
0.0
  0
ARC
  5
31F
102
{ACAD_REACTORS
330
339
102
}
100
AcDbEntity
  8
Z0_TOPCOMP
370
        25
  6
Continuous
 62
         6
100
AcDbCircle
 10
9.2463235294
 20
6.5441176471
 30
0.0
 40
3.4821145369
100
AcDbArc
 50
-131.533064596
 51
-71.086800352
  0
LINE
  5
320
102
{ACAD_REACTORS
330
324
102
}
100
AcDbEntity
  8
Z0_TOPCOMP
370
        25
  6
Continuous
 62
         6
100
AcDbLine
 10
0.5
 20
3.625
 30
0.0
 11
0.5
 21
0.375
 31
0.0
  0
LINE
  5
321
102
{ACAD_REACTORS
330
324
102
}
100
AcDbEntity
  8
Z0_TOPCOMP
370
        25
  6
Continuous
 62
         6
100
AcDbLine
 10
6.0
 20
3.625
 30
0.0
 11
0.5
 21
3.625
 31
0.0
  0
LINE
  5
322
102
{ACAD_REACTORS
330
324
102
}
100
AcDbEntity
  8
Z0_TOPCOMP
370
        25
  6
Continuous
 62
         6
100
AcDbLine
 10
6.0
 20
0.375
 30
0.0
 11
6.0
 21
3.625
 31
0.0
  0
LINE
  5
323
102
{ACAD_REACTORS
330
324
102
}
100
AcDbEntity
  8
Z0_TOPCOMP
370
        25
  6
Continuous
 62
         6
100
AcDbLine
 10
0.5
 20
0.375
 30
0.0
 11
6.0
 21
0.375
 31
0.0
  0
LINE
  5
325
102
{ACAD_REACTORS
330
339
102
}
100
AcDbEntity
  8
Z0_TOPCOMP
370
        25
  6
Continuous
 62
         6
100
AcDbLine
 10
11.96875
 20
3.1875
 30
0.0
 11
11.96875
 21
2.0
 31
0.0
  0
LINE
  5
326
102
{ACAD_REACTORS
330
339
102
}
100
AcDbEntity
  8
Z0_TOPCOMP
370
        25
  6
Continuous
 62
         6
100
AcDbLine
 10
3.28125
 20
4.0
 30
0.0
 11
0.75
 21
4.0
 31
0.0
  0
LINE
  5
327
102
{ACAD_REACTORS
330
339
102
}
100
AcDbEntity
  8
Z0_TOPCOMP
370
        25
  6
Continuous
 62
         6
100
AcDbLine
 10
3.28125
 20
4.125
 30
0.0
 11
0.75
 21
4.125
 31
0.0
  0
ARC
  5
328
102
{ACAD_REACTORS
330
339
102
}
100
AcDbEntity
  8
Z0_TOPCOMP
370
        25
  6
Continuous
 62
         6
100
AcDbCircle
 10
0.75
 20
6.75
 30
0.0
 40
0.5
100
AcDbArc
 50
55.5610106912
 51
180.0
  0
ARC
  5
329
102
{ACAD_REACTORS
330
339
102
}
100
AcDbEntity
  8
Z0_TOPCOMP
370
        25
  6
Continuous
 62
         6
100
AcDbCircle
 10
17.625
 20
6.75
 30
0.0
 40
0.5
100
AcDbArc
 50
0.0
 51
124.4389893088
  0
ARC
  5
32A
102
{ACAD_REACTORS
330
339
102
}
100
AcDbEntity
  8
Z0_TOPCOMP
370
        25
  6
Continuous
 62
         6
100
AcDbCircle
 10
0.75
 20
6.75
 30
0.0
 40
0.375
100
AcDbArc
 50
55.5610106912
 51
180.0
  0
LINE
  5
32B
102
{ACAD_REACTORS
330
339
102
}
100
AcDbEntity
  8
Z0_TOPCOMP
370
        25
  6
Continuous
 62
         6
100
AcDbLine
 10
0.375
 20
4.5
 30
0.0
 11
0.375
 21
6.75
 31
0.0
  0
LINE
  5
32C
102
{ACAD_REACTORS
330
339
102
}
100
AcDbEntity
  8
Z0_TOPCOMP
370
        25
  6
Continuous
 62
         6
100
AcDbLine
 10
0.25
 20
4.5
 30
0.0
 11
0.25
 21
6.75
 31
0.0
  0
LINE
  5
32D
102
{ACAD_REACTORS
330
339
102
}
100
AcDbEntity
  8
Z0_TOPCOMP
370
        25
  6
Continuous
 62
         6
100
AcDbLine
 10
1.0327641778
 20
7.1623644259
 30
0.0
 11
4.9702641778
 21
4.9123644259
 31
0.0
  0
LINE
  5
32E
102
{ACAD_REACTORS
330
339
102
}
100
AcDbEntity
  8
Z0_TOPCOMP
370
        25
  6
Continuous
 62
         6
100
AcDbLine
 10
3.28125
 20
4.125
 30
0.0
 11
4.6875
 21
4.125
 31
0.0
  0
ARC
  5
32F
102
{ACAD_REACTORS
330
339
102
}
100
AcDbEntity
  8
Z0_TOPCOMP
370
        25
  6
Continuous
 62
         6
100
AcDbCircle
 10
4.6875
 20
4.5
 30
0.0
 40
0.375
100
AcDbArc
 50
-90.0
 51
55.5610106912
  0
LINE
  5
330
102
{ACAD_REACTORS
330
339
102
}
100
AcDbEntity
  8
Z0_TOPCOMP
370
        25
  6
Continuous
 62
         6
100
AcDbLine
 10
3.28125
 20
4.0
 30
0.0
 11
4.6875
 21
4.0
 31
0.0
  0
ARC
  5
331
102
{ACAD_REACTORS
330
339
102
}
100
AcDbEntity
  8
Z0_TOPCOMP
370
        25
  6
Continuous
 62
         6
100
AcDbCircle
 10
4.6875
 20
4.5
 30
0.0
 40
0.5
100
AcDbArc
 50
-90.0
 51
55.5610106912
  0
LINE
  5
332
102
{ACAD_REACTORS
330
339
102
}
100
AcDbEntity
  8
Z0_TOPCOMP
370
        25
  6
Continuous
 62
         6
100
AcDbLine
 10
11.46875
 20
0.1875
 30
0.0
 11
8.90625
 21
0.1875
 31
0.0
  0
ARC
  5
333
102
{ACAD_REACTORS
330
339
102
}
100
AcDbEntity
  8
Z0_TOPCOMP
370
        25
  6
Continuous
 62
         6
100
AcDbCircle
 10
11.46875
 20
0.6875
 30
0.0
 40
0.5
100
AcDbArc
 50
-90.0
 51
0.0
  0
ARC
  5
334
102
{ACAD_REACTORS
330
339
102
}
100
AcDbEntity
  8
Z0_TOPCOMP
370
        25
  6
Continuous
 62
         6
100
AcDbCircle
 10
6.90625
 20
0.6875
 30
0.0
 40
0.5
100
AcDbArc
 50
180.0
 51
-90.0
  0
LINE
  5
335
102
{ACAD_REACTORS
330
339
102
}
100
AcDbEntity
  8
Z0_TOPCOMP
370
        25
  6
Continuous
 62
         6
100
AcDbLine
 10
6.90625
 20
0.1875
 30
0.0
 11
8.90625
 21
0.1875
 31
0.0
  0
ARC
  5
336
102
{ACAD_REACTORS
330
339
102
}
100
AcDbEntity
  8
Z0_TOPCOMP
370
        25
  6
Continuous
 62
         6
100
AcDbCircle
 10
6.90625
 20
3.0625
 30
0.0
 40
0.375
100
AcDbArc
 50
56.094064613
 51
180.0
  0
ARC
  5
337
102
{ACAD_REACTORS
330
339
102
}
100
AcDbEntity
  8
Z0_TOPCOMP
370
        25
  6
Continuous
 62
         6
100
AcDbCircle
 10
6.90625
 20
3.0625
 30
0.0
 40
0.5
100
AcDbArc
 50
56.094064613
 51
180.0
  0
ARC
  5
338
102
{ACAD_REACTORS
330
339
102
}
100
AcDbEntity
  8
Z0_TOPCOMP
370
        25
  6
Continuous
 62
         6
100
AcDbCircle
 10
9.2463235294
 20
6.5441176471
 30
0.0
 40
3.6949500073
100
AcDbArc
 50
-123.905935387
 51
-68.7531732142
  0
LINE
  5
33A
100
AcDbEntity
  8
Z0_WOODOUTLINE
370
        25
  6
Continuous
 62
         5
100
AcDbLine
 10
10.9773710046
 20
0.0
 30
0.0
 11
18.3750294415
 21
-0.0
 31
0.0
  0
LINE
  5
33B
102
{ACAD_REACTORS
330
583
102
}
100
AcDbEntity
  8
Z0_BOTCOMP
370
        25
  6
Continuous
 62
         4
100
AcDbLine
 10
17.0331035339
 20
4.7609171336
 30
0.0
 11
17.847895726
 21
5.2205992106
 31
0.0
  0
ELLIPSE
  5
33C
102
{ACAD_REACTORS
330
583
102
}
100
AcDbEntity
  8
Z0_BOTCOMP
370
        25
  6
Continuous
 62
         4
100
AcDbEllipse
 10
17.1580826594
 20
6.441999841
 30
0.0
 11
-0.0364420868148294
 21
0.0077962266014712
 31
0.0
210
0.0
220
0.0
230
1.0
 40
1.0
 41
4.7123889803846897
 42
5.4338914242298459
  0
LINE
  5
33D
102
{ACAD_REACTORS
330
583
102
}
100
AcDbEntity
  8
Z0_BOTCOMP
370
        25
  6
Continuous
 62
         4
100
AcDbLine
 10
17.8052626371
 20
4.8871156911
 30
0.0
 11
17.9599665315
 21
4.9743951327
 31
0.0
  0
LINE
  5
33E
102
{ACAD_REACTORS
330
583
102
}
100
AcDbEntity
  8
Z0_BOTCOMP
370
        25
  6
Continuous
 62
         4
100
AcDbLine
 10
17.165878886
 20
6.4784419278
 30
0.0
 11
17.6098538419
 21
6.3854109119
 31
0.0
  0
LINE
  5
33F
102
{ACAD_REACTORS
330
583
102
}
100
AcDbEntity
  8
Z0_BOTCOMP
370
        25
  6
Continuous
 62
         4
100
AcDbLine
 10
17.481825664
 20
4.5088793733
 30
0.0
 11
16.9940919939
 21
4.2337142102
 31
0.0
  0
LINE
  5
340
102
{ACAD_REACTORS
330
583
102
}
100
AcDbEntity
  8
Z0_BOTCOMP
370
        25
  6
Continuous
 62
         4
100
AcDbLine
 10
16.9687478652
 20
4.8394262961
 30
0.0
 11
17.7732950374
 21
5.2933284305
 31
0.0
  0
LINE
  5
341
102
{ACAD_REACTORS
330
583
102
}
100
AcDbEntity
  8
Z0_BOTCOMP
370
        25
  6
Continuous
 62
         4
100
AcDbLine
 10
17.8792221899
 20
6.5901539337
 30
0.0
 11
17.8696843741
 21
6.5319997475
 31
0.0
  0
LINE
  5
342
102
{ACAD_REACTORS
330
583
102
}
100
AcDbEntity
  8
Z0_BOTCOMP
370
        25
  6
Continuous
 62
         4
100
AcDbLine
 10
17.6098538419
 20
6.3854109119
 30
0.0
 11
17.8696843741
 21
6.5319997475
 31
0.0
  0
LINE
  5
343
102
{ACAD_REACTORS
330
583
102
}
100
AcDbEntity
  8
Z0_BOTCOMP
370
        25
  6
Continuous
 62
         4
100
AcDbLine
 10
17.165878886
 20
6.4784419278
 30
0.0
 11
17.1754167018
 21
6.5365961139
 31
0.0
  0
ELLIPSE
  5
344
102
{ACAD_REACTORS
330
583
102
}
100
AcDbEntity
  8
Z0_BOTCOMP
370
        25
  6
Continuous
 62
         4
100
AcDbEllipse
 10
17.0490545589
 20
5.6313420401
 30
0.0
 11
0.4527939496105091
 21
0.255153090336762
 31
0.0
210
0.0
220
0.0
230
1.0
 40
1.0
 41
0.0
 42
0.3827143801835961
  0
ARC
  5
345
102
{ACAD_REACTORS
330
583
102
}
100
AcDbEntity
  8
Z0_BOTCOMP
370
        25
  6
Continuous
 62
         4
100
AcDbCircle
 10
17.358983165
 20
4.726617872
 30
0.0
 40
0.2500006668
100
AcDbArc
 50
-60.569418926
 51
29.4302754434
  0
LINE
  5
346
102
{ACAD_REACTORS
330
583
102
}
100
AcDbEntity
  8
Z0_BOTCOMP
370
        25
  6
Continuous
 62
         4
100
AcDbLine
 10
17.2941748987
 20
4.5006065111
 30
0.0
 11
17.3834475793
 21
4.5509715633
 31
0.0
  0
LINE
  5
347
102
{ACAD_REACTORS
330
583
102
}
100
AcDbEntity
  8
Z0_BOTCOMP
370
        25
  6
Continuous
 62
         4
100
AcDbLine
 10
17.8280105369
 20
4.6352967622
 30
0.0
 11
17.6620722199
 21
4.5416791859
 31
0.0
  0
LINE
  5
348
102
{ACAD_REACTORS
330
583
102
}
100
AcDbEntity
  8
Z0_BOTCOMP
370
        25
  6
Continuous
 62
         4
100
AcDbLine
 10
17.2802606432
 20
4.7338716896
 30
0.0
 11
17.1909879625
 21
4.6835066374
 31
0.0
  0
ELLIPSE
  5
349
102
{ACAD_REACTORS
330
583
102
}
100
AcDbEntity
  8
Z0_BOTCOMP
370
        25
  6
Continuous
 62
         4
100
AcDbEllipse
 10
17.2425814306
 20
4.5920565742
 30
0.0
 11
0.091450063151808
 21
0.0515934680897694
 31
0.0
210
0.0
220
0.0
230
-1.0
 40
1.0
 41
4.7123889803846897
 42
7.8539816339753692
  0
LINE
  5
34A
102
{ACAD_REACTORS
330
583
102
}
100
AcDbEntity
  8
Z0_BOTCOMP
370
        25
  6
Continuous
 62
         4
100
AcDbLine
 10
17.5030173645
 20
4.980102157
 30
0.0
 11
17.5767223189
 21
4.8494592096
 31
0.0
  0
LINE
  5
34B
102
{ACAD_REACTORS
330
583
102
}
100
AcDbEntity
  8
Z0_BOTCOMP
370
        25
  6
Continuous
 62
         4
100
AcDbLine
 10
17.8184137443
 20
5.2728563895
 30
0.0
 11
17.847895726
 21
5.2205992106
 31
0.0
  0
LINE
  5
34C
102
{ACAD_REACTORS
330
583
102
}
100
AcDbEntity
  8
Z0_BOTCOMP
370
        25
  6
Continuous
 62
         4
100
AcDbLine
 10
17.7885732946
 20
5.3019479792
 30
0.0
 11
17.7732950374
 21
5.2933284305
 31
0.0
  0
LINE
  5
34D
102
{ACAD_REACTORS
330
583
102
}
100
AcDbEntity
  8
Z0_BOTCOMP
370
        25
  6
Continuous
 62
         4
100
AcDbLine
 10
17.7885732946
 20
5.3019479792
 30
0.0
 11
17.1497970231
 21
6.4341868563
 31
0.0
  0
LINE
  5
34E
102
{ACAD_REACTORS
330
583
102
}
100
AcDbEntity
  8
Z0_BOTCOMP
370
        25
  6
Continuous
 62
         4
100
AcDbLine
 10
17.7732950374
 20
5.2933284305
 30
0.0
 11
17.1345187658
 21
6.4255673076
 31
0.0
  0
LINE
  5
34F
102
{ACAD_REACTORS
330
583
102
}
100
AcDbEntity
  8
Z0_BOTCOMP
370
        25
  6
Continuous
 62
         4
100
AcDbLine
 10
17.789409953
 20
5.7616870396
 30
0.0
 11
17.5437267716
 21
6.1971635308
 31
0.0
  0
LINE
  5
350
102
{ACAD_REACTORS
330
583
102
}
100
AcDbEntity
  8
Z0_BOTCOMP
370
        25
  6
Continuous
 62
         4
100
AcDbLine
 10
17.575603889
 20
6.3543629962
 30
0.0
 11
17.5757920148
 21
6.3544691313
 31
0.0
  0
ELLIPSE
  5
351
102
{ACAD_REACTORS
330
583
102
}
100
AcDbEntity
  8
Z0_BOTCOMP
370
        25
  6
Continuous
 62
         4
100
AcDbEllipse
 10
17.8767482793
 20
5.0215955567
 30
0.0
 11
0.003960115053101
 21
0.0983317736942651
 31
0.0
210
0.0
220
0.0
230
1.0
 40
1.0
 41
4.7123889803846897
 42
5.8202072137221812
  0
CIRCLE
  5
352
102
{ACAD_REACTORS
330
583
102
}
100
AcDbEntity
  8
Z0_BOTCOMP
370
        25
  6
Continuous
 62
         4
100
AcDbCircle
 10
17.2795969323
 20
4.6129396447
 30
0.0
 40
0.082
  0
ELLIPSE
  5
353
102
{ACAD_REACTORS
330
583
102
}
100
AcDbEntity
  8
Z0_BOTCOMP
370
        25
  6
Continuous
 62
         4
100
AcDbEllipse
 10
17.2795968104
 20
4.6129394751
 30
0.0
 11
-0.0068906886568587
 21
-0.1057757020333442
 31
0.0
210
0.0
220
0.0
230
1.0
 40
1.0
 41
4.7123889803846897
 42
6.724426976325061
  0
LINE
  5
354
102
{ACAD_REACTORS
330
583
102
}
100
AcDbEntity
  8
Z0_BOTCOMP
370
        25
  6
Continuous
 62
         4
100
AcDbLine
 10
17.879382448
 20
5.1172314218
 30
0.0
 11
17.7246785536
 21
5.0299519802
 31
0.0
  0
LINE
  5
355
102
{ACAD_REACTORS
330
583
102
}
100
AcDbEntity
  8
Z0_BOTCOMP
370
        25
  6
Continuous
 62
         4
100
AcDbLine
 10
17.9731892699
 20
4.9991314954
 30
0.0
 11
17.975080053
 21
5.0176354417
 31
0.0
  0
LINE
  5
356
102
{ACAD_REACTORS
330
583
102
}
100
AcDbEntity
  8
Z0_BOTCOMP
370
        25
  6
Continuous
 62
         4
100
AcDbLine
 10
17.9242079108
 20
5.1078069459
 30
0.0
 11
17.9073923657
 21
5.1157573254
 31
0.0
  0
LINE
  5
357
102
{ACAD_REACTORS
330
583
102
}
100
AcDbEntity
  8
Z0_BOTCOMP
370
        25
  6
Continuous
 62
         4
100
AcDbLine
 10
17.8792221899
 20
6.5901539337
 30
0.0
 11
17.435247234
 21
6.6831849496
 31
0.0
  0
LINE
  5
358
102
{ACAD_REACTORS
330
583
102
}
100
AcDbEntity
  8
Z0_BOTCOMP
370
        25
  6
Continuous
 62
         4
100
AcDbLine
 10
17.6193916576
 20
6.443565098
 30
0.0
 11
17.8792221899
 21
6.5901539337
 31
0.0
  0
LINE
  5
359
102
{ACAD_REACTORS
330
583
102
}
100
AcDbEntity
  8
Z0_BOTCOMP
370
        25
  6
Continuous
 62
         4
100
AcDbLine
 10
17.1754167018
 20
6.5365961139
 30
0.0
 11
17.6193916576
 21
6.443565098
 31
0.0
  0
LINE
  5
35A
102
{ACAD_REACTORS
330
583
102
}
100
AcDbEntity
  8
Z0_BOTCOMP
370
        25
  6
Continuous
 62
         4
100
AcDbLine
 10
17.1754167018
 20
6.5365961139
 30
0.0
 11
17.435247234
 21
6.6831849496
 31
0.0
  0
LINE
  5
35B
102
{ACAD_REACTORS
330
583
102
}
100
AcDbEntity
  8
Z0_BOTCOMP
370
        25
  6
Continuous
 62
         4
100
AcDbLine
 10
17.6193916576
 20
6.443565098
 30
0.0
 11
17.6098538419
 21
6.3854109119
 31
0.0
  0
ELLIPSE
  5
35C
102
{ACAD_REACTORS
330
583
102
}
100
AcDbEntity
  8
Z0_BOTCOMP
370
        25
  6
Continuous
 62
         4
100
AcDbEllipse
 10
17.3318541113
 20
4.6424216264
 30
0.0
 11
0.0515934680898908
 21
-0.0914500631517967
 31
0.0
210
0.0
220
0.0
230
1.0
 40
1.0
 41
0.0
 42
3.1415926535879035
  0
LINE
  5
35D
102
{ACAD_REACTORS
330
583
102
}
100
AcDbEntity
  8
Z0_BOTCOMP
370
        25
  6
Continuous
 62
         4
100
AcDbLine
 10
18.1215607063
 20
5.662034941
 30
0.0
 11
18.090727467
 21
5.7166872407
 31
0.0
  0
LINE
  5
35E
102
{ACAD_REACTORS
330
583
102
}
100
AcDbEntity
  8
Z0_BOTCOMP
370
        25
  6
Continuous
 62
         4
100
AcDbLine
 10
18.053676889
 20
5.623736864
 30
0.0
 11
18.1215607063
 21
5.662034941
 31
0.0
  0
LINE
  5
35F
102
{ACAD_REACTORS
330
583
102
}
100
AcDbEntity
  8
Z0_BOTCOMP
370
        25
  6
Continuous
 62
         4
100
AcDbLine
 10
18.053676889
 20
5.623736864
 30
0.0
 11
18.0228436497
 21
5.6783891636
 31
0.0
  0
ELLIPSE
  5
360
102
{ACAD_REACTORS
330
583
102
}
100
AcDbEntity
  8
Z0_BOTCOMP
370
        25
  6
Continuous
 62
         4
100
AcDbEllipse
 10
17.5490046386
 20
6.4004692476
 30
0.0
 11
0.0460001162499275
 21
0.0267873761948378
 31
0.0
210
0.0
220
0.0
230
1.0
 40
1.0
 41
4.7123889803846897
 42
5.506864732996303
  0
ELLIPSE
  5
361
102
{ACAD_REACTORS
330
583
102
}
100
AcDbEntity
  8
Z0_BOTCOMP
370
        25
  6
Continuous
 62
         4
100
AcDbEllipse
 10
17.5473886259
 20
6.3925439177
 30
0.0
 11
0.0726263615800349
 21
-0.1164605547984365
 31
0.0
210
0.0
220
0.0
230
1.0
 40
1.0
 41
0.0
 42
1.2546078189172072
  0
LINE
  5
362
102
{ACAD_REACTORS
330
583
102
}
100
AcDbEntity
  8
Z0_BOTCOMP
370
        25
  6
Continuous
 62
         4
100
AcDbLine
 10
17.2484501056
 20
6.4611398685
 30
0.0
 11
17.1620811821
 21
6.4124130318
 31
0.0
  0
LINE
  5
363
102
{ACAD_REACTORS
330
583
102
}
100
AcDbEntity
  8
Z0_BOTCOMP
370
        25
  6
Continuous
 62
         4
100
AcDbLine
 10
17.8722335095
 20
4.5569109937
 30
0.0
 11
17.8280105369
 21
4.6352967622
 31
0.0
  0
LINE
  5
364
102
{ACAD_REACTORS
330
583
102
}
100
AcDbEntity
  8
Z0_BOTCOMP
370
        25
  6
Continuous
 62
         4
100
AcDbLine
 10
17.6198268616
 20
6.2759772278
 30
0.0
 11
17.6200149875
 21
6.2760833629
 31
0.0
  0
ELLIPSE
  5
365
102
{ACAD_REACTORS
330
583
102
}
100
AcDbEntity
  8
Z0_BOTCOMP
370
        25
  6
Continuous
 62
         4
100
AcDbEllipse
 10
17.6361855162
 20
6.2515696253
 30
0.0
 11
-0.0244076024951121
 21
-0.0163586545466817
 31
0.0
210
0.0
220
0.0
230
1.0
 40
1.0
 41
4.7123889803846897
 42
6.2729314173688797
  0
LINE
  5
366
102
{ACAD_REACTORS
330
583
102
}
100
AcDbEntity
  8
Z0_BOTCOMP
370
        25
  6
Continuous
 62
         4
100
AcDbLine
 10
17.5030173645
 20
4.980102157
 30
0.0
 11
17.48336271
 21
5.0149402763
 31
0.0
  0
LINE
  5
367
102
{ACAD_REACTORS
330
583
102
}
100
AcDbEntity
  8
Z0_BOTCOMP
370
        25
  6
Continuous
 62
         4
100
AcDbLine
 10
16.5798072032
 20
4.4592538125
 30
0.0
 11
17.5030173645
 21
4.980102157
 31
0.0
  0
LINE
  5
368
102
{ACAD_REACTORS
330
583
102
}
100
AcDbEntity
  8
Z0_BOTCOMP
370
        25
  6
Continuous
 62
         4
100
AcDbLine
 10
17.1497970231
 20
6.4341868563
 30
0.0
 11
17.1345187658
 21
6.4255673076
 31
0.0
  0
ELLIPSE
  5
369
102
{ACAD_REACTORS
330
583
102
}
100
AcDbEntity
  8
Z0_BOTCOMP
370
        25
  6
Continuous
 62
         4
100
AcDbEllipse
 10
17.4157603366
 20
6.5920554832
 30
0.0
 11
0.0194868974278961
 21
0.0911294664257412
 31
0.0
210
0.0
220
0.0
230
1.0
 40
1.0
 41
0.0
 42
0.7213273835575881
  0
ELLIPSE
  5
36A
102
{ACAD_REACTORS
330
583
102
}
100
AcDbEntity
  8
Z0_BOTCOMP
370
        25
  6
Continuous
 62
         4
100
AcDbEllipse
 10
17.1559289775
 20
6.4454720903
 30
0.0
 11
0.0194877242849429
 21
0.0911240236629283
 31
0.0
210
0.0
220
0.0
230
1.0
 40
1.0
 41
0.0
 42
0.7213583493158997
  0
LINE
  5
36B
102
{ACAD_REACTORS
330
583
102
}
100
AcDbEntity
  8
Z0_BOTCOMP
370
        25
  6
Continuous
 62
         4
100
AcDbLine
 10
17.1108461819
 20
6.5270286842
 30
0.0
 11
17.3702133672
 21
6.6733561129
 31
0.0
  0
ELLIPSE
  5
36C
102
{ACAD_REACTORS
330
583
102
}
100
AcDbEntity
  8
Z0_BOTCOMP
370
        25
  6
Continuous
 62
         4
100
AcDbEllipse
 10
17.8922097512
 20
5.8109827991
 30
0.0
 11
0.0492957594996464
 21
-0.1027997982357181
 31
0.0
210
0.0
220
0.0
230
1.0
 40
1.0
 41
4.7123889803846897
 42
6.2728788861118732
  0
ELLIPSE
  5
36D
102
{ACAD_REACTORS
330
583
102
}
100
AcDbEntity
  8
Z0_BOTCOMP
370
        25
  6
Continuous
 62
         4
100
AcDbEllipse
 10
17.6390793483
 20
6.2596595829
 30
0.0
 11
-0.063475459342385
 21
0.0947034132608451
 31
0.0
210
0.0
220
0.0
230
1.0
 40
1.0
 41
0.0
 42
1.5604899057229362
  0
LINE
  5
36E
102
{ACAD_REACTORS
330
583
102
}
100
AcDbEntity
  8
Z0_BOTCOMP
370
        25
  6
Continuous
 62
         4
100
AcDbLine
 10
17.9404434133
 20
5.7076804068
 30
0.0
 11
17.651604921
 21
5.5447261231
 31
0.0
  0
LINE
  5
36F
102
{ACAD_REACTORS
330
583
102
}
100
AcDbEntity
  8
Z0_BOTCOMP
370
        25
  6
Continuous
 62
         4
100
AcDbLine
 10
17.2867653967
 20
6.1914087125
 30
0.0
 11
17.575603889
 21
6.3543629962
 31
0.0
  0
LINE
  5
370
102
{ACAD_REACTORS
330
583
102
}
100
AcDbEntity
  8
Z0_BOTCOMP
370
        25
  6
Continuous
 62
         4
100
AcDbLine
 10
17.7762891356
 20
5.3237218038
 30
0.0
 11
18.0606631229
 21
5.4841573435
 31
0.0
  0
LINE
  5
371
102
{ACAD_REACTORS
330
583
102
}
100
AcDbEntity
  8
Z0_BOTCOMP
370
        25
  6
Continuous
 62
         4
100
AcDbLine
 10
17.8186999527
 20
4.7046748955
 30
0.0
 11
17.8358977754
 21
4.6741915411
 31
0.0
  0
ELLIPSE
  5
372
102
{ACAD_REACTORS
330
583
102
}
100
AcDbEntity
  8
Z0_BOTCOMP
370
        25
  6
Continuous
 62
         4
100
AcDbEllipse
 10
17.2795970484
 20
4.6129397101
 30
0.0
 11
0.0843130321989999
 21
0.0642439441193178
 31
0.0
210
0.0
220
0.0
230
1.0
 40
1.0
 41
4.7123889803846897
 42
7.5790622424717355
  0
ELLIPSE
  5
373
102
{ACAD_REACTORS
330
583
102
}
100
AcDbEntity
  8
Z0_BOTCOMP
370
        25
  6
Continuous
 62
         4
100
AcDbEllipse
 10
17.2795928509
 20
4.6129418372
 30
0.0
 11
-0.0642408497022302
 21
0.084310282776471
 31
0.0
210
0.0
220
0.0
230
1.0
 40
1.0
 41
0.0
 42
0.8546536431478852
  0
CIRCLE
  5
374
102
{ACAD_REACTORS
330
583
102
}
100
AcDbEntity
  8
Z0_BOTCOMP
370
        25
  6
Continuous
 62
         4
100
AcDbCircle
 10
17.2795969323
 20
4.6129396447
 30
0.0
 40
0.068
  0
ELLIPSE
  5
375
102
{ACAD_REACTORS
330
583
102
}
100
AcDbEntity
  8
Z0_BOTCOMP
370
        25
  6
Continuous
 62
         4
100
AcDbEllipse
 10
17.0493114169
 20
5.6308867563
 30
0.0
 11
0.5152523752846605
 21
0.0681208490570953
 31
0.0
210
0.0
220
0.0
230
1.0
 40
1.0
 41
0.0
 42
0.3827143801827902
  0
LINE
  5
376
102
{ACAD_REACTORS
330
583
102
}
100
AcDbEntity
  8
Z0_BOTCOMP
370
        25
  6
Continuous
 62
         4
100
AcDbLine
 10
17.5826713819
 20
5.0709673431
 30
0.0
 11
17.7964157497
 21
4.6921027957
 31
0.0
  0
LINE
  5
377
102
{ACAD_REACTORS
330
583
102
}
100
AcDbEntity
  8
Z0_BOTCOMP
370
        25
  6
Continuous
 62
         4
100
AcDbLine
 10
17.7964157497
 20
4.6921027957
 30
0.0
 11
17.5226978721
 21
4.5376791234
 31
0.0
  0
ELLIPSE
  5
378
102
{ACAD_REACTORS
330
583
102
}
100
AcDbEntity
  8
Z0_BOTCOMP
370
        25
  6
Continuous
 62
         4
100
AcDbEllipse
 10
17.4883707524
 20
4.8123071061
 30
0.0
 11
-0.0513792633241573
 21
0.1084815306770679
 31
0.0
210
0.0
220
0.0
230
1.0
 40
1.0
 41
4.7123889803846897
 42
5.4385463186873695
  0
LINE
  5
379
102
{ACAD_REACTORS
330
583
102
}
100
AcDbEntity
  8
Z0_BOTCOMP
370
        25
  6
Continuous
 62
         4
100
AcDbLine
 10
17.5920267495
 20
5.6503291722
 30
0.0
 11
17.789409953
 21
5.7616870396
 31
0.0
  0
LINE
  5
37A
102
{ACAD_REACTORS
330
583
102
}
100
AcDbEntity
  8
Z0_BOTCOMP
370
        25
  6
Continuous
 62
         4
100
AcDbLine
 10
17.5437267716
 20
6.1971635308
 30
0.0
 11
17.3463435682
 21
6.0858056634
 31
0.0
  0
LINE
  5
37B
102
{ACAD_REACTORS
330
583
102
}
100
AcDbEntity
  8
Z0_BOTCOMP
370
        25
  6
Continuous
 62
         4
100
AcDbLine
 10
17.6728394023
 20
5.1218375199
 30
0.0
 11
17.9037815928
 21
4.7124896182
 31
0.0
  0
ELLIPSE
  5
37C
102
{ACAD_REACTORS
330
583
102
}
100
AcDbEntity
  8
Z0_BOTCOMP
370
        25
  6
Continuous
 62
         4
100
AcDbEllipse
 10
17.9668873174
 20
5.6515578699
 30
0.0
 11
0.0559563323037651
 21
0.0268312937874953
 31
0.0
210
0.0
220
0.0
230
1.0
 40
1.0
 41
0.0
 42
1.5605363007633457
  0
LINE
  5
37D
102
{ACAD_REACTORS
330
583
102
}
100
AcDbEntity
  8
Z0_BOTCOMP
370
        25
  6
Continuous
 62
         4
100
AcDbLine
 10
17.9404434133
 20
5.7076804068
 30
0.0
 11
17.9406315392
 21
5.7077865419
 31
0.0
  0
LINE
  5
37E
102
{ACAD_REACTORS
330
583
102
}
100
AcDbEntity
  8
Z0_BOTCOMP
370
        25
  6
Continuous
 62
         4
100
AcDbLine
 10
17.6279269699
 20
5.0964992306
 30
0.0
 11
17.8416713377
 21
4.7176346833
 31
0.0
  0
LINE
  5
37F
102
{ACAD_REACTORS
330
583
102
}
100
AcDbEntity
  8
Z0_BOTCOMP
370
        25
  6
Continuous
 62
         4
100
AcDbLine
 10
17.8416713377
 20
4.7176346833
 30
0.0
 11
17.7964157497
 21
4.6921027957
 31
0.0
  0
LINE
  5
380
102
{ACAD_REACTORS
330
583
102
}
100
AcDbEntity
  8
Z0_BOTCOMP
370
        25
  6
Continuous
 62
         4
100
AcDbLine
 10
18.1285478112
 20
5.5224559119
 30
0.0
 11
18.0606631229
 21
5.4841573435
 31
0.0
  0
LINE
  5
381
102
{ACAD_REACTORS
330
583
102
}
100
AcDbEntity
  8
Z0_BOTCOMP
370
        25
  6
Continuous
 62
         4
100
AcDbLine
 10
17.4088586524
 20
4.295488365
 30
0.0
 11
17.3646356798
 21
4.3738741335
 31
0.0
  0
LINE
  5
382
102
{ACAD_REACTORS
330
583
102
}
100
AcDbEntity
  8
Z0_BOTCOMP
370
        25
  6
Continuous
 62
         4
100
AcDbLine
 10
17.3646356798
 20
4.3738741335
 30
0.0
 11
17.6620722199
 21
4.5416791859
 31
0.0
  0
LINE
  5
383
102
{ACAD_REACTORS
330
583
102
}
100
AcDbEntity
  8
Z0_BOTCOMP
370
        25
  6
Continuous
 62
         4
100
AcDbLine
 10
17.6620722199
 20
4.5416791859
 30
0.0
 11
17.7062951926
 21
4.4632934175
 31
0.0
  0
LINE
  5
384
102
{ACAD_REACTORS
330
583
102
}
100
AcDbEntity
  8
Z0_BOTCOMP
370
        25
  6
Continuous
 62
         4
100
AcDbLine
 10
17.7062951926
 20
4.4632934175
 30
0.0
 11
17.4088586524
 21
4.295488365
 31
0.0
  0
LINE
  5
385
102
{ACAD_REACTORS
330
583
102
}
100
AcDbEntity
  8
Z0_BOTCOMP
370
        25
  6
Continuous
 62
         4
100
AcDbLine
 10
17.8722335095
 20
4.5569109937
 30
0.0
 11
17.7062951926
 21
4.4632934175
 31
0.0
  0
ELLIPSE
  5
386
102
{ACAD_REACTORS
330
583
102
}
100
AcDbEntity
  8
Z0_BOTCOMP
370
        25
  6
Continuous
 62
         4
100
AcDbEllipse
 10
17.2795970175
 20
4.6129396927
 30
0.0
 11
-0.0671069677748051
 21
0.0826977974521697
 31
0.0
210
0.0
220
0.0
230
1.0
 40
1.0
 41
0.0
 42
2.8055140499188798
  0
ELLIPSE
  5
387
102
{ACAD_REACTORS
330
583
102
}
100
AcDbEntity
  8
Z0_BOTCOMP
370
        25
  6
Continuous
 62
         4
100
AcDbEllipse
 10
17.2795970221
 20
4.6129396953
 30
0.0
 11
0.0671059219065455
 21
-0.0826983875006704
 31
0.0
210
0.0
220
0.0
230
1.0
 40
1.0
 41
0.0
 42
2.8055362831402748
  0
ELLIPSE
  5
388
102
{ACAD_REACTORS
330
583
102
}
100
AcDbEntity
  8
Z0_BOTCOMP
370
        25
  6
Continuous
 62
         4
100
AcDbEllipse
 10
17.8094128813
 20
4.6506376572
 30
0.0
 11
0.0937266634859921
 21
0.062820628260124
 31
0.0
210
0.0
220
0.0
230
1.0
 40
1.0
 41
4.7123889803846897
 42
6.2728856517227216
  0
ELLIPSE
  5
389
102
{ACAD_REACTORS
330
583
102
}
100
AcDbEntity
  8
Z0_BOTCOMP
370
        25
  6
Continuous
 62
         4
100
AcDbEllipse
 10
17.8123026026
 20
4.6587291721
 30
0.0
 11
0.0157079342719157
 21
-0.0234324099544665
 31
0.0
210
0.0
220
0.0
230
1.0
 40
1.0
 41
0.0
 42
1.5603529641023015
  0
LINE
  5
38A
102
{ACAD_REACTORS
330
583
102
}
100
AcDbEntity
  8
Z0_BOTCOMP
370
        25
  6
Continuous
 62
         4
100
AcDbLine
 10
17.8358977754
 20
4.6741915411
 30
0.0
 11
17.9037815928
 21
4.7124896182
 31
0.0
  0
LINE
  5
38B
102
{ACAD_REACTORS
330
583
102
}
100
AcDbEntity
  8
Z0_BOTCOMP
370
        25
  6
Continuous
 62
         4
100
AcDbLine
 10
17.8572946413
 20
5.799985608
 30
0.0
 11
17.6116114599
 21
6.2354620992
 31
0.0
  0
ELLIPSE
  5
38C
102
{ACAD_REACTORS
330
583
102
}
100
AcDbEntity
  8
Z0_BOTCOMP
370
        25
  6
Continuous
 62
         4
100
AcDbEllipse
 10
17.88378899
 20
5.812689392
 30
0.0
 11
-0.0264943486744755
 21
-0.0127037839425839
 31
0.0
210
0.0
220
0.0
230
1.0
 40
1.0
 41
0.0
 42
1.5605424369653842
  0
LINE
  5
38D
102
{ACAD_REACTORS
330
583
102
}
100
AcDbEntity
  8
Z0_BOTCOMP
370
        25
  6
Continuous
 62
         4
100
AcDbLine
 10
17.8962204407
 20
5.7860661752
 30
0.0
 11
17.8964085665
 21
5.7861723103
 31
0.0
  0
ELLIPSE
  5
38E
102
{ACAD_REACTORS
330
583
102
}
100
AcDbEntity
  8
Z0_BOTCOMP
370
        25
  6
Continuous
 62
         4
100
AcDbEllipse
 10
17.9584664691
 20
5.6532663255
 30
0.0
 11
0.1322609979740719
 21
0.063420915162169
 31
0.0
210
0.0
220
0.0
230
1.0
 40
1.0
 41
0.0
 42
1.5605160075387032
  0
LINE
  5
38F
102
{ACAD_REACTORS
330
583
102
}
100
AcDbEntity
  8
Z0_BOTCOMP
370
        25
  6
Continuous
 62
         4
100
AcDbLine
 10
17.9112738626
 20
5.1137494524
 30
0.0
 11
17.8944613214
 21
5.1197611234
 31
0.0
  0
LINE
  5
390
102
{ACAD_REACTORS
330
583
102
}
100
AcDbEntity
  8
Z0_BOTCOMP
370
        25
  6
Continuous
 62
         4
100
AcDbLine
 10
17.8944613214
 20
5.1197611234
 30
0.0
 11
17.8803818572
 21
5.1177596662
 31
0.0
  0
LINE
  5
391
102
{ACAD_REACTORS
330
583
102
}
100
AcDbEntity
  8
Z0_BOTCOMP
370
        25
  6
Continuous
 62
         4
100
AcDbLine
 10
17.8803818572
 20
5.1177596662
 30
0.0
 11
17.879382448
 21
5.1172314218
 31
0.0
  0
LINE
  5
392
102
{ACAD_REACTORS
330
583
102
}
100
AcDbEntity
  8
Z0_BOTCOMP
370
        25
  6
Continuous
 62
         4
100
AcDbLine
 10
17.1497970231
 20
6.4341868563
 30
0.0
 11
17.1461583644
 21
6.4410943308
 31
0.0
  0
LINE
  5
393
102
{ACAD_REACTORS
330
583
102
}
100
AcDbEntity
  8
Z0_BOTCOMP
370
        25
  6
Continuous
 62
         4
100
AcDbLine
 10
17.5539542907
 20
4.9261654821
 30
0.0
 11
17.5338377484
 21
4.9369162436
 31
0.0
  0
LINE
  5
394
102
{ACAD_REACTORS
330
583
102
}
100
AcDbEntity
  8
Z0_BOTCOMP
370
        25
  6
Continuous
 62
         4
100
AcDbLine
 10
17.5338377484
 20
4.9369162436
 30
0.0
 11
17.5261607202
 21
4.9390802715
 31
0.0
  0
LINE
  5
395
102
{ACAD_REACTORS
330
583
102
}
100
AcDbEntity
  8
Z0_BOTCOMP
370
        25
  6
Continuous
 62
         4
100
AcDbLine
 10
17.6104768625
 20
4.7457634252
 30
0.0
 11
17.6126830237
 21
4.74715045
 31
0.0
  0
LINE
  5
396
102
{ACAD_REACTORS
330
583
102
}
100
AcDbEntity
  8
Z0_BOTCOMP
370
        25
  6
Continuous
 62
         4
100
AcDbLine
 10
17.6126830237
 20
4.74715045
 30
0.0
 11
17.6231025309
 21
4.7597949849
 31
0.0
  0
LINE
  5
397
102
{ACAD_REACTORS
330
583
102
}
100
AcDbEntity
  8
Z0_BOTCOMP
370
        25
  6
Continuous
 62
         4
100
AcDbLine
 10
17.6231025309
 20
4.7597949849
 30
0.0
 11
17.6281434717
 21
4.7790221408
 31
0.0
  0
LINE
  5
398
102
{ACAD_REACTORS
330
583
102
}
100
AcDbEntity
  8
Z0_BOTCOMP
370
        25
  6
Continuous
 62
         4
100
AcDbLine
 10
17.5744340497
 20
4.9085962957
 30
0.0
 11
17.5541049656
 21
4.9262504885
 31
0.0
  0
LINE
  5
399
102
{ACAD_REACTORS
330
583
102
}
100
AcDbEntity
  8
Z0_BOTCOMP
370
        25
  6
Continuous
 62
         4
100
AcDbLine
 10
17.5541049656
 20
4.9262504885
 30
0.0
 11
17.5339884232
 21
4.9370012499
 31
0.0
  0
LINE
  5
39A
102
{ACAD_REACTORS
330
583
102
}
100
AcDbEntity
  8
Z0_BOTCOMP
370
        25
  6
Continuous
 62
         4
100
AcDbLine
 10
17.5339884232
 20
4.9370012499
 30
0.0
 11
17.5260875066
 21
4.9392100435
 31
0.0
  0
LINE
  5
39B
102
{ACAD_REACTORS
330
583
102
}
100
AcDbEntity
  8
Z0_BOTCOMP
370
        25
  6
Continuous
 62
         4
100
AcDbLine
 10
17.4536545422
 20
5.8955956287
 30
0.0
 11
17.4700177899
 21
5.868537164
 31
0.0
  0
LINE
  5
39C
102
{ACAD_REACTORS
330
583
102
}
100
AcDbEntity
  8
Z0_BOTCOMP
370
        25
  6
Continuous
 62
         4
100
AcDbLine
 10
17.4700177899
 20
5.868537164
 30
0.0
 11
17.4847157755
 21
5.8405392069
 31
0.0
  0
LINE
  5
39D
102
{ACAD_REACTORS
330
583
102
}
100
AcDbEntity
  8
Z0_BOTCOMP
370
        25
  6
Continuous
 62
         4
100
AcDbLine
 10
17.6272482146
 20
4.8031888882
 30
0.0
 11
17.6207783983
 21
4.8305002935
 31
0.0
  0
LINE
  5
39E
102
{ACAD_REACTORS
330
583
102
}
100
AcDbEntity
  8
Z0_BOTCOMP
370
        25
  6
Continuous
 62
         4
100
AcDbLine
 10
17.6207783983
 20
4.8305002935
 30
0.0
 11
17.6091055582
 21
4.8586595163
 31
0.0
  0
LINE
  5
39F
102
{ACAD_REACTORS
330
583
102
}
100
AcDbEntity
  8
Z0_BOTCOMP
370
        25
  6
Continuous
 62
         4
100
AcDbLine
 10
17.6091055582
 20
4.8586595163
 30
0.0
 11
17.5931772141
 21
4.8853846644
 31
0.0
  0
LINE
  5
3A0
102
{ACAD_REACTORS
330
583
102
}
100
AcDbEntity
  8
Z0_BOTCOMP
370
        25
  6
Continuous
 62
         4
100
AcDbLine
 10
17.5931772141
 20
4.8853846644
 30
0.0
 11
17.5742833749
 21
4.9085112893
 31
0.0
  0
LINE
  5
3A1
102
{ACAD_REACTORS
330
583
102
}
100
AcDbEntity
  8
Z0_BOTCOMP
370
        25
  6
Continuous
 62
         4
100
AcDbLine
 10
17.5742833749
 20
4.9085112893
 30
0.0
 11
17.5539542907
 21
4.9261654821
 31
0.0
  0
LINE
  5
3A2
102
{ACAD_REACTORS
330
583
102
}
100
AcDbEntity
  8
Z0_BOTCOMP
370
        25
  6
Continuous
 62
         4
100
AcDbLine
 10
17.6083317892
 20
4.7446588686
 30
0.0
 11
17.6125314779
 21
4.7470649523
 31
0.0
  0
LINE
  5
3A3
102
{ACAD_REACTORS
330
583
102
}
100
AcDbEntity
  8
Z0_BOTCOMP
370
        25
  6
Continuous
 62
         4
100
AcDbLine
 10
17.6125314779
 20
4.7470649523
 30
0.0
 11
17.6229509851
 21
4.7597094872
 31
0.0
  0
LINE
  5
3A4
102
{ACAD_REACTORS
330
583
102
}
100
AcDbEntity
  8
Z0_BOTCOMP
370
        25
  6
Continuous
 62
         4
100
AcDbLine
 10
17.6229509851
 20
4.7597094872
 30
0.0
 11
17.6279927968
 21
4.7789371344
 31
0.0
  0
LINE
  5
3A5
102
{ACAD_REACTORS
330
583
102
}
100
AcDbEntity
  8
Z0_BOTCOMP
370
        25
  6
Continuous
 62
         4
100
AcDbLine
 10
17.6279927968
 20
4.7789371344
 30
0.0
 11
17.6272482146
 21
4.8031888882
 31
0.0
  0
LINE
  5
3A6
102
{ACAD_REACTORS
330
583
102
}
100
AcDbEntity
  8
Z0_BOTCOMP
370
        25
  6
Continuous
 62
         4
100
AcDbLine
 10
18.0228436497
 20
5.6783891636
 30
0.0
 11
17.684035101
 21
5.4872432262
 31
0.0
  0
LINE
  5
3A7
102
{ACAD_REACTORS
330
583
102
}
100
AcDbEntity
  8
Z0_BOTCOMP
370
        25
  6
Continuous
 62
         4
100
AcDbLine
 10
17.2543352167
 20
6.2488916093
 30
0.0
 11
17.5270654336
 21
6.4027580722
 31
0.0
  0
LINE
  5
3A8
102
{ACAD_REACTORS
330
583
102
}
100
AcDbEntity
  8
Z0_BOTCOMP
370
        25
  6
Continuous
 62
         4
100
AcDbLine
 10
17.2188683772
 20
5.7811692177
 30
0.0
 11
17.2458789108
 21
5.7420845219
 31
0.0
  0
LINE
  5
3A9
102
{ACAD_REACTORS
330
583
102
}
100
AcDbEntity
  8
Z0_BOTCOMP
370
        25
  6
Continuous
 62
         4
100
AcDbLine
 10
17.2458789108
 20
5.7420845219
 30
0.0
 11
17.2653644107
 21
5.6987544208
 31
0.0
  0
LINE
  5
3AA
102
{ACAD_REACTORS
330
583
102
}
100
AcDbEntity
  8
Z0_BOTCOMP
370
        25
  6
Continuous
 62
         4
100
AcDbLine
 10
17.2653644107
 20
5.6987544208
 30
0.0
 11
17.2766191466
 21
5.6527452766
 31
0.0
  0
LINE
  5
3AB
102
{ACAD_REACTORS
330
583
102
}
100
AcDbEntity
  8
Z0_BOTCOMP
370
        25
  6
Continuous
 62
         4
100
AcDbLine
 10
17.2766191466
 20
5.6527452766
 30
0.0
 11
17.2792375808
 21
5.6057181806
 31
0.0
  0
LINE
  5
3AC
102
{ACAD_REACTORS
330
583
102
}
100
AcDbEntity
  8
Z0_BOTCOMP
370
        25
  6
Continuous
 62
         4
100
AcDbLine
 10
17.2792375808
 20
5.6057181806
 30
0.0
 11
17.2731238622
 21
5.5593734565
 31
0.0
  0
LINE
  5
3AD
102
{ACAD_REACTORS
330
583
102
}
100
AcDbEntity
  8
Z0_BOTCOMP
370
        25
  6
Continuous
 62
         4
100
AcDbLine
 10
17.9717492623
 20
4.9911866677
 30
0.0
 11
17.9733654019
 21
5.0104542023
 31
0.0
  0
LINE
  5
3AE
102
{ACAD_REACTORS
330
583
102
}
100
AcDbEntity
  8
Z0_BOTCOMP
370
        25
  6
Continuous
 62
         4
100
AcDbLine
 10
17.9733654019
 20
5.0104542023
 30
0.0
 11
17.9691639213
 21
5.033553651
 31
0.0
  0
LINE
  5
3AF
102
{ACAD_REACTORS
330
583
102
}
100
AcDbEntity
  8
Z0_BOTCOMP
370
        25
  6
Continuous
 62
         4
100
AcDbLine
 10
17.9691639213
 20
5.033553651
 30
0.0
 11
17.9595988193
 21
5.057980952
 31
0.0
  0
LINE
  5
3B0
102
{ACAD_REACTORS
330
583
102
}
100
AcDbEntity
  8
Z0_BOTCOMP
370
        25
  6
Continuous
 62
         4
100
AcDbLine
 10
17.9595988193
 20
5.057980952
 30
0.0
 11
17.9457083951
 21
5.0810897916
 31
0.0
  0
LINE
  5
3B1
102
{ACAD_REACTORS
330
583
102
}
100
AcDbEntity
  8
Z0_BOTCOMP
370
        25
  6
Continuous
 62
         4
100
AcDbLine
 10
17.9457083951
 20
5.0810897916
 30
0.0
 11
17.9289962435
 21
5.1003758049
 31
0.0
  0
LINE
  5
3B2
102
{ACAD_REACTORS
330
583
102
}
100
AcDbEntity
  8
Z0_BOTCOMP
370
        25
  6
Continuous
 62
         4
100
AcDbLine
 10
17.6281434717
 20
4.7790221408
 30
0.0
 11
17.6273988895
 21
4.8032738946
 31
0.0
  0
LINE
  5
3B3
102
{ACAD_REACTORS
330
583
102
}
100
AcDbEntity
  8
Z0_BOTCOMP
370
        25
  6
Continuous
 62
         4
100
AcDbLine
 10
17.6273988895
 20
4.8032738946
 30
0.0
 11
17.6209290731
 21
4.8305852999
 31
0.0
  0
LINE
  5
3B4
102
{ACAD_REACTORS
330
583
102
}
100
AcDbEntity
  8
Z0_BOTCOMP
370
        25
  6
Continuous
 62
         4
100
AcDbLine
 10
17.6209290731
 20
4.8305852999
 30
0.0
 11
17.6092562331
 21
4.8587445226
 31
0.0
  0
LINE
  5
3B5
102
{ACAD_REACTORS
330
583
102
}
100
AcDbEntity
  8
Z0_BOTCOMP
370
        25
  6
Continuous
 62
         4
100
AcDbLine
 10
17.6092562331
 20
4.8587445226
 30
0.0
 11
17.5933278889
 21
4.8854696708
 31
0.0
  0
LINE
  5
3B6
102
{ACAD_REACTORS
330
583
102
}
100
AcDbEntity
  8
Z0_BOTCOMP
370
        25
  6
Continuous
 62
         4
100
AcDbLine
 10
17.5933278889
 20
4.8854696708
 30
0.0
 11
17.5744340497
 21
4.9085962957
 31
0.0
  0
LINE
  5
3B7
102
{ACAD_REACTORS
330
583
102
}
100
AcDbEntity
  8
Z0_BOTCOMP
370
        25
  6
Continuous
 62
         4
100
AcDbLine
 10
17.847895726
 20
5.2205992106
 30
0.0
 11
17.8419834041
 21
5.2194704285
 31
0.0
  0
LINE
  5
3B8
102
{ACAD_REACTORS
330
583
102
}
100
AcDbEntity
  8
Z0_BOTCOMP
370
        25
  6
Continuous
 62
         4
100
AcDbLine
 10
17.8419834041
 20
5.2194704285
 30
0.0
 11
17.8344103524
 21
5.2217310065
 31
0.0
  0
LINE
  5
3B9
102
{ACAD_REACTORS
330
583
102
}
100
AcDbEntity
  8
Z0_BOTCOMP
370
        25
  6
Continuous
 62
         4
100
AcDbLine
 10
17.1464114256
 20
5.8411541908
 30
0.0
 11
17.185308044
 21
5.8145953403
 31
0.0
  0
LINE
  5
3BA
102
{ACAD_REACTORS
330
583
102
}
100
AcDbEntity
  8
Z0_BOTCOMP
370
        25
  6
Continuous
 62
         4
100
AcDbLine
 10
17.185308044
 20
5.8145953403
 30
0.0
 11
17.2188683772
 21
5.7811692177
 31
0.0
  0
LINE
  5
3BB
102
{ACAD_REACTORS
330
583
102
}
100
AcDbEntity
  8
Z0_BOTCOMP
370
        25
  6
Continuous
 62
         4
100
AcDbLine
 10
17.2731238622
 20
5.5593734565
 30
0.0
 11
17.2585007849
 21
5.5153879727
 31
0.0
  0
LINE
  5
3BC
102
{ACAD_REACTORS
330
583
102
}
100
AcDbEntity
  8
Z0_BOTCOMP
370
        25
  6
Continuous
 62
         4
100
AcDbLine
 10
17.2585007849
 20
5.5153879727
 30
0.0
 11
17.2358951638
 21
5.4753494833
 31
0.0
  0
LINE
  5
3BD
102
{ACAD_REACTORS
330
583
102
}
100
AcDbEntity
  8
Z0_BOTCOMP
370
        25
  6
Continuous
 62
         4
100
AcDbLine
 10
17.2358951638
 20
5.4753494833
 30
0.0
 11
17.2061242814
 21
5.4407053511
 31
0.0
  0
LINE
  5
3BE
102
{ACAD_REACTORS
330
583
102
}
100
AcDbEntity
  8
Z0_BOTCOMP
370
        25
  6
Continuous
 62
         4
100
AcDbLine
 10
17.2061242814
 20
5.4407053511
 30
0.0
 11
17.1702645798
 21
5.4127081439
 31
0.0
  0
LINE
  5
3BF
102
{ACAD_REACTORS
330
583
102
}
100
AcDbEntity
  8
Z0_BOTCOMP
370
        25
  6
Continuous
 62
         4
100
AcDbLine
 10
17.1702645798
 20
5.4127081439
 30
0.0
 11
17.1296127146
 21
5.392370698
 31
0.0
  0
LINE
  5
3C0
102
{ACAD_REACTORS
330
583
102
}
100
AcDbEntity
  8
Z0_BOTCOMP
370
        25
  6
Continuous
 62
         4
100
AcDbLine
 10
17.9289962435
 20
5.1003758049
 30
0.0
 11
17.9112738626
 21
5.1137494524
 31
0.0
  0
LINE
  5
3C1
102
{ACAD_REACTORS
330
583
102
}
100
AcDbEntity
  8
Z0_BOTCOMP
370
        25
  6
Continuous
 62
         4
100
AcDbLine
 10
18.0730382756
 20
5.5797373983
 30
0.0
 11
18.0646133345
 21
5.6019076736
 31
0.0
  0
LINE
  5
3C2
102
{ACAD_REACTORS
330
583
102
}
100
AcDbEntity
  8
Z0_BOTCOMP
370
        25
  6
Continuous
 62
         4
100
AcDbLine
 10
18.0646133345
 20
5.6019076736
 30
0.0
 11
18.053676889
 21
5.623736864
 31
0.0
  0
LINE
  5
3C3
102
{ACAD_REACTORS
330
583
102
}
100
AcDbEntity
  8
Z0_BOTCOMP
370
        25
  6
Continuous
 62
         4
100
AcDbLine
 10
17.596852283
 20
4.8636863694
 30
0.0
 11
17.6089256616
 21
4.8376785959
 31
0.0
  0
LINE
  5
3C4
102
{ACAD_REACTORS
330
583
102
}
100
AcDbEntity
  8
Z0_BOTCOMP
370
        25
  6
Continuous
 62
         4
100
AcDbLine
 10
17.8094428621
 20
5.2755350763
 30
0.0
 11
17.8054549858
 21
5.2789973662
 31
0.0
  0
LINE
  5
3C5
102
{ACAD_REACTORS
330
583
102
}
100
AcDbEntity
  8
Z0_BOTCOMP
370
        25
  6
Continuous
 62
         4
100
AcDbLine
 10
17.8054549858
 20
5.2789973662
 30
0.0
 11
17.8012095776
 21
5.2835612742
 31
0.0
  0
LINE
  5
3C6
102
{ACAD_REACTORS
330
583
102
}
100
AcDbEntity
  8
Z0_BOTCOMP
370
        25
  6
Continuous
 62
         4
100
AcDbLine
 10
17.8012095776
 20
5.2835612742
 30
0.0
 11
17.7968706587
 21
5.2890541093
 31
0.0
  0
LINE
  5
3C7
102
{ACAD_REACTORS
330
583
102
}
100
AcDbEntity
  8
Z0_BOTCOMP
370
        25
  6
Continuous
 62
         4
100
AcDbLine
 10
17.7968706587
 20
5.2890541093
 30
0.0
 11
17.7926033908
 21
5.2952624905
 31
0.0
  0
LINE
  5
3C8
102
{ACAD_REACTORS
330
583
102
}
100
AcDbEntity
  8
Z0_BOTCOMP
370
        25
  6
Continuous
 62
         4
100
AcDbLine
 10
17.7926033908
 20
5.2952624905
 30
0.0
 11
17.7885732946
 21
5.3019479792
 31
0.0
  0
LINE
  5
3C9
102
{ACAD_REACTORS
330
583
102
}
100
AcDbEntity
  8
Z0_BOTCOMP
370
        25
  6
Continuous
 62
         4
100
AcDbLine
 10
17.6083460924
 20
4.7444625642
 30
0.0
 11
17.6127847808
 21
4.7469782249
 31
0.0
  0
LINE
  5
3CA
102
{ACAD_REACTORS
330
583
102
}
100
AcDbEntity
  8
Z0_BOTCOMP
370
        25
  6
Continuous
 62
         4
100
AcDbLine
 10
17.7833705794
 20
5.2766131566
 30
0.0
 11
17.7732950374
 21
5.2933284305
 31
0.0
  0
LINE
  5
3CB
102
{ACAD_REACTORS
330
583
102
}
100
AcDbEntity
  8
Z0_BOTCOMP
370
        25
  6
Continuous
 62
         4
100
AcDbLine
 10
17.9599665315
 20
4.9743951327
 30
0.0
 11
17.964489947
 21
4.9778392385
 31
0.0
  0
LINE
  5
3CC
102
{ACAD_REACTORS
330
583
102
}
100
AcDbEntity
  8
Z0_BOTCOMP
370
        25
  6
Continuous
 62
         4
100
AcDbLine
 10
17.964489947
 20
4.9778392385
 30
0.0
 11
17.9717492623
 21
4.9911866677
 31
0.0
  0
LINE
  5
3CD
102
{ACAD_REACTORS
330
583
102
}
100
AcDbEntity
  8
Z0_BOTCOMP
370
        25
  6
Continuous
 62
         4
100
AcDbLine
 10
18.1379870789
 20
5.5305391711
 30
0.0
 11
18.1285478112
 21
5.5224559119
 31
0.0
  0
LINE
  5
3CE
102
{ACAD_REACTORS
330
583
102
}
100
AcDbEntity
  8
Z0_BOTCOMP
370
        25
  6
Continuous
 62
         4
100
AcDbLine
 10
18.0606631229
 20
5.4841573435
 30
0.0
 11
18.0701023906
 21
5.4922406026
 31
0.0
  0
LINE
  5
3CF
102
{ACAD_REACTORS
330
583
102
}
100
AcDbEntity
  8
Z0_BOTCOMP
370
        25
  6
Continuous
 62
         4
100
AcDbLine
 10
18.0701023906
 20
5.4922406026
 30
0.0
 11
18.0768192254
 21
5.5041969618
 31
0.0
  0
LINE
  5
3D0
102
{ACAD_REACTORS
330
583
102
}
100
AcDbEntity
  8
Z0_BOTCOMP
370
        25
  6
Continuous
 62
         4
100
AcDbLine
 10
18.0768192254
 20
5.5041969618
 30
0.0
 11
18.0805536081
 21
5.5195674242
 31
0.0
  0
LINE
  5
3D1
102
{ACAD_REACTORS
330
583
102
}
100
AcDbEntity
  8
Z0_BOTCOMP
370
        25
  6
Continuous
 62
         4
100
AcDbLine
 10
18.0805536081
 20
5.5195674242
 30
0.0
 11
18.0811641137
 21
5.5377601191
 31
0.0
  0
LINE
  5
3D2
102
{ACAD_REACTORS
330
583
102
}
100
AcDbEntity
  8
Z0_BOTCOMP
370
        25
  6
Continuous
 62
         4
100
AcDbLine
 10
17.8184137443
 20
5.2728563895
 30
0.0
 11
17.8160492398
 21
5.2724053457
 31
0.0
  0
LINE
  5
3D3
102
{ACAD_REACTORS
330
583
102
}
100
AcDbEntity
  8
Z0_BOTCOMP
370
        25
  6
Continuous
 62
         4
100
AcDbLine
 10
17.8160492398
 20
5.2724053457
 30
0.0
 11
17.8130191482
 21
5.2733090855
 31
0.0
  0
LINE
  5
3D4
102
{ACAD_REACTORS
330
583
102
}
100
AcDbEntity
  8
Z0_BOTCOMP
370
        25
  6
Continuous
 62
         4
100
AcDbLine
 10
17.8130191482
 20
5.2733090855
 30
0.0
 11
17.8094428621
 21
5.2755350763
 31
0.0
  0
LINE
  5
3D5
102
{ACAD_REACTORS
330
583
102
}
100
AcDbEntity
  8
Z0_BOTCOMP
370
        25
  6
Continuous
 62
         4
100
AcDbLine
 10
17.8344103524
 20
5.2217310065
 30
0.0
 11
17.8254678394
 21
5.2272961174
 31
0.0
  0
LINE
  5
3D6
102
{ACAD_REACTORS
330
583
102
}
100
AcDbEntity
  8
Z0_BOTCOMP
370
        25
  6
Continuous
 62
         4
100
AcDbLine
 10
17.8254678394
 20
5.2272961174
 30
0.0
 11
17.8154975233
 21
5.2359509153
 31
0.0
  0
LINE
  5
3D7
102
{ACAD_REACTORS
330
583
102
}
100
AcDbEntity
  8
Z0_BOTCOMP
370
        25
  6
Continuous
 62
         4
100
AcDbLine
 10
17.8154975233
 20
5.2359509153
 30
0.0
 11
17.8048850638
 21
5.2473618577
 31
0.0
  0
LINE
  5
3D8
102
{ACAD_REACTORS
330
583
102
}
100
AcDbEntity
  8
Z0_BOTCOMP
370
        25
  6
Continuous
 62
         4
100
AcDbLine
 10
17.8048850638
 20
5.2473618577
 30
0.0
 11
17.7940373867
 21
5.2610925833
 31
0.0
  0
LINE
  5
3D9
102
{ACAD_REACTORS
330
583
102
}
100
AcDbEntity
  8
Z0_BOTCOMP
370
        25
  6
Continuous
 62
         4
100
AcDbLine
 10
17.7940373867
 20
5.2610925833
 30
0.0
 11
17.7833705794
 21
5.2766131566
 31
0.0
  0
SPLINE
  5
3DA
102
{ACAD_REACTORS
330
583
102
}
100
AcDbEntity
  8
Z0_BOTCOMP
370
        25
  6
Continuous
 62
         4
100
AcDbSpline
210
0.0
220
0.0
230
1.0
 70
         0
 71
         3
 72
        15
 73
        11
 74
         0
 42
0.000001
 43
0.000001
 40
0.0
 40
0.0
 40
0.0
 40
0.0
 40
0.151212
 40
0.284538
 40
0.40055
 40
0.500131
 40
0.601478
 40
0.717891
 40
0.850483
 40
1.0
 40
1.0
 40
1.0
 40
1.0
 10
16.968747865165312
 20
4.8394262960553078
 30
0.0
 10
16.974424740097732
 20
4.8335217584779002
 30
0.0
 10
16.985108671378441
 20
4.8224094760214484
 30
0.0
 10
17.000087361797966
 20
4.8076796620948699
 30
0.0
 10
17.012108522427013
 20
4.7959554861267861
 30
0.0
 10
17.021439209662901
 20
4.7863565590666894
 30
0.0
 10
17.028048110944212
 20
4.7776297869340851
 30
0.0
 10
17.032547119603862
 20
4.7698241549237537
 30
0.0
 10
17.034844578396189
 20
4.763437924964137
 30
0.0
 10
17.033707299961577
 20
4.7617905106985745
 30
0.0
 10
17.033103533855694
 20
4.7609171336382587
 30
0.0
  0
LINE
  5
3DB
102
{ACAD_REACTORS
330
583
102
}
100
AcDbEntity
  8
Z0_BOTCOMP
370
        25
  6
Continuous
 62
         4
100
AcDbLine
 10
18.3856539163
 20
7.1972268705
 30
0.0
 11
18.3856539163
 21
7.1972268705
 31
0.0
  0
LINE
  5
3DC
102
{ACAD_REACTORS
330
583
102
}
100
AcDbEntity
  8
Z0_BOTCOMP
370
        25
  6
Continuous
 62
         4
100
AcDbLine
 10
17.6093526643
 20
4.8587771112
 30
0.0
 11
17.5933945704
 21
4.8855509209
 31
0.0
  0
LINE
  5
3DD
102
{ACAD_REACTORS
330
583
102
}
100
AcDbEntity
  8
Z0_BOTCOMP
370
        25
  6
Continuous
 62
         4
100
AcDbLine
 10
17.5933945704
 20
4.8855509209
 30
0.0
 11
17.5744663589
 21
4.908720155
 31
0.0
  0
LINE
  5
3DE
102
{ACAD_REACTORS
330
583
102
}
100
AcDbEntity
  8
Z0_BOTCOMP
370
        25
  6
Continuous
 62
         4
100
AcDbLine
 10
17.5744663589
 20
4.908720155
 30
0.0
 11
17.5540998656
 21
4.9264060584
 31
0.0
  0
LINE
  5
3DF
102
{ACAD_REACTORS
330
583
102
}
100
AcDbEntity
  8
Z0_BOTCOMP
370
        25
  6
Continuous
 62
         4
100
AcDbLine
 10
17.5540998656
 20
4.9264060584
 30
0.0
 11
17.5339464731
 21
4.9371773641
 31
0.0
  0
LINE
  5
3E0
102
{ACAD_REACTORS
330
583
102
}
100
AcDbEntity
  8
Z0_BOTCOMP
370
        25
  6
Continuous
 62
         4
100
AcDbLine
 10
17.5339464731
 20
4.9371773641
 30
0.0
 11
17.5259803888
 21
4.9393999113
 31
0.0
  0
LINE
  5
3E1
102
{ACAD_REACTORS
330
583
102
}
100
AcDbEntity
  8
Z0_BOTCOMP
370
        25
  6
Continuous
 62
         4
100
AcDbLine
 10
18.1215607063
 20
5.662034941
 30
0.0
 11
18.1324980229
 21
5.640206242
 31
0.0
  0
LINE
  5
3E2
102
{ACAD_REACTORS
330
583
102
}
100
AcDbEntity
  8
Z0_BOTCOMP
370
        25
  6
Continuous
 62
         4
100
AcDbLine
 10
18.1324980229
 20
5.640206242
 30
0.0
 11
18.1409220929
 21
5.6180354753
 31
0.0
  0
LINE
  5
3E3
102
{ACAD_REACTORS
330
583
102
}
100
AcDbEntity
  8
Z0_BOTCOMP
370
        25
  6
Continuous
 62
         4
100
AcDbLine
 10
17.6089256616
 20
4.8376785959
 30
0.0
 11
17.6158747445
 21
4.8119924167
 31
0.0
  0
LINE
  5
3E4
102
{ACAD_REACTORS
330
583
102
}
100
AcDbEntity
  8
Z0_BOTCOMP
370
        25
  6
Continuous
 62
         4
100
AcDbLine
 10
17.6158747445
 20
4.8119924167
 30
0.0
 11
17.6170184748
 21
4.7891415742
 31
0.0
  0
LINE
  5
3E5
102
{ACAD_REACTORS
330
583
102
}
100
AcDbEntity
  8
Z0_BOTCOMP
370
        25
  6
Continuous
 62
         4
100
AcDbLine
 10
17.6170184748
 20
4.7891415742
 30
0.0
 11
17.6122444697
 21
4.7713624451
 31
0.0
  0
LINE
  5
3E6
102
{ACAD_REACTORS
330
583
102
}
100
AcDbEntity
  8
Z0_BOTCOMP
370
        25
  6
Continuous
 62
         4
100
AcDbLine
 10
17.6122444697
 20
4.7713624451
 30
0.0
 11
17.6062545132
 21
4.7634558609
 31
0.0
  0
LINE
  5
3E7
102
{ACAD_REACTORS
330
583
102
}
100
AcDbEntity
  8
Z0_BOTCOMP
370
        25
  6
Continuous
 62
         4
100
AcDbLine
 10
17.6127847808
 20
4.7469782249
 30
0.0
 11
17.6232232697
 21
4.7596460985
 31
0.0
  0
LINE
  5
3E8
102
{ACAD_REACTORS
330
583
102
}
100
AcDbEntity
  8
Z0_BOTCOMP
370
        25
  6
Continuous
 62
         4
100
AcDbLine
 10
17.6232232697
 20
4.7596460985
 30
0.0
 11
17.6282740797
 21
4.7789086747
 31
0.0
  0
LINE
  5
3E9
102
{ACAD_REACTORS
330
583
102
}
100
AcDbEntity
  8
Z0_BOTCOMP
370
        25
  6
Continuous
 62
         4
100
AcDbLine
 10
17.6282740797
 20
4.7789086747
 30
0.0
 11
17.6275277533
 21
4.803204223
 31
0.0
  0
LINE
  5
3EA
102
{ACAD_REACTORS
330
583
102
}
100
AcDbEntity
  8
Z0_BOTCOMP
370
        25
  6
Continuous
 62
         4
100
AcDbLine
 10
17.6275277533
 20
4.803204223
 30
0.0
 11
17.6210455619
 21
4.8305660551
 31
0.0
  0
LINE
  5
3EB
102
{ACAD_REACTORS
330
583
102
}
100
AcDbEntity
  8
Z0_BOTCOMP
370
        25
  6
Continuous
 62
         4
100
AcDbLine
 10
17.6210455619
 20
4.8305660551
 30
0.0
 11
17.6093526643
 21
4.8587771112
 31
0.0
  0
LINE
  5
3EC
102
{ACAD_REACTORS
330
583
102
}
100
AcDbEntity
  8
Z0_BOTCOMP
370
        25
  6
Continuous
 62
         4
100
AcDbLine
 10
18.1409220929
 20
5.6180354753
 30
0.0
 11
18.1465112579
 21
5.5963756697
 31
0.0
  0
LINE
  5
3ED
102
{ACAD_REACTORS
330
583
102
}
100
AcDbEntity
  8
Z0_BOTCOMP
370
        25
  6
Continuous
 62
         4
100
AcDbLine
 10
18.1465112579
 20
5.5963756697
 30
0.0
 11
18.149048802
 21
5.5760586876
 31
0.0
  0
LINE
  5
3EE
102
{ACAD_REACTORS
330
583
102
}
100
AcDbEntity
  8
Z0_BOTCOMP
370
        25
  6
Continuous
 62
         4
100
AcDbLine
 10
18.149048802
 20
5.5760586876
 30
0.0
 11
18.1484382964
 21
5.5578659926
 31
0.0
  0
LINE
  5
3EF
102
{ACAD_REACTORS
330
583
102
}
100
AcDbEntity
  8
Z0_BOTCOMP
370
        25
  6
Continuous
 62
         4
100
AcDbLine
 10
18.1484382964
 20
5.5578659926
 30
0.0
 11
18.1447030427
 21
5.5424950389
 31
0.0
  0
LINE
  5
3F0
102
{ACAD_REACTORS
330
583
102
}
100
AcDbEntity
  8
Z0_BOTCOMP
370
        25
  6
Continuous
 62
         4
100
AcDbLine
 10
18.1447030427
 20
5.5424950389
 30
0.0
 11
18.1379870789
 21
5.5305391711
 31
0.0
  0
LINE
  5
3F1
102
{ACAD_REACTORS
330
583
102
}
100
AcDbEntity
  8
Z0_BOTCOMP
370
        25
  6
Continuous
 62
         4
100
AcDbLine
 10
18.0811641137
 20
5.5377601191
 30
0.0
 11
18.0786265696
 21
5.5580771013
 31
0.0
  0
LINE
  5
3F2
102
{ACAD_REACTORS
330
583
102
}
100
AcDbEntity
  8
Z0_BOTCOMP
370
        25
  6
Continuous
 62
         4
100
AcDbLine
 10
18.0786265696
 20
5.5580771013
 30
0.0
 11
18.0730382756
 21
5.5797373983
 31
0.0
  0
LINE
  5
3F3
102
{ACAD_REACTORS
330
583
102
}
100
AcDbEntity
  8
Z0_BOTCOMP
370
        25
  6
Continuous
 62
         4
100
AcDbLine
 10
16.9187026686
 20
4.8398964406
 30
0.0
 11
16.9391561284
 21
4.8514356883
 31
0.0
  0
LINE
  5
3F4
102
{ACAD_REACTORS
330
583
102
}
100
AcDbEntity
  8
Z0_BOTCOMP
370
        25
  6
Continuous
 62
         4
100
AcDbLine
 10
16.928952964
 20
4.7676498889
 30
0.0
 11
16.9569805013
 21
4.7179707308
 31
0.0
  0
ARC
  5
3F5
102
{ACAD_REACTORS
330
583
102
}
100
AcDbEntity
  8
Z0_BOTCOMP
370
        25
  6
Continuous
 62
         4
100
AcDbCircle
 10
16.8712503598
 20
4.4514523
 30
0.0
 40
0.2499998856
100
AcDbArc
 50
-60.5695455224
 51
-150.5695979603
  0
LINE
  5
3F6
102
{ACAD_REACTORS
330
583
102
}
100
AcDbEntity
  8
Z0_BOTCOMP
370
        25
  6
Continuous
 62
         4
100
AcDbLine
 10
17.1403281637
 20
6.4747715052
 30
0.0
 11
17.1108461819
 21
6.5270286842
 31
0.0
  0
LINE
  5
3F7
102
{ACAD_REACTORS
330
583
102
}
100
AcDbEntity
  8
Z0_BOTCOMP
370
        25
  6
Continuous
 62
         4
100
AcDbLine
 10
16.9569805013
 20
4.7179707308
 30
0.0
 11
16.9800041434
 21
4.7309600006
 31
0.0
  0
LINE
  5
3F8
102
{ACAD_REACTORS
330
583
102
}
100
AcDbEntity
  8
Z0_BOTCOMP
370
        25
  6
Continuous
 62
         4
100
AcDbLine
 10
16.9838624651
 20
4.7331367536
 30
0.0
 11
16.9543804833
 21
4.7853939325
 31
0.0
  0
LINE
  5
3F9
102
{ACAD_REACTORS
330
583
102
}
100
AcDbEntity
  8
Z0_BOTCOMP
370
        25
  6
Continuous
 62
         4
100
AcDbLine
 10
16.9543804833
 20
4.7853939325
 30
0.0
 11
16.9615580069
 21
4.7894432827
 31
0.0
  0
LINE
  5
3FA
102
{ACAD_REACTORS
330
583
102
}
100
AcDbEntity
  8
Z0_BOTCOMP
370
        25
  6
Continuous
 62
         4
100
AcDbLine
 10
16.9543804833
 20
4.7853939325
 30
0.0
 11
16.9506414822
 21
4.7832844967
 31
0.0
  0
LINE
  5
3FB
102
{ACAD_REACTORS
330
583
102
}
100
AcDbEntity
  8
Z0_BOTCOMP
370
        25
  6
Continuous
 62
         4
100
AcDbLine
 10
16.9838624651
 20
4.7331367536
 30
0.0
 11
16.9801234639
 21
4.7310273178
 31
0.0
  0
LINE
  5
3FC
102
{ACAD_REACTORS
330
583
102
}
100
AcDbEntity
  8
Z0_BOTCOMP
370
        25
  6
Continuous
 62
         4
100
AcDbLine
 10
17.1108461819
 20
6.5270286842
 30
0.0
 11
16.3009644226
 21
6.0701169308
 31
0.0
  0
LINE
  5
3FD
102
{ACAD_REACTORS
330
583
102
}
100
AcDbEntity
  8
Z0_BOTCOMP
370
        25
  6
Continuous
 62
         4
100
AcDbLine
 10
16.9910399886
 20
4.7371861038
 30
0.0
 11
17.0331035339
 21
4.7609171336
 31
0.0
  0
LINE
  5
3FE
102
{ACAD_REACTORS
330
583
102
}
100
AcDbEntity
  8
Z0_BOTCOMP
370
        25
  6
Continuous
 62
         4
100
AcDbLine
 10
16.928952964
 20
4.7676498889
 30
0.0
 11
16.8767680741
 21
4.7382086906
 31
0.0
  0
LINE
  5
3FF
102
{ACAD_REACTORS
330
583
102
}
100
AcDbEntity
  8
Z0_BOTCOMP
370
        25
  6
Continuous
 62
         4
100
AcDbLine
 10
16.8839507069
 20
6.5201525331
 30
0.0
 11
17.0386546013
 21
6.6074319747
 31
0.0
  0
LINE
  5
400
102
{ACAD_REACTORS
330
583
102
}
100
AcDbEntity
  8
Z0_BOTCOMP
370
        25
  6
Continuous
 62
         4
100
AcDbLine
 10
16.9580705178
 20
6.7502682638
 30
0.0
 11
16.8033666234
 21
6.6629888222
 31
0.0
  0
LINE
  5
401
102
{ACAD_REACTORS
330
583
102
}
100
AcDbEntity
  8
Z0_BOTCOMP
370
        25
  6
Continuous
 62
         4
100
AcDbLine
 10
16.9801234639
 20
4.7310273178
 30
0.0
 11
16.9800041434
 21
4.7309600006
 31
0.0
  0
ELLIPSE
  5
402
102
{ACAD_REACTORS
330
583
102
}
100
AcDbEntity
  8
Z0_BOTCOMP
370
        25
  6
Continuous
 62
         4
100
AcDbEllipse
 10
16.9226401136
 20
4.7684648294
 30
0.0
 11
0.0461077515232091
 21
0.0709614666419043
 31
0.0
210
0.0
220
0.0
230
1.0
 40
1.0
 41
0.0
 42
0.911864311821145
  0
LINE
  5
403
102
{ACAD_REACTORS
330
583
102
}
100
AcDbEntity
  8
Z0_BOTCOMP
370
        25
  6
Continuous
 62
         4
100
AcDbLine
 10
17.1345187658
 20
6.4255673076
 30
0.0
 11
16.3309740605
 21
5.9722307359
 31
0.0
  0
LINE
  5
404
102
{ACAD_REACTORS
330
583
102
}
100
AcDbEntity
  8
Z0_BOTCOMP
370
        25
  6
Continuous
 62
         4
100
AcDbLine
 10
16.9910399886
 20
4.7371861038
 30
0.0
 11
16.9615580069
 21
4.7894432827
 31
0.0
  0
LINE
  5
405
102
{ACAD_REACTORS
330
583
102
}
100
AcDbEntity
  8
Z0_BOTCOMP
370
        25
  6
Continuous
 62
         4
100
AcDbLine
 10
16.9615580069
 20
4.7894432827
 30
0.0
 11
16.9987807954
 21
4.8104432983
 31
0.0
  0
ELLIPSE
  5
406
102
{ACAD_REACTORS
330
583
102
}
100
AcDbEntity
  8
Z0_BOTCOMP
370
        25
  6
Continuous
 62
         4
100
AcDbEllipse
 10
16.9554363492
 20
6.6546323987
 30
0.0
 11
0.0983317736943832
 21
-0.003960115052962
 31
0.0
210
0.0
220
0.0
230
1.0
 40
1.0
 41
0.0
 42
1.1078182333338622
  0
LINE
  5
407
102
{ACAD_REACTORS
330
583
102
}
100
AcDbEntity
  8
Z0_BOTCOMP
370
        25
  6
Continuous
 62
         4
100
AcDbLine
 10
17.0518773397
 20
6.6321683374
 30
0.0
 11
17.0537681229
 21
6.6506722837
 31
0.0
  0
LINE
  5
408
102
{ACAD_REACTORS
330
583
102
}
100
AcDbEntity
  8
Z0_BOTCOMP
370
        25
  6
Continuous
 62
         4
100
AcDbLine
 10
17.0028959806
 20
6.7408437879
 30
0.0
 11
16.9860804356
 21
6.7487941674
 31
0.0
  0
LINE
  5
409
102
{ACAD_REACTORS
330
583
102
}
100
AcDbEntity
  8
Z0_BOTCOMP
370
        25
  6
Continuous
 62
         4
100
AcDbLine
 10
16.9838624651
 20
4.7331367536
 30
0.0
 11
16.9910399886
 21
4.7371861038
 31
0.0
  0
LINE
  5
40A
102
{ACAD_REACTORS
330
583
102
}
100
AcDbEntity
  8
Z0_BOTCOMP
370
        25
  6
Continuous
 62
         4
100
AcDbLine
 10
16.9569805013
 20
4.7179707308
 30
0.0
 11
16.9047956114
 21
4.6885295324
 31
0.0
  0
LINE
  5
40B
102
{ACAD_REACTORS
330
583
102
}
100
AcDbEntity
  8
Z0_BOTCOMP
370
        25
  6
Continuous
 62
         4
100
AcDbLine
 10
16.9801234639
 20
4.7310273178
 30
0.0
 11
16.9116304325
 21
4.8524320669
 31
0.0
  0
LINE
  5
40C
102
{ACAD_REACTORS
330
583
102
}
100
AcDbEntity
  8
Z0_BOTCOMP
370
        25
  6
Continuous
 62
         4
100
AcDbLine
 10
17.1168591558
 20
5.6291772012
 30
0.0
 11
17.1221508722
 21
5.5945658856
 31
0.0
  0
LINE
  5
40D
102
{ACAD_REACTORS
330
583
102
}
100
AcDbEntity
  8
Z0_BOTCOMP
370
        25
  6
Continuous
 62
         4
100
AcDbLine
 10
16.8966020649
 20
5.703493583
 30
0.0
 11
16.9247918674
 21
5.7219360489
 31
0.0
  0
LINE
  5
40E
102
{ACAD_REACTORS
330
583
102
}
100
AcDbEntity
  8
Z0_BOTCOMP
370
        25
  6
Continuous
 62
         4
100
AcDbLine
 10
16.9247918674
 20
5.7219360489
 30
0.0
 11
16.9568481315
 21
5.7324445036
 31
0.0
  0
LINE
  5
40F
102
{ACAD_REACTORS
330
583
102
}
100
AcDbEntity
  8
Z0_BOTCOMP
370
        25
  6
Continuous
 62
         4
100
AcDbLine
 10
16.9568481315
 20
5.7324445036
 30
0.0
 11
16.9907589536
 21
5.7343580825
 31
0.0
  0
LINE
  5
410
102
{ACAD_REACTORS
330
583
102
}
100
AcDbEntity
  8
Z0_BOTCOMP
370
        25
  6
Continuous
 62
         4
100
AcDbLine
 10
16.9907589536
 20
5.7343580825
 30
0.0
 11
17.024390867
 21
5.7275570162
 31
0.0
  0
LINE
  5
411
102
{ACAD_REACTORS
330
583
102
}
100
AcDbEntity
  8
Z0_BOTCOMP
370
        25
  6
Continuous
 62
         4
100
AcDbLine
 10
16.8864300967
 20
5.8234149095
 30
0.0
 11
16.9248595118
 21
5.8476916757
 31
0.0
  0
LINE
  5
412
102
{ACAD_REACTORS
330
583
102
}
100
AcDbEntity
  8
Z0_BOTCOMP
370
        25
  6
Continuous
 62
         4
100
AcDbLine
 10
16.9248595118
 20
5.8476916757
 30
0.0
 11
16.9673664176
 21
5.863906631
 31
0.0
  0
LINE
  5
413
102
{ACAD_REACTORS
330
583
102
}
100
AcDbEntity
  8
Z0_BOTCOMP
370
        25
  6
Continuous
 62
         4
100
AcDbLine
 10
16.9673664176
 20
5.863906631
 30
0.0
 11
17.0124138802
 21
5.8714728349
 31
0.0
  0
LINE
  5
414
102
{ACAD_REACTORS
330
583
102
}
100
AcDbEntity
  8
Z0_BOTCOMP
370
        25
  6
Continuous
 62
         4
100
AcDbLine
 10
17.0382868892
 20
6.691017794
 30
0.0
 11
17.0243964649
 21
6.7141266335
 31
0.0
  0
LINE
  5
415
102
{ACAD_REACTORS
330
583
102
}
100
AcDbEntity
  8
Z0_BOTCOMP
370
        25
  6
Continuous
 62
         4
100
AcDbLine
 10
17.0243964649
 20
6.7141266335
 30
0.0
 11
17.0076843133
 21
6.7334126469
 31
0.0
  0
LINE
  5
416
102
{ACAD_REACTORS
330
583
102
}
100
AcDbEntity
  8
Z0_BOTCOMP
370
        25
  6
Continuous
 62
         4
100
AcDbLine
 10
17.0076843133
 20
6.7334126469
 30
0.0
 11
16.9899619324
 21
6.7467862944
 31
0.0
  0
LINE
  5
417
102
{ACAD_REACTORS
330
583
102
}
100
AcDbEntity
  8
Z0_BOTCOMP
370
        25
  6
Continuous
 62
         4
100
AcDbLine
 10
16.9899619324
 20
6.7467862944
 30
0.0
 11
16.9731493912
 21
6.7527979654
 31
0.0
  0
LINE
  5
418
102
{ACAD_REACTORS
330
583
102
}
100
AcDbEntity
  8
Z0_BOTCOMP
370
        25
  6
Continuous
 62
         4
100
AcDbLine
 10
16.9731493912
 20
6.7527979654
 30
0.0
 11
16.9590699271
 21
6.7507965082
 31
0.0
  0
LINE
  5
419
102
{ACAD_REACTORS
330
583
102
}
100
AcDbEntity
  8
Z0_BOTCOMP
370
        25
  6
Continuous
 62
         4
100
AcDbLine
 10
17.1296127146
 20
5.392370698
 30
0.0
 11
17.0856369613
 21
5.3804260739
 31
0.0
  0
LINE
  5
41A
102
{ACAD_REACTORS
330
583
102
}
100
AcDbEntity
  8
Z0_BOTCOMP
370
        25
  6
Continuous
 62
         4
100
AcDbLine
 10
17.0856369613
 20
5.3804260739
 30
0.0
 11
17.0399267437
 21
5.3773071187
 31
0.0
  0
LINE
  5
41B
102
{ACAD_REACTORS
330
583
102
}
100
AcDbEntity
  8
Z0_BOTCOMP
370
        25
  6
Continuous
 62
         4
100
AcDbLine
 10
17.0399267437
 20
5.3773071187
 30
0.0
 11
16.9941341013
 21
5.3831260733
 31
0.0
  0
LINE
  5
41C
102
{ACAD_REACTORS
330
583
102
}
100
AcDbEntity
  8
Z0_BOTCOMP
370
        25
  6
Continuous
 62
         4
100
AcDbLine
 10
16.9941341013
 20
5.3831260733
 30
0.0
 11
16.9499160031
 21
5.3976730284
 31
0.0
  0
LINE
  5
41D
102
{ACAD_REACTORS
330
583
102
}
100
AcDbEntity
  8
Z0_BOTCOMP
370
        25
  6
Continuous
 62
         4
100
AcDbLine
 10
16.9499160031
 20
5.3976730284
 30
0.0
 11
16.9088672829
 21
5.4204228668
 31
0.0
  0
LINE
  5
41E
102
{ACAD_REACTORS
330
583
102
}
100
AcDbEntity
  8
Z0_BOTCOMP
370
        25
  6
Continuous
 62
         4
100
AcDbLine
 10
17.0386546013
 20
6.6074319747
 30
0.0
 11
17.0431780169
 21
6.6108760805
 31
0.0
  0
LINE
  5
41F
102
{ACAD_REACTORS
330
583
102
}
100
AcDbEntity
  8
Z0_BOTCOMP
370
        25
  6
Continuous
 62
         4
100
AcDbLine
 10
17.0431780169
 20
6.6108760805
 30
0.0
 11
17.0504373321
 21
6.6242235097
 31
0.0
  0
LINE
  5
420
102
{ACAD_REACTORS
330
583
102
}
100
AcDbEntity
  8
Z0_BOTCOMP
370
        25
  6
Continuous
 62
         4
100
AcDbLine
 10
17.0504373321
 20
6.6242235097
 30
0.0
 11
17.0520534717
 21
6.6434910443
 31
0.0
  0
LINE
  5
421
102
{ACAD_REACTORS
330
583
102
}
100
AcDbEntity
  8
Z0_BOTCOMP
370
        25
  6
Continuous
 62
         4
100
AcDbLine
 10
17.0520534717
 20
6.6434910443
 30
0.0
 11
17.0478524825
 21
6.666589622
 31
0.0
  0
LINE
  5
422
102
{ACAD_REACTORS
330
583
102
}
100
AcDbEntity
  8
Z0_BOTCOMP
370
        25
  6
Continuous
 62
         4
100
AcDbLine
 10
17.0478524825
 20
6.666589622
 30
0.0
 11
17.0382868892
 21
6.691017794
 31
0.0
  0
LINE
  5
423
102
{ACAD_REACTORS
330
583
102
}
100
AcDbEntity
  8
Z0_BOTCOMP
370
        25
  6
Continuous
 62
         4
100
AcDbLine
 10
16.7048476677
 20
6.8376148952
 30
0.0
 11
16.9357898582
 21
6.4282669935
 31
0.0
  0
LINE
  5
424
102
{ACAD_REACTORS
330
583
102
}
100
AcDbEntity
  8
Z0_BOTCOMP
370
        25
  6
Continuous
 62
         4
100
AcDbLine
 10
16.9114835955
 20
4.852413523
 30
0.0
 11
16.9800041434
 21
4.7309600006
 31
0.0
  0
LINE
  5
425
102
{ACAD_REACTORS
330
583
102
}
100
AcDbEntity
  8
Z0_BOTCOMP
370
        25
  6
Continuous
 62
         4
100
AcDbLine
 10
17.1176534078
 20
6.4599915888
 30
0.0
 11
17.1115111102
 21
6.4763758045
 31
0.0
  0
LINE
  5
426
102
{ACAD_REACTORS
330
583
102
}
100
AcDbEntity
  8
Z0_BOTCOMP
370
        25
  6
Continuous
 62
         4
100
AcDbLine
 10
17.1115111102
 20
6.4763758045
 30
0.0
 11
17.1072317293
 21
6.4913608341
 31
0.0
  0
LINE
  5
427
102
{ACAD_REACTORS
330
583
102
}
100
AcDbEntity
  8
Z0_BOTCOMP
370
        25
  6
Continuous
 62
         4
100
AcDbLine
 10
17.1072317293
 20
6.4913608341
 30
0.0
 11
17.1049802899
 21
6.5043692497
 31
0.0
  0
LINE
  5
428
102
{ACAD_REACTORS
330
583
102
}
100
AcDbEntity
  8
Z0_BOTCOMP
370
        25
  6
Continuous
 62
         4
100
AcDbLine
 10
17.1461583644
 20
6.4410943308
 30
0.0
 11
17.1430512059
 21
6.447957212
 31
0.0
  0
LINE
  5
429
102
{ACAD_REACTORS
330
583
102
}
100
AcDbEntity
  8
Z0_BOTCOMP
370
        25
  6
Continuous
 62
         4
100
AcDbLine
 10
17.1430512059
 20
6.447957212
 30
0.0
 11
17.1405940367
 21
6.4545105276
 31
0.0
  0
LINE
  5
42A
102
{ACAD_REACTORS
330
583
102
}
100
AcDbEntity
  8
Z0_BOTCOMP
370
        25
  6
Continuous
 62
         4
100
AcDbLine
 10
17.1405940367
 20
6.4545105276
 30
0.0
 11
17.1388831018
 21
6.4605043117
 31
0.0
  0
LINE
  5
42B
102
{ACAD_REACTORS
330
583
102
}
100
AcDbEntity
  8
Z0_BOTCOMP
370
        25
  6
Continuous
 62
         4
100
AcDbLine
 10
17.1388831018
 20
6.4605043117
 30
0.0
 11
17.1379818828
 21
6.4657080039
 31
0.0
  0
LINE
  5
42C
102
{ACAD_REACTORS
330
583
102
}
100
AcDbEntity
  8
Z0_BOTCOMP
370
        25
  6
Continuous
 62
         4
100
AcDbLine
 10
17.1379818828
 20
6.4657080039
 30
0.0
 11
17.1379259887
 21
6.4699200976
 31
0.0
  0
LINE
  5
42D
102
{ACAD_REACTORS
330
583
102
}
100
AcDbEntity
  8
Z0_BOTCOMP
370
        25
  6
Continuous
 62
         4
100
AcDbLine
 10
17.1221508722
 20
5.5945658856
 30
0.0
 11
17.1189091178
 21
5.5600222424
 31
0.0
  0
LINE
  5
42E
102
{ACAD_REACTORS
330
583
102
}
100
AcDbEntity
  8
Z0_BOTCOMP
370
        25
  6
Continuous
 62
         4
100
AcDbLine
 10
17.1189091178
 20
5.5600222424
 30
0.0
 11
17.1073385714
 21
5.5277192618
 31
0.0
  0
LINE
  5
42F
102
{ACAD_REACTORS
330
583
102
}
100
AcDbEntity
  8
Z0_BOTCOMP
370
        25
  6
Continuous
 62
         4
100
AcDbLine
 10
17.1073385714
 20
5.5277192618
 30
0.0
 11
17.0881643179
 21
5.4996849319
 31
0.0
  0
LINE
  5
430
102
{ACAD_REACTORS
330
583
102
}
100
AcDbEntity
  8
Z0_BOTCOMP
370
        25
  6
Continuous
 62
         4
100
AcDbLine
 10
17.0881643179
 20
5.4996849319
 30
0.0
 11
17.0625935984
 21
5.4776807688
 31
0.0
  0
LINE
  5
431
102
{ACAD_REACTORS
330
583
102
}
100
AcDbEntity
  8
Z0_BOTCOMP
370
        25
  6
Continuous
 62
         4
100
AcDbLine
 10
17.0625935984
 20
5.4776807688
 30
0.0
 11
17.0322304824
 21
5.4630905279
 31
0.0
  0
LINE
  5
432
102
{ACAD_REACTORS
330
583
102
}
100
AcDbEntity
  8
Z0_BOTCOMP
370
        25
  6
Continuous
 62
         4
100
AcDbLine
 10
17.1049802899
 20
6.5043692497
 30
0.0
 11
17.1048413697
 21
6.5149010919
 31
0.0
  0
LINE
  5
433
102
{ACAD_REACTORS
330
583
102
}
100
AcDbEntity
  8
Z0_BOTCOMP
370
        25
  6
Continuous
 62
         4
100
AcDbLine
 10
17.1048413697
 20
6.5149010919
 30
0.0
 11
17.1068221809
 21
6.5225528298
 31
0.0
  0
LINE
  5
434
102
{ACAD_REACTORS
330
583
102
}
100
AcDbEntity
  8
Z0_BOTCOMP
370
        25
  6
Continuous
 62
         4
100
AcDbLine
 10
17.1068221809
 20
6.5225528298
 30
0.0
 11
17.1108461819
 21
6.5270286842
 31
0.0
  0
LINE
  5
435
102
{ACAD_REACTORS
330
583
102
}
100
AcDbEntity
  8
Z0_BOTCOMP
370
        25
  6
Continuous
 62
         4
100
AcDbLine
 10
17.024390867
 20
5.7275570162
 30
0.0
 11
17.0556331336
 21
5.7124694037
 31
0.0
  0
LINE
  5
436
102
{ACAD_REACTORS
330
583
102
}
100
AcDbEntity
  8
Z0_BOTCOMP
370
        25
  6
Continuous
 62
         4
100
AcDbLine
 10
17.0556331336
 20
5.7124694037
 30
0.0
 11
17.0825214916
 21
5.6900411375
 31
0.0
  0
LINE
  5
437
102
{ACAD_REACTORS
330
583
102
}
100
AcDbEntity
  8
Z0_BOTCOMP
370
        25
  6
Continuous
 62
         4
100
AcDbLine
 10
17.0825214916
 20
5.6900411375
 30
0.0
 11
17.1033666162
 21
5.6616832267
 31
0.0
  0
LINE
  5
438
102
{ACAD_REACTORS
330
583
102
}
100
AcDbEntity
  8
Z0_BOTCOMP
370
        25
  6
Continuous
 62
         4
100
AcDbLine
 10
17.0124138802
 20
5.8714728349
 30
0.0
 11
17.0583731617
 21
5.870116671
 31
0.0
  0
LINE
  5
439
102
{ACAD_REACTORS
330
583
102
}
100
AcDbEntity
  8
Z0_BOTCOMP
370
        25
  6
Continuous
 62
         4
100
AcDbLine
 10
17.0583731617
 20
5.870116671
 30
0.0
 11
17.1035828124
 21
5.8598870736
 31
0.0
  0
LINE
  5
43A
102
{ACAD_REACTORS
330
583
102
}
100
AcDbEntity
  8
Z0_BOTCOMP
370
        25
  6
Continuous
 62
         4
100
AcDbLine
 10
17.1035828124
 20
5.8598870736
 30
0.0
 11
17.1464114256
 21
5.8411541908
 31
0.0
  0
LINE
  5
43B
102
{ACAD_REACTORS
330
583
102
}
100
AcDbEntity
  8
Z0_BOTCOMP
370
        25
  6
Continuous
 62
         4
100
AcDbLine
 10
16.9590699271
 20
6.7507965082
 30
0.0
 11
16.9580705178
 21
6.7502682638
 31
0.0
  0
LINE
  5
43C
102
{ACAD_REACTORS
330
583
102
}
100
AcDbEntity
  8
Z0_BOTCOMP
370
        25
  6
Continuous
 62
         4
100
AcDbLine
 10
16.9088672829
 20
5.4204228668
 30
0.0
 11
16.8724737161
 21
5.4505512733
 31
0.0
  0
LINE
  5
43D
102
{ACAD_REACTORS
330
583
102
}
100
AcDbEntity
  8
Z0_BOTCOMP
370
        25
  6
Continuous
 62
         4
100
AcDbLine
 10
17.1033666162
 20
5.6616832267
 30
0.0
 11
17.1168591558
 21
5.6291772012
 31
0.0
  0
ARC
  5
43E
102
{ACAD_REACTORS
330
583
102
}
100
AcDbEntity
  8
Z0_BOTCOMP
370
        25
  6
Continuous
 62
         4
100
AcDbCircle
 10
16.2968646111
 20
6.3548468701
 30
0.0
 40
0.1059988611
100
AcDbArc
 50
-3.7281234223
 51
111.5549500715
  0
ARC
  5
43F
102
{ACAD_REACTORS
330
583
102
}
100
AcDbEntity
  8
Z0_BOTCOMP
370
        25
  6
Continuous
 62
         4
100
AcDbCircle
 10
16.2968642291
 20
6.354845622
 30
0.0
 40
0.1060000256
100
AcDbArc
 50
127.3069091276
 51
-68.4460526103
  0
ELLIPSE
  5
440
102
{ACAD_REACTORS
330
583
102
}
100
AcDbEntity
  8
Z0_BOTCOMP
370
        25
  6
Continuous
 62
         4
100
AcDbEllipse
 10
16.2968674173
 20
6.3548429255
 30
0.0
 11
0.0843102827764106
 21
0.0642408497020329
 31
0.0
210
0.0
220
0.0
230
1.0
 40
1.0
 41
4.7123889803846897
 42
5.5670426235420631
  0
CIRCLE
  5
441
102
{ACAD_REACTORS
330
583
102
}
100
AcDbEntity
  8
Z0_BOTCOMP
370
        25
  6
Continuous
 62
         4
100
AcDbCircle
 10
16.2968642068
 20
6.3548456095
 30
0.0
 40
0.068
  0
LINE
  5
442
102
{ACAD_REACTORS
330
583
102
}
100
AcDbEntity
  8
Z0_BOTCOMP
370
        25
  6
Continuous
 62
         4
100
AcDbLine
 10
16.3230328526
 20
6.0136772414
 30
0.0
 11
16.2823645741
 21
5.9907333804
 31
0.0
  0
LINE
  5
443
102
{ACAD_REACTORS
330
583
102
}
100
AcDbEntity
  8
Z0_BOTCOMP
370
        25
  6
Continuous
 62
         4
100
AcDbLine
 10
16.3009644226
 20
6.0701169308
 30
0.0
 11
16.2528825923
 21
6.0429905594
 31
0.0
  0
LINE
  5
444
102
{ACAD_REACTORS
330
583
102
}
100
AcDbEntity
  8
Z0_BOTCOMP
370
        25
  6
Continuous
 62
         4
100
AcDbLine
 10
16.3139006249
 20
6.0471873516
 30
0.0
 11
16.3009644226
 21
6.0701169308
 31
0.0
  0
LINE
  5
445
102
{ACAD_REACTORS
330
583
102
}
100
AcDbEntity
  8
Z0_BOTCOMP
370
        25
  6
Continuous
 62
         4
100
AcDbLine
 10
16.9035360535
 20
4.8110287922
 30
0.0
 11
16.8513502927
 21
4.7815871025
 31
0.0
  0
LINE
  5
446
102
{ACAD_REACTORS
330
583
102
}
100
AcDbEntity
  8
Z0_BOTCOMP
370
        25
  6
Continuous
 62
         4
100
AcDbLine
 10
16.2151046394
 20
5.909061613
 30
0.0
 11
16.8513051685
 21
4.7813882714
 31
0.0
  0
LINE
  5
447
102
{ACAD_REACTORS
330
583
102
}
100
AcDbEntity
  8
Z0_BOTCOMP
370
        25
  6
Continuous
 62
         4
100
AcDbLine
 10
16.8767680741
 20
4.7382086906
 30
0.0
 11
16.9047956114
 21
4.6885295324
 31
0.0
  0
LINE
  5
448
102
{ACAD_REACTORS
330
583
102
}
100
AcDbEntity
  8
Z0_BOTCOMP
370
        25
  6
Continuous
 62
         4
100
AcDbLine
 10
16.1679725151
 20
5.9950867613
 30
0.0
 11
16.200142145
 21
5.937048122
 31
0.0
  0
LINE
  5
449
102
{ACAD_REACTORS
330
583
102
}
100
AcDbEntity
  8
Z0_BOTCOMP
370
        25
  6
Continuous
 62
         4
100
AcDbLine
 10
16.3104486014
 20
5.9180343313
 30
0.0
 11
16.2430739198
 21
6.0374567914
 31
0.0
  0
SPLINE
  5
44A
102
{ACAD_REACTORS
330
583
102
}
100
AcDbEntity
  8
Z0_BOTCOMP
370
        25
  6
Continuous
 62
         4
100
AcDbSpline
210
0.0
220
0.0
230
1.0
 70
         0
 71
         3
 72
        12
 73
         8
 74
         0
 42
0.000001
 43
0.000001
 40
0.0
 40
0.0
 40
0.0
 40
0.0
 40
0.151889
 40
0.285791
 40
0.50097
 40
0.719492
 40
1.0
 40
1.0
 40
1.0
 40
1.0
 10
16.297890189940688
 20
5.9063359030890297
 30
0.0
 10
16.291980240663918
 20
5.9029500139081392
 30
0.0
 10
16.280862598020974
 20
5.8965778724261781
 30
0.0
 10
16.263112068794442
 20
5.8881663816441687
 30
0.0
 10
16.245758398748706
 20
5.8826597586371463
 30
0.0
 10
16.227415465290562
 20
5.8894120169370581
 30
0.0
 10
16.21965893037617
 20
5.9019496623350278
 30
0.0
 10
16.215298156277015
 20
5.9089974162507133
 30
0.0
  0
SPLINE
  5
44B
102
{ACAD_REACTORS
330
583
102
}
100
AcDbEntity
  8
Z0_BOTCOMP
370
        25
  6
Continuous
 62
         4
100
AcDbSpline
210
0.0
220
0.0
230
1.0
 70
         0
 71
         3
 72
        15
 73
        11
 74
         0
 42
0.000001
 43
0.000001
 40
0.0
 40
0.0
 40
0.0
 40
0.0
 40
0.148994
 40
0.281429
 40
0.398041
 40
0.499918
 40
0.59916
 40
0.715052
 40
0.848475
 40
1.0
 40
1.0
 40
1.0
 40
1.0
 10
16.300964422630898
 20
6.0701169307887994
 30
0.0
 10
16.301802530829889
 20
6.0700478319695321
 30
0.0
 10
16.303384770477976
 20
6.0699174682629291
 30
0.0
 10
16.307129357223005
 20
6.0642305527449025
 30
0.0
 10
16.311047626523134
 20
6.0559503190106625
 30
0.0
 10
16.314740828708921
 20
6.0454660737534596
 30
0.0
 10
16.31777461669941
 20
6.0322859149368924
 30
0.0
 10
16.321148527640105
 20
6.015763583716307
 30
0.0
 10
16.325482959354929
 20
5.9951698129661963
 30
0.0
 10
16.329067790155761
 20
5.9801947971020581
 30
0.0
 10
16.330974060460505
 20
5.9722307358563285
 30
0.0
  0
SPLINE
  5
44C
102
{ACAD_REACTORS
330
583
102
}
100
AcDbEntity
  8
Z0_BOTCOMP
370
        25
  6
Continuous
 62
         4
100
AcDbSpline
210
0.0
220
0.0
230
1.0
 70
         0
 71
         3
 72
        12
 73
         8
 74
         0
 42
0.000001
 43
0.000001
 40
0.0
 40
0.0
 40
0.0
 40
0.0
 40
0.282736
 40
0.498991
 40
0.716433
 40
0.849778
 40
1.0
 40
1.0
 40
1.0
 40
1.0
 10
16.851350292749601
 20
4.7815871024674834
 30
0.0
 10
16.848043152725552
 20
4.7882854923382183
 30
0.0
 10
16.842204393152713
 20
4.8001082085511371
 30
0.0
 10
16.847101859381212
 20
4.8182118840493331
 30
0.0
 10
16.861139949883238
 20
4.8295119721929041
 30
0.0
 10
16.877718924254111
 20
4.8396357682106554
 30
0.0
 10
16.888862194710725
 20
4.8453438011058552
 30
0.0
 10
16.894765194944
 20
4.8483675415454854
 30
0.0
  0
SPLINE
  5
44D
102
{ACAD_REACTORS
330
583
102
}
100
AcDbEntity
  8
Z0_BOTCOMP
370
        25
  6
Continuous
 62
         4
100
AcDbSpline
210
0.0
220
0.0
230
1.0
 70
         0
 71
         3
 72
        12
 73
         8
 74
         0
 42
0.000001
 43
0.000001
 40
0.0
 40
0.0
 40
0.0
 40
0.0
 40
0.518904
 40
0.707406
 40
0.852179
 40
0.980964
 40
1.0
 40
1.0
 40
1.0
 40
1.0
 10
16.903536053548862
 20
4.8110287921913368
 30
0.0
 10
16.90006637130665
 20
4.8173782909225338
 30
0.0
 10
16.895336732570343
 20
4.8260343432805257
 30
0.0
 10
16.892761116705913
 20
4.8367702029536304
 30
0.0
 10
16.892778627357814
 20
4.8423337686606374
 30
0.0
 10
16.893713493282405
 20
4.8454755704849504
 30
0.0
 10
16.894895723550633
 20
4.8467705981265681
 30
0.0
 10
16.895048582796392
 20
4.8469372086033218
 30
0.0
  0
SPLINE
  5
44E
102
{ACAD_REACTORS
330
583
102
}
100
AcDbEntity
  8
Z0_BOTCOMP
370
        25
  6
Continuous
 62
         4
100
AcDbSpline
210
0.0
220
0.0
230
1.0
 70
         0
 71
         3
 72
        12
 73
         8
 74
         0
 42
0.000001
 43
0.000001
 40
0.0
 40
0.0
 40
0.0
 40
0.0
 40
0.064265
 40
0.182494
 40
0.321973
 40
0.502958
 40
1.0
 40
1.0
 40
1.0
 40
1.0
 10
16.297595023409542
 20
5.9088067196987595
 30
0.0
 10
16.296736936829518
 20
5.9086934703227598
 30
0.0
 10
16.294298839169016
 20
5.9083708361679328
 30
0.0
 10
16.290345339536941
 20
5.9095538888543615
 30
0.0
 10
16.285308556446637
 20
5.9130742789038777
 30
0.0
 10
16.276930798729325
 20
5.9220098377913928
 30
0.0
 10
16.271480192737101
 20
5.9314899770474767
 30
0.0
 10
16.26748391707639
 20
5.9384391059745667
 30
0.0
  0
LINE
  5
44F
102
{ACAD_REACTORS
330
583
102
}
100
AcDbEntity
  8
Z0_BOTCOMP
370
        25
  6
Continuous
 62
         4
100
AcDbLine
 10
17.1379259887
 20
6.4699200976
 30
0.0
 11
17.1387188893
 21
6.4729818067
 31
0.0
  0
LINE
  5
450
102
{ACAD_REACTORS
330
583
102
}
100
AcDbEntity
  8
Z0_BOTCOMP
370
        25
  6
Continuous
 62
         4
100
AcDbLine
 10
17.1387188893
 20
6.4729818067
 30
0.0
 11
17.1403281637
 21
6.4747715052
 31
0.0
  0
LINE
  5
451
102
{ACAD_REACTORS
330
583
102
}
100
AcDbEntity
  8
Z0_BOTCOMP
370
        25
  6
Continuous
 62
         4
100
AcDbLine
 10
17.0322304824
 20
5.4630905279
 30
0.0
 11
16.9989854473
 21
5.4568301532
 31
0.0
  0
LINE
  5
452
102
{ACAD_REACTORS
330
583
102
}
100
AcDbEntity
  8
Z0_BOTCOMP
370
        25
  6
Continuous
 62
         4
100
AcDbLine
 10
16.9989854473
 20
5.4568301532
 30
0.0
 11
16.9649455827
 21
5.4592929217
 31
0.0
  0
LINE
  5
453
102
{ACAD_REACTORS
330
583
102
}
100
AcDbEntity
  8
Z0_BOTCOMP
370
        25
  6
Continuous
 62
         4
100
AcDbLine
 10
16.9649455827
 20
5.4592929217
 30
0.0
 11
16.9322509131
 21
5.4703244461
 31
0.0
  0
LINE
  5
454
102
{ACAD_REACTORS
330
583
102
}
100
AcDbEntity
  8
Z0_BOTCOMP
370
        25
  6
Continuous
 62
         4
100
AcDbLine
 10
16.9322509131
 20
5.4703244461
 30
0.0
 11
16.9029537899
 21
5.4892317574
 31
0.0
  0
LINE
  5
455
102
{ACAD_REACTORS
330
583
102
}
100
AcDbEntity
  8
Z0_BOTCOMP
370
        25
  6
Continuous
 62
         4
100
AcDbLine
 10
17.1345187658
 20
6.4255673076
 30
0.0
 11
17.125422175
 21
6.4428348772
 31
0.0
  0
LINE
  5
456
102
{ACAD_REACTORS
330
583
102
}
100
AcDbEntity
  8
Z0_BOTCOMP
370
        25
  6
Continuous
 62
         4
100
AcDbLine
 10
17.125422175
 20
6.4428348772
 30
0.0
 11
17.1176534078
 21
6.4599915888
 31
0.0
  0
LINE
  5
457
102
{ACAD_REACTORS
330
583
102
}
100
AcDbEntity
  8
Z0_BOTCOMP
370
        25
  6
Continuous
 62
         4
100
AcDbLine
 10
16.3123737207
 20
6.5817474715
 30
0.0
 11
15.8246400505
 21
6.3065823083
 31
0.0
  0
ARC
  5
458
102
{ACAD_REACTORS
330
583
102
}
100
AcDbEntity
  8
Z0_BOTCOMP
370
        25
  6
Continuous
 62
         4
100
AcDbCircle
 10
16.4352150583
 20
6.3640083175
 30
0.0
 40
0.2500006668
100
AcDbArc
 50
29.430581074
 51
119.4302754433
  0
LINE
  5
459
102
{ACAD_REACTORS
330
583
102
}
100
AcDbEntity
  8
Z0_BOTCOMP
370
        25
  6
Continuous
 62
         4
100
AcDbLine
 10
16.7266585114
 20
6.3562078692
 30
0.0
 11
16.652953557
 21
6.4868508165
 31
0.0
  0
LINE
  5
45A
102
{ACAD_REACTORS
330
583
102
}
100
AcDbEntity
  8
Z0_BOTCOMP
370
        25
  6
Continuous
 62
         4
100
AcDbLine
 10
16.6535121576
 20
4.3286108651
 30
0.0
 11
16.5798072032
 21
4.4592538125
 31
0.0
  0
LINE
  5
45B
102
{ACAD_REACTORS
330
583
102
}
100
AcDbEntity
  8
Z0_BOTCOMP
370
        25
  6
Continuous
 62
         4
100
AcDbLine
 10
16.3894333404
 20
6.7974474103
 30
0.0
 11
16.433656313
 21
6.7190616419
 31
0.0
  0
LINE
  5
45C
102
{ACAD_REACTORS
330
583
102
}
100
AcDbEntity
  8
Z0_BOTCOMP
370
        25
  6
Continuous
 62
         4
100
AcDbLine
 10
16.5601525487
 20
4.4940919318
 30
0.0
 11
16.5798072032
 21
4.4592538125
 31
0.0
  0
LINE
  5
45D
102
{ACAD_REACTORS
330
583
102
}
100
AcDbEntity
  8
Z0_BOTCOMP
370
        25
  6
Continuous
 62
         4
100
AcDbLine
 10
15.80344835
 20
5.8353595247
 30
0.0
 11
15.8231030045
 21
5.8005214054
 31
0.0
  0
LINE
  5
45E
102
{ACAD_REACTORS
330
583
102
}
100
AcDbEntity
  8
Z0_BOTCOMP
370
        25
  6
Continuous
 62
         4
100
AcDbLine
 10
16.7266585114
 20
6.3562078692
 30
0.0
 11
15.80344835
 21
5.8353595247
 31
0.0
  0
LINE
  5
45F
102
{ACAD_REACTORS
330
583
102
}
100
AcDbEntity
  8
Z0_BOTCOMP
370
        25
  6
Continuous
 62
         4
100
AcDbLine
 10
16.200142145
 20
5.937048122
 30
0.0
 11
16.2523279058
 21
5.9664898117
 31
0.0
  0
LINE
  5
460
102
{ACAD_REACTORS
330
583
102
}
100
AcDbEntity
  8
Z0_BOTCOMP
370
        25
  6
Continuous
 62
         4
100
AcDbLine
 10
16.2201574049
 20
6.0245279597
 30
0.0
 11
16.2523279058
 21
5.9664898117
 31
0.0
  0
LINE
  5
461
102
{ACAD_REACTORS
330
583
102
}
100
AcDbEntity
  8
Z0_BOTCOMP
370
        25
  6
Continuous
 62
         4
100
AcDbLine
 10
16.2429545992
 20
6.0373894742
 30
0.0
 11
16.2201574049
 21
6.0245279597
 31
0.0
  0
LINE
  5
462
102
{ACAD_REACTORS
330
583
102
}
100
AcDbEntity
  8
Z0_BOTCOMP
370
        25
  6
Continuous
 62
         4
100
AcDbLine
 10
16.433656313
 20
6.7190616419
 30
0.0
 11
16.1362197729
 21
6.5512565894
 31
0.0
  0
LINE
  5
463
102
{ACAD_REACTORS
330
583
102
}
100
AcDbEntity
  8
Z0_BOTCOMP
370
        25
  6
Continuous
 62
         4
100
AcDbLine
 10
16.2763732885
 20
5.9873532712
 30
0.0
 11
16.2725559016
 21
5.9851996124
 31
0.0
  0
LINE
  5
464
102
{ACAD_REACTORS
330
583
102
}
100
AcDbEntity
  8
Z0_BOTCOMP
370
        25
  6
Continuous
 62
         4
100
AcDbLine
 10
16.2468913067
 20
6.0396104502
 30
0.0
 11
16.2430739198
 21
6.0374567914
 31
0.0
  0
ELLIPSE
  5
465
102
{ACAD_REACTORS
330
583
102
}
100
AcDbEntity
  8
Z0_BOTCOMP
370
        25
  6
Continuous
 62
         4
100
AcDbEllipse
 10
16.2470130559
 20
5.9731324646
 30
0.0
 11
0.0667965615409888
 21
0.0508771340453827
 31
0.0
210
0.0
220
0.0
230
1.0
 40
1.0
 41
4.7123889803846897
 42
5.6215158332985844
  0
LINE
  5
466
102
{ACAD_REACTORS
330
583
102
}
100
AcDbEntity
  8
Z0_BOTCOMP
370
        25
  6
Continuous
 62
         4
100
AcDbLine
 10
16.4388993901
 20
4.2104029973
 30
0.0
 11
16.346768197
 21
4.3737066815
 31
0.0
  0
LINE
  5
467
102
{ACAD_REACTORS
330
583
102
}
100
AcDbEntity
  8
Z0_BOTCOMP
370
        25
  6
Continuous
 62
         4
100
AcDbLine
 10
16.2152981563
 20
5.9089974163
 30
0.0
 11
16.2674839171
 21
5.938439106
 31
0.0
  0
LINE
  5
468
102
{ACAD_REACTORS
330
583
102
}
100
AcDbEntity
  8
Z0_BOTCOMP
370
        25
  6
Continuous
 62
         4
100
AcDbLine
 10
16.2823645741
 20
5.9907333804
 30
0.0
 11
16.2528825923
 21
6.0429905594
 31
0.0
  0
LINE
  5
469
102
{ACAD_REACTORS
330
583
102
}
100
AcDbEntity
  8
Z0_BOTCOMP
370
        25
  6
Continuous
 62
         4
100
AcDbLine
 10
16.2429545992
 20
6.0373894742
 30
0.0
 11
16.2430739198
 21
6.0374567914
 31
0.0
  0
LINE
  5
46A
102
{ACAD_REACTORS
330
583
102
}
100
AcDbEntity
  8
Z0_BOTCOMP
370
        25
  6
Continuous
 62
         4
100
AcDbLine
 10
16.9047956114
 20
4.6885295324
 30
0.0
 11
16.3775285145
 21
4.3910607587
 31
0.0
  0
LINE
  5
46B
102
{ACAD_REACTORS
330
583
102
}
100
AcDbEntity
  8
Z0_BOTCOMP
370
        25
  6
Continuous
 62
         4
100
AcDbLine
 10
16.2763732885
 20
5.9873532712
 30
0.0
 11
16.2468913067
 21
6.0396104502
 31
0.0
  0
LINE
  5
46C
102
{ACAD_REACTORS
330
583
102
}
100
AcDbEntity
  8
Z0_BOTCOMP
370
        25
  6
Continuous
 62
         4
100
AcDbLine
 10
16.2823645741
 20
5.9907333804
 30
0.0
 11
16.2763732885
 21
5.9873532712
 31
0.0
  0
LINE
  5
46D
102
{ACAD_REACTORS
330
583
102
}
100
AcDbEntity
  8
Z0_BOTCOMP
370
        25
  6
Continuous
 62
         4
100
AcDbLine
 10
16.2528825923
 20
6.0429905594
 30
0.0
 11
16.2468913067
 21
6.0396104502
 31
0.0
  0
LINE
  5
46E
102
{ACAD_REACTORS
330
583
102
}
100
AcDbEntity
  8
Z0_BOTCOMP
370
        25
  6
Continuous
 62
         4
100
AcDbLine
 10
16.8947651949
 20
4.8483675415
 30
0.0
 11
16.2978901899
 21
5.9063359031
 31
0.0
  0
CIRCLE
  5
46F
102
{ACAD_REACTORS
330
583
102
}
100
AcDbEntity
  8
Z0_BOTCOMP
370
        25
  6
Continuous
 62
         4
100
AcDbCircle
 10
16.2968642068
 20
6.3548456095
 30
0.0
 40
0.082
  0
LINE
  5
470
102
{ACAD_REACTORS
330
583
102
}
100
AcDbEntity
  8
Z0_BOTCOMP
370
        25
  6
Continuous
 62
         4
100
AcDbLine
 10
16.8908774257
 20
6.4029287042
 30
0.0
 11
16.6771330579
 21
6.7817932516
 31
0.0
  0
LINE
  5
471
102
{ACAD_REACTORS
330
583
102
}
100
AcDbEntity
  8
Z0_BOTCOMP
370
        25
  6
Continuous
 62
         4
100
AcDbLine
 10
16.8456218378
 20
6.3773968167
 30
0.0
 11
16.63187747
 21
6.756261364
 31
0.0
  0
LINE
  5
472
102
{ACAD_REACTORS
330
583
102
}
100
AcDbEntity
  8
Z0_BOTCOMP
370
        25
  6
Continuous
 62
         4
100
AcDbLine
 10
16.6771330579
 20
6.7817932516
 30
0.0
 11
16.63187747
 21
6.756261364
 31
0.0
  0
LINE
  5
473
102
{ACAD_REACTORS
330
583
102
}
100
AcDbEntity
  8
Z0_BOTCOMP
370
        25
  6
Continuous
 62
         4
100
AcDbLine
 10
16.63187747
 20
6.756261364
 30
0.0
 11
16.3581595924
 21
6.6018376917
 31
0.0
  0
ELLIPSE
  5
474
102
{ACAD_REACTORS
330
583
102
}
100
AcDbEntity
  8
Z0_BOTCOMP
370
        25
  6
Continuous
 62
         4
100
AcDbEllipse
 10
16.5754663488
 20
6.4304415027
 30
0.0
 11
0.1188396185044667
 21
-0.016888347214433
 31
0.0
210
0.0
220
0.0
230
1.0
 40
1.0
 41
0.0
 42
0.7261573382931152
  0
ELLIPSE
  5
475
102
{ACAD_REACTORS
330
583
102
}
100
AcDbEntity
  8
Z0_BOTCOMP
370
        25
  6
Continuous
 62
         4
100
AcDbEllipse
 10
16.5896853563
 20
6.4653149996
 30
0.0
 11
0.085854996583862
 21
0.0314082117754424
 31
0.0
210
0.0
220
0.0
230
1.0
 40
1.0
 41
0.0
 42
1.1661551011219087
  0
LINE
  5
476
102
{ACAD_REACTORS
330
583
102
}
100
AcDbEntity
  8
Z0_BOTCOMP
370
        25
  6
Continuous
 62
         4
100
AcDbLine
 10
16.1362197729
 20
6.5512565894
 30
0.0
 11
16.0919968002
 21
6.6296423579
 31
0.0
  0
LINE
  5
477
102
{ACAD_REACTORS
330
583
102
}
100
AcDbEntity
  8
Z0_BOTCOMP
370
        25
  6
Continuous
 62
         4
100
AcDbLine
 10
16.0919968002
 20
6.6296423579
 30
0.0
 11
16.3894333404
 21
6.7974474103
 31
0.0
  0
LINE
  5
478
102
{ACAD_REACTORS
330
583
102
}
100
AcDbEntity
  8
Z0_BOTCOMP
370
        25
  6
Continuous
 62
         4
100
AcDbLine
 10
16.2429545992
 20
6.0373894742
 30
0.0
 11
16.3103533578
 21
5.9179243374
 31
0.0
  0
ELLIPSE
  5
479
102
{ACAD_REACTORS
330
583
102
}
100
AcDbEntity
  8
Z0_BOTCOMP
370
        25
  6
Continuous
 62
         4
100
AcDbEllipse
 10
16.6031086927
 20
6.7888302994
 30
0.0
 11
0.1017389749305266
 21
0.0487845957862874
 31
0.0
210
0.0
220
0.0
230
1.0
 40
1.0
 41
0.0
 42
1.5605248910106828
  0
LINE
  5
47A
102
{ACAD_REACTORS
330
583
102
}
100
AcDbEntity
  8
Z0_BOTCOMP
370
        25
  6
Continuous
 62
         4
100
AcDbLine
 10
16.7048476677
 20
6.8376148952
 30
0.0
 11
16.6369638503
 21
6.7993168182
 31
0.0
  0
ELLIPSE
  5
47B
102
{ACAD_REACTORS
330
583
102
}
100
AcDbEntity
  8
Z0_BOTCOMP
370
        25
  6
Continuous
 62
         4
100
AcDbEllipse
 10
16.296864292
 20
6.3548456575
 30
0.0
 11
-0.0826977974520461
 21
-0.0671069677748862
 31
0.0
210
0.0
220
0.0
230
1.0
 40
1.0
 41
4.7123889803846897
 42
7.5179030303013601
  0
ELLIPSE
  5
47C
102
{ACAD_REACTORS
330
583
102
}
100
AcDbEntity
  8
Z0_BOTCOMP
370
        25
  6
Continuous
 62
         4
100
AcDbEllipse
 10
16.2968642965
 20
6.3548456601
 30
0.0
 11
0.0826983875005458
 21
0.0671059219065901
 31
0.0
210
0.0
220
0.0
230
1.0
 40
1.0
 41
4.7123889803846897
 42
7.5179252635226952
  0
LINE
  5
47D
102
{ACAD_REACTORS
330
583
102
}
100
AcDbEntity
  8
Z0_BOTCOMP
370
        25
  6
Continuous
 62
         4
100
AcDbLine
 10
16.59959463
 20
6.8126792182
 30
0.0
 11
16.5553716573
 21
6.8910649866
 31
0.0
  0
LINE
  5
47E
102
{ACAD_REACTORS
330
583
102
}
100
AcDbEntity
  8
Z0_BOTCOMP
370
        25
  6
Continuous
 62
         4
100
AcDbLine
 10
16.3894333404
 20
6.7974474103
 30
0.0
 11
16.5553716573
 21
6.8910649866
 31
0.0
  0
LINE
  5
47F
102
{ACAD_REACTORS
330
583
102
}
100
AcDbEntity
  8
Z0_BOTCOMP
370
        25
  6
Continuous
 62
         4
100
AcDbLine
 10
16.433656313
 20
6.7190616419
 30
0.0
 11
16.59959463
 21
6.8126792182
 31
0.0
  0
ELLIPSE
  5
480
102
{ACAD_REACTORS
330
583
102
}
100
AcDbEntity
  8
Z0_BOTCOMP
370
        25
  6
Continuous
 62
         4
100
AcDbEllipse
 10
16.6115286612
 20
6.7871193831
 30
0.0
 11
0.0254351891400688
 21
0.0121974350643654
 31
0.0
210
0.0
220
0.0
230
1.0
 40
1.0
 41
0.0
 42
1.5604658466146593
  0
LINE
  5
481
102
{ACAD_REACTORS
330
583
102
}
100
AcDbEntity
  8
Z0_BOTCOMP
370
        25
  6
Continuous
 62
         4
100
AcDbLine
 10
16.7463131659
 20
6.3213697499
 30
0.0
 11
16.7266585114
 21
6.3562078692
 31
0.0
  0
LINE
  5
482
102
{ACAD_REACTORS
330
583
102
}
100
AcDbEntity
  8
Z0_BOTCOMP
370
        25
  6
Continuous
 62
         4
100
AcDbLine
 10
16.346768197
 20
4.3737066815
 30
0.0
 11
16.3775285145
 21
4.3910607587
 31
0.0
  0
LINE
  5
483
102
{ACAD_REACTORS
330
583
102
}
100
AcDbEntity
  8
Z0_BOTCOMP
370
        25
  6
Continuous
 62
         4
100
AcDbLine
 10
16.6369638503
 20
6.7993168182
 30
0.0
 11
16.654161673
 21
6.7688334638
 31
0.0
  0
ELLIPSE
  5
484
102
{ACAD_REACTORS
330
583
102
}
100
AcDbEntity
  8
Z0_BOTCOMP
370
        25
  6
Continuous
 62
         4
100
AcDbEllipse
 10
16.3491213857
 20
6.3843275912
 30
0.0
 11
0.0515934680897203
 21
-0.0914500631520241
 31
0.0
210
0.0
220
0.0
230
1.0
 40
1.0
 41
0.0
 42
3.1415926535906475
  0
LINE
  5
485
102
{ACAD_REACTORS
330
583
102
}
100
AcDbEntity
  8
Z0_BOTCOMP
370
        25
  6
Continuous
 62
         4
100
AcDbLine
 10
16.208255237
 20
6.4254126022
 30
0.0
 11
16.2975279177
 21
6.4757776544
 31
0.0
  0
ELLIPSE
  5
486
102
{ACAD_REACTORS
330
583
102
}
100
AcDbEntity
  8
Z0_BOTCOMP
370
        25
  6
Continuous
 62
         4
100
AcDbEllipse
 10
16.259848705
 20
6.333962539
 30
0.0
 11
0.091450063151808
 21
0.0515934680897694
 31
0.0
210
0.0
220
0.0
230
-1.0
 40
1.0
 41
4.7123889803846897
 42
7.8539816339753692
  0
LINE
  5
487
102
{ACAD_REACTORS
330
583
102
}
100
AcDbEntity
  8
Z0_BOTCOMP
370
        25
  6
Continuous
 62
         4
100
AcDbLine
 10
16.4007148538
 20
6.2928775281
 30
0.0
 11
16.3114421731
 21
6.2425124759
 31
0.0
  0
LINE
  5
488
102
{ACAD_REACTORS
330
583
102
}
100
AcDbEntity
  8
Z0_BOTCOMP
370
        25
  6
Continuous
 62
         4
100
AcDbLine
 10
16.1679725151
 20
5.9950867613
 30
0.0
 11
16.2201574049
 21
6.0245279597
 31
0.0
  0
LINE
  5
489
102
{ACAD_REACTORS
330
583
102
}
100
AcDbEntity
  8
Z0_BOTCOMP
370
        25
  6
Continuous
 62
         4
100
AcDbLine
 10
16.8510929137
 20
5.6141780083
 30
0.0
 11
16.858557886
 21
5.6478664357
 31
0.0
  0
LINE
  5
48A
102
{ACAD_REACTORS
330
583
102
}
100
AcDbEntity
  8
Z0_BOTCOMP
370
        25
  6
Continuous
 62
         4
100
AcDbLine
 10
16.858557886
 20
5.6478664357
 30
0.0
 11
16.8740526014
 21
5.6782751747
 31
0.0
  0
LINE
  5
48B
102
{ACAD_REACTORS
330
583
102
}
100
AcDbEntity
  8
Z0_BOTCOMP
370
        25
  6
Continuous
 62
         4
100
AcDbLine
 10
16.7035883693
 20
6.3970999827
 30
0.0
 11
16.7068315415
 21
6.4120589828
 31
0.0
  0
LINE
  5
48C
102
{ACAD_REACTORS
330
583
102
}
100
AcDbEntity
  8
Z0_BOTCOMP
370
        25
  6
Continuous
 62
         4
100
AcDbLine
 10
16.7068315415
 20
6.4120589828
 30
0.0
 11
16.7060869593
 21
6.4363107366
 31
0.0
  0
LINE
  5
48D
102
{ACAD_REACTORS
330
583
102
}
100
AcDbEntity
  8
Z0_BOTCOMP
370
        25
  6
Continuous
 62
         4
100
AcDbLine
 10
16.7035151557
 20
6.3972297547
 30
0.0
 11
16.7066808666
 21
6.4119739764
 31
0.0
  0
LINE
  5
48E
102
{ACAD_REACTORS
330
583
102
}
100
AcDbEntity
  8
Z0_BOTCOMP
370
        25
  6
Continuous
 62
         4
100
AcDbLine
 10
16.7066808666
 20
6.4119739764
 30
0.0
 11
16.7059362845
 21
6.4362257302
 31
0.0
  0
LINE
  5
48F
102
{ACAD_REACTORS
330
583
102
}
100
AcDbEntity
  8
Z0_BOTCOMP
370
        25
  6
Continuous
 62
         4
100
AcDbLine
 10
16.7059362845
 20
6.4362257302
 30
0.0
 11
16.6994664681
 21
6.4635371355
 31
0.0
  0
LINE
  5
490
102
{ACAD_REACTORS
330
583
102
}
100
AcDbEntity
  8
Z0_BOTCOMP
370
        25
  6
Continuous
 62
         4
100
AcDbLine
 10
16.6994664681
 20
6.4635371355
 30
0.0
 11
16.687793628
 21
6.4916963582
 31
0.0
  0
LINE
  5
491
102
{ACAD_REACTORS
330
583
102
}
100
AcDbEntity
  8
Z0_BOTCOMP
370
        25
  6
Continuous
 62
         4
100
AcDbLine
 10
16.8724737161
 20
5.4505512733
 30
0.0
 11
16.8420502018
 21
5.4869710446
 31
0.0
  0
LINE
  5
492
102
{ACAD_REACTORS
330
583
102
}
100
AcDbEntity
  8
Z0_BOTCOMP
370
        25
  6
Continuous
 62
         4
100
AcDbLine
 10
16.8420502018
 20
5.4869710446
 30
0.0
 11
16.8186965413
 21
5.5283656979
 31
0.0
  0
LINE
  5
493
102
{ACAD_REACTORS
330
583
102
}
100
AcDbEntity
  8
Z0_BOTCOMP
370
        25
  6
Continuous
 62
         4
100
AcDbLine
 10
16.8740526014
 20
5.6782751747
 30
0.0
 11
16.8966020649
 21
5.703493583
 31
0.0
  0
LINE
  5
494
102
{ACAD_REACTORS
330
583
102
}
100
AcDbEntity
  8
Z0_BOTCOMP
370
        25
  6
Continuous
 62
         4
100
AcDbLine
 10
16.8271587209
 20
5.7544410825
 30
0.0
 11
16.8534663549
 21
5.7919513581
 31
0.0
  0
LINE
  5
495
102
{ACAD_REACTORS
330
583
102
}
100
AcDbEntity
  8
Z0_BOTCOMP
370
        25
  6
Continuous
 62
         4
100
AcDbLine
 10
16.8534663549
 20
5.7919513581
 30
0.0
 11
16.8864300967
 21
5.8234149095
 31
0.0
  0
LINE
  5
496
102
{ACAD_REACTORS
330
583
102
}
100
AcDbEntity
  8
Z0_BOTCOMP
370
        25
  6
Continuous
 62
         4
100
AcDbLine
 10
16.687793628
 20
6.4916963582
 30
0.0
 11
16.6718652839
 21
6.5184215064
 31
0.0
  0
LINE
  5
497
102
{ACAD_REACTORS
330
583
102
}
100
AcDbEntity
  8
Z0_BOTCOMP
370
        25
  6
Continuous
 62
         4
100
AcDbLine
 10
16.6718652839
 20
6.5184215064
 30
0.0
 11
16.6529714447
 21
6.5415481313
 31
0.0
  0
LINE
  5
498
102
{ACAD_REACTORS
330
583
102
}
100
AcDbEntity
  8
Z0_BOTCOMP
370
        25
  6
Continuous
 62
         4
100
AcDbLine
 10
16.6529714447
 20
6.5415481313
 30
0.0
 11
16.6326423605
 21
6.5592023241
 31
0.0
  0
LINE
  5
499
102
{ACAD_REACTORS
330
583
102
}
100
AcDbEntity
  8
Z0_BOTCOMP
370
        25
  6
Continuous
 62
         4
100
AcDbLine
 10
16.6326423605
 20
6.5592023241
 30
0.0
 11
16.6125258182
 21
6.5699530856
 31
0.0
  0
LINE
  5
49A
102
{ACAD_REACTORS
330
583
102
}
100
AcDbEntity
  8
Z0_BOTCOMP
370
        25
  6
Continuous
 62
         4
100
AcDbLine
 10
16.6125258182
 20
6.5699530856
 30
0.0
 11
16.5942504809
 21
6.572930415
 31
0.0
  0
LINE
  5
49B
102
{ACAD_REACTORS
330
583
102
}
100
AcDbEntity
  8
Z0_BOTCOMP
370
        25
  6
Continuous
 62
         4
100
AcDbLine
 10
16.8186965413
 20
5.5283656979
 30
0.0
 11
16.803256902
 21
5.5732389361
 31
0.0
  0
LINE
  5
49C
102
{ACAD_REACTORS
330
583
102
}
100
AcDbEntity
  8
Z0_BOTCOMP
370
        25
  6
Continuous
 62
         4
100
AcDbLine
 10
16.803256902
 20
5.5732389361
 30
0.0
 11
16.7962888614
 21
5.6199695175
 31
0.0
  0
LINE
  5
49D
102
{ACAD_REACTORS
330
583
102
}
100
AcDbEntity
  8
Z0_BOTCOMP
370
        25
  6
Continuous
 62
         4
100
AcDbLine
 10
16.7962888614
 20
5.6199695175
 30
0.0
 11
16.7980444877
 21
5.6668671762
 31
0.0
  0
LINE
  5
49E
102
{ACAD_REACTORS
330
583
102
}
100
AcDbEntity
  8
Z0_BOTCOMP
370
        25
  6
Continuous
 62
         4
100
AcDbLine
 10
16.7980444877
 20
5.6668671762
 30
0.0
 11
16.8084590369
 21
5.7122374315
 31
0.0
  0
LINE
  5
49F
102
{ACAD_REACTORS
330
583
102
}
100
AcDbEntity
  8
Z0_BOTCOMP
370
        25
  6
Continuous
 62
         4
100
AcDbLine
 10
16.8084590369
 20
5.7122374315
 30
0.0
 11
16.8271587209
 21
5.7544410825
 31
0.0
  0
LINE
  5
4A0
102
{ACAD_REACTORS
330
583
102
}
100
AcDbEntity
  8
Z0_BOTCOMP
370
        25
  6
Continuous
 62
         4
100
AcDbLine
 10
16.5942504809
 20
6.572930415
 30
0.0
 11
16.5795988189
 21
6.5681008388
 31
0.0
  0
LINE
  5
4A1
102
{ACAD_REACTORS
330
583
102
}
100
AcDbEntity
  8
Z0_BOTCOMP
370
        25
  6
Continuous
 62
         4
100
AcDbLine
 10
16.3044947151
 20
5.9285876686
 30
0.0
 11
16.3239605143
 21
5.9395697068
 31
0.0
  0
LINE
  5
4A2
102
{ACAD_REACTORS
330
583
102
}
100
AcDbEntity
  8
Z0_BOTCOMP
370
        25
  6
Continuous
 62
         4
100
AcDbLine
 10
15.6097186529
 20
5.6801361551
 30
0.0
 11
16.346768197
 21
4.3737066815
 31
0.0
  0
LINE
  5
4A3
102
{ACAD_REACTORS
330
583
102
}
100
AcDbEntity
  8
Z0_BOTCOMP
370
        25
  6
Continuous
 62
         4
100
AcDbLine
 10
15.6404789703
 20
5.6974902323
 30
0.0
 11
15.6097186529
 21
5.6801361551
 31
0.0
  0
LINE
  5
4A4
102
{ACAD_REACTORS
330
583
102
}
100
AcDbEntity
  8
Z0_BOTCOMP
370
        25
  6
Continuous
 62
         4
100
AcDbLine
 10
15.6404789703
 20
5.6974902323
 30
0.0
 11
16.1679725151
 21
5.9950867613
 31
0.0
  0
LINE
  5
4A5
102
{ACAD_REACTORS
330
583
102
}
100
AcDbEntity
  8
Z0_BOTCOMP
370
        25
  6
Continuous
 62
         4
100
AcDbLine
 10
16.7036949958
 20
6.3969109859
 30
0.0
 11
16.7069621495
 21
6.4119455167
 31
0.0
  0
LINE
  5
4A6
102
{ACAD_REACTORS
330
583
102
}
100
AcDbEntity
  8
Z0_BOTCOMP
370
        25
  6
Continuous
 62
         4
100
AcDbLine
 10
16.7069621495
 20
6.4119455167
 30
0.0
 11
16.7062158231
 21
6.436241065
 31
0.0
  0
LINE
  5
4A7
102
{ACAD_REACTORS
330
583
102
}
100
AcDbEntity
  8
Z0_BOTCOMP
370
        25
  6
Continuous
 62
         4
100
AcDbLine
 10
16.7062158231
 20
6.436241065
 30
0.0
 11
16.6997336317
 21
6.4636028971
 31
0.0
  0
LINE
  5
4A8
102
{ACAD_REACTORS
330
583
102
}
100
AcDbEntity
  8
Z0_BOTCOMP
370
        25
  6
Continuous
 62
         4
100
AcDbLine
 10
16.6997336317
 20
6.4636028971
 30
0.0
 11
16.6880407341
 21
6.4918139532
 31
0.0
  0
LINE
  5
4A9
102
{ACAD_REACTORS
330
583
102
}
100
AcDbEntity
  8
Z0_BOTCOMP
370
        25
  6
Continuous
 62
         4
100
AcDbLine
 10
16.6880407341
 20
6.4918139532
 30
0.0
 11
16.6720826402
 21
6.5185877629
 31
0.0
  0
LINE
  5
4AA
102
{ACAD_REACTORS
330
583
102
}
100
AcDbEntity
  8
Z0_BOTCOMP
370
        25
  6
Continuous
 62
         4
100
AcDbLine
 10
16.6720826402
 20
6.5185877629
 30
0.0
 11
16.6531544287
 21
6.541756997
 31
0.0
  0
LINE
  5
4AB
102
{ACAD_REACTORS
330
583
102
}
100
AcDbEntity
  8
Z0_BOTCOMP
370
        25
  6
Continuous
 62
         4
100
AcDbLine
 10
16.6531544287
 20
6.541756997
 30
0.0
 11
16.6327879355
 21
6.5594429004
 31
0.0
  0
LINE
  5
4AC
102
{ACAD_REACTORS
330
583
102
}
100
AcDbEntity
  8
Z0_BOTCOMP
370
        25
  6
Continuous
 62
         4
100
AcDbLine
 10
16.6327879355
 20
6.5594429004
 30
0.0
 11
16.6126345429
 21
6.5702142061
 31
0.0
  0
LINE
  5
4AD
102
{ACAD_REACTORS
330
583
102
}
100
AcDbEntity
  8
Z0_BOTCOMP
370
        25
  6
Continuous
 62
         4
100
AcDbLine
 10
16.6126345429
 20
6.5702142061
 30
0.0
 11
16.5943253712
 21
6.5731965587
 31
0.0
  0
LINE
  5
4AE
102
{ACAD_REACTORS
330
583
102
}
100
AcDbEntity
  8
Z0_BOTCOMP
370
        25
  6
Continuous
 62
         4
100
AcDbLine
 10
16.5943253712
 20
6.5731965587
 30
0.0
 11
16.5794381956
 21
6.5682145936
 31
0.0
  0
LINE
  5
4AF
102
{ACAD_REACTORS
330
583
102
}
100
AcDbEntity
  8
Z0_BOTCOMP
370
        25
  6
Continuous
 62
         4
100
AcDbLine
 10
16.6327930354
 20
6.5592873305
 30
0.0
 11
16.612676493
 21
6.5700380919
 31
0.0
  0
LINE
  5
4B0
102
{ACAD_REACTORS
330
583
102
}
100
AcDbEntity
  8
Z0_BOTCOMP
370
        25
  6
Continuous
 62
         4
100
AcDbLine
 10
16.612676493
 20
6.5700380919
 30
0.0
 11
16.5944011557
 21
6.5730154214
 31
0.0
  0
LINE
  5
4B1
102
{ACAD_REACTORS
330
583
102
}
100
AcDbEntity
  8
Z0_BOTCOMP
370
        25
  6
Continuous
 62
         4
100
AcDbLine
 10
16.5944011557
 20
6.5730154214
 30
0.0
 11
16.5816539722
 21
6.5693647798
 31
0.0
  0
LINE
  5
4B2
102
{ACAD_REACTORS
330
583
102
}
100
AcDbEntity
  8
Z0_BOTCOMP
370
        25
  6
Continuous
 62
         4
100
AcDbLine
 10
16.9029537899
 20
5.4892317574
 30
0.0
 11
16.8788980693
 21
5.5148265123
 31
0.0
  0
LINE
  5
4B3
102
{ACAD_REACTORS
330
583
102
}
100
AcDbEntity
  8
Z0_BOTCOMP
370
        25
  6
Continuous
 62
         4
100
AcDbLine
 10
16.7060869593
 20
6.4363107366
 30
0.0
 11
16.6996171429
 21
6.4636221419
 31
0.0
  0
LINE
  5
4B4
102
{ACAD_REACTORS
330
583
102
}
100
AcDbEntity
  8
Z0_BOTCOMP
370
        25
  6
Continuous
 62
         4
100
AcDbLine
 10
16.6996171429
 20
6.4636221419
 30
0.0
 11
16.6879443029
 21
6.4917813646
 31
0.0
  0
LINE
  5
4B5
102
{ACAD_REACTORS
330
583
102
}
100
AcDbEntity
  8
Z0_BOTCOMP
370
        25
  6
Continuous
 62
         4
100
AcDbLine
 10
16.6879443029
 20
6.4917813646
 30
0.0
 11
16.6720159587
 21
6.5185065128
 31
0.0
  0
LINE
  5
4B6
102
{ACAD_REACTORS
330
583
102
}
100
AcDbEntity
  8
Z0_BOTCOMP
370
        25
  6
Continuous
 62
         4
100
AcDbLine
 10
16.6720159587
 20
6.5185065128
 30
0.0
 11
16.6531221196
 21
6.5416331377
 31
0.0
  0
LINE
  5
4B7
102
{ACAD_REACTORS
330
583
102
}
100
AcDbEntity
  8
Z0_BOTCOMP
370
        25
  6
Continuous
 62
         4
100
AcDbLine
 10
16.6531221196
 20
6.5416331377
 30
0.0
 11
16.6327930354
 21
6.5592873305
 31
0.0
  0
LINE
  5
4B8
102
{ACAD_REACTORS
330
583
102
}
100
AcDbEntity
  8
Z0_BOTCOMP
370
        25
  6
Continuous
 62
         4
100
AcDbLine
 10
16.8788980693
 20
5.5148265123
 30
0.0
 11
16.8615926374
 21
5.5455006054
 31
0.0
  0
LINE
  5
4B9
102
{ACAD_REACTORS
330
583
102
}
100
AcDbEntity
  8
Z0_BOTCOMP
370
        25
  6
Continuous
 62
         4
100
AcDbLine
 10
16.8615926374
 20
5.5455006054
 30
0.0
 11
16.8521253793
 21
5.5793257468
 31
0.0
  0
LINE
  5
4BA
102
{ACAD_REACTORS
330
583
102
}
100
AcDbEntity
  8
Z0_BOTCOMP
370
        25
  6
Continuous
 62
         4
100
AcDbLine
 10
16.8521253793
 20
5.5793257468
 30
0.0
 11
16.8510929137
 21
5.6141780083
 31
0.0
  0
CIRCLE
  5
4BB
102
{ACAD_REACTORS
330
583
102
}
100
AcDbEntity
  8
Z0_BOTCOMP
370
        25
  6
Continuous
 62
         4
100
AcDbCircle
 10
13.3570553312
 20
4.6245303974
 30
0.0
 40
0.09375
  0
LINE
  5
4BC
102
{ACAD_REACTORS
330
583
102
}
100
AcDbEntity
  8
Z0_BOTCOMP
370
        25
  6
Continuous
 62
         4
100
AcDbLine
 10
13.8499681941
 20
5.2614198872
 30
0.0
 11
13.8207973658
 21
5.2449625536
 31
0.0
  0
LINE
  5
4BD
102
{ACAD_REACTORS
330
583
102
}
100
AcDbEntity
  8
Z0_BOTCOMP
370
        25
  6
Continuous
 62
         4
100
AcDbLine
 10
14.1329740259
 20
5.3866385252
 30
0.0
 11
14.1994814458
 21
5.2687532971
 31
0.0
  0
LINE
  5
4BE
102
{ACAD_REACTORS
330
583
102
}
100
AcDbEntity
  8
Z0_BOTCOMP
370
        25
  6
Continuous
 62
         4
100
AcDbLine
 10
14.4686556002
 20
4.8928605895
 30
0.0
 11
14.4198285248
 21
4.9794071873
 31
0.0
  0
LINE
  5
4BF
102
{ACAD_REACTORS
330
583
102
}
100
AcDbEntity
  8
Z0_BOTCOMP
370
        25
  6
Continuous
 62
         4
100
AcDbLine
 10
13.8057452214
 20
5.3398056556
 30
0.0
 11
13.8499681941
 21
5.2614198872
 31
0.0
  0
LINE
  5
4C0
102
{ACAD_REACTORS
330
583
102
}
100
AcDbEntity
  8
Z0_BOTCOMP
370
        25
  6
Continuous
 62
         4
100
AcDbLine
 10
13.7765743932
 20
5.323348322
 30
0.0
 11
13.8057452214
 21
5.3398056556
 31
0.0
  0
LINE
  5
4C1
102
{ACAD_REACTORS
330
583
102
}
100
AcDbEntity
  8
Z0_BOTCOMP
370
        25
  6
Continuous
 62
         4
100
AcDbLine
 10
14.4072348049
 20
5.0017297123
 30
0.0
 11
14.4638467488
 21
5.0336685259
 31
0.0
  0
ARC
  5
4C2
102
{ACAD_REACTORS
330
583
102
}
100
AcDbEntity
  8
Z0_BOTCOMP
370
        25
  6
Continuous
 62
         4
100
AcDbCircle
 10
14.7010684926
 20
5.3827847605
 30
0.0
 40
0.2499989597
100
AcDbArc
 50
119.4301898346
 51
-150.5693333172
  0
LINE
  5
4C3
102
{ACAD_REACTORS
330
583
102
}
100
AcDbEntity
  8
Z0_BOTCOMP
370
        25
  6
Continuous
 62
         4
100
AcDbLine
 10
13.7765743932
 20
5.323348322
 30
0.0
 11
13.8207973658
 21
5.2449625536
 31
0.0
  0
LINE
  5
4C4
102
{ACAD_REACTORS
330
583
102
}
100
AcDbEntity
  8
Z0_BOTCOMP
370
        25
  6
Continuous
 62
         4
100
AcDbLine
 10
14.2023120219
 20
4.2460147933
 30
0.0
 11
14.1635546142
 21
4.2241489902
 31
0.0
  0
ELLIPSE
  5
4C5
102
{ACAD_REACTORS
330
583
102
}
100
AcDbEntity
  8
Z0_BOTCOMP
370
        25
  6
Continuous
 62
         4
100
AcDbEllipse
 10
15.3083151988
 20
3.2460503327
 30
0.0
 11
0.0157063846674248
 21
-0.0234313720584964
 31
0.0
210
0.0
220
0.0
230
1.0
 40
1.0
 41
0.0
 42
1.5604413450726238
  0
LINE
  5
4C6
102
{ACAD_REACTORS
330
583
102
}
100
AcDbEntity
  8
Z0_BOTCOMP
370
        25
  6
Continuous
 62
         4
100
AcDbLine
 10
15.2654005311
 20
3.3793984762
 30
0.0
 11
15.331907951
 21
3.2615132482
 31
0.0
  0
LINE
  5
4C7
102
{ACAD_REACTORS
330
583
102
}
100
AcDbEntity
  8
Z0_BOTCOMP
370
        25
  6
Continuous
 62
         4
100
AcDbLine
 10
15.6323789063
 20
3.4712160956
 30
0.0
 11
15.713279116
 21
3.5168576429
 31
0.0
  0
ELLIPSE
  5
4C8
102
{ACAD_REACTORS
330
583
102
}
100
AcDbEntity
  8
Z0_BOTCOMP
370
        25
  6
Continuous
 62
         4
100
AcDbEllipse
 10
15.99471424
 20
3.9598066437
 30
0.0
 11
0.0515934680898908
 21
-0.0914500631517967
 31
0.0
210
0.0
220
0.0
230
1.0
 40
1.0
 41
0.0
 42
3.1415926535891812
  0
LINE
  5
4C9
102
{ACAD_REACTORS
330
583
102
}
100
AcDbEntity
  8
Z0_BOTCOMP
370
        25
  6
Continuous
 62
         4
100
AcDbLine
 10
15.9431207719
 20
4.0512567068
 30
0.0
 11
15.8538472203
 21
4.0008911633
 31
0.0
  0
LINE
  5
4CA
102
{ACAD_REACTORS
330
583
102
}
100
AcDbEntity
  8
Z0_BOTCOMP
370
        25
  6
Continuous
 62
         4
100
AcDbLine
 10
15.9570341564
 20
3.817991037
 30
0.0
 11
16.0463077081
 21
3.8683565805
 31
0.0
  0
ELLIPSE
  5
4CB
102
{ACAD_REACTORS
330
583
102
}
100
AcDbEntity
  8
Z0_BOTCOMP
370
        25
  6
Continuous
 62
         4
100
AcDbEllipse
 10
16.221161107
 20
4.0875621511
 30
0.0
 11
0.1228424990633243
 21
-0.2177384987020332
 31
0.0
210
0.0
220
0.0
230
1.0
 40
1.0
 41
0.0
 42
1.5707909925338952
  0
CIRCLE
  5
4CC
102
{ACAD_REACTORS
330
583
102
}
100
AcDbEntity
  8
Z0_BOTCOMP
370
        25
  6
Continuous
 62
         4
100
AcDbCircle
 10
15.942457061
 20
3.9303246619
 30
0.0
 40
0.068
  0
CIRCLE
  5
4CD
102
{ACAD_REACTORS
330
583
102
}
100
AcDbEntity
  8
Z0_BOTCOMP
370
        25
  6
Continuous
 62
         4
100
AcDbCircle
 10
15.942457061
 20
3.9303246619
 30
0.0
 40
0.082
  0
ELLIPSE
  5
4CE
102
{ACAD_REACTORS
330
583
102
}
100
AcDbEntity
  8
Z0_BOTCOMP
370
        25
  6
Continuous
 62
         4
100
AcDbEllipse
 10
15.9424569392
 20
3.9303244923
 30
0.0
 11
-0.0068906886568611
 21
-0.1057757020333435
 31
0.0
210
0.0
220
0.0
230
1.0
 40
1.0
 41
4.7123889803846897
 42
6.7244269763254625
  0
LINE
  5
4CF
102
{ACAD_REACTORS
330
583
102
}
100
AcDbEntity
  8
Z0_BOTCOMP
370
        25
  6
Continuous
 62
         4
100
AcDbLine
 10
16.373491089
 20
3.8893300524
 30
0.0
 11
16.9483052512
 21
4.2136234986
 31
0.0
  0
LINE
  5
4D0
102
{ACAD_REACTORS
330
583
102
}
100
AcDbEntity
  8
Z0_BOTCOMP
370
        25
  6
Continuous
 62
         4
100
AcDbLine
 10
15.6097186529
 20
5.6801361551
 30
0.0
 11
15.5175874599
 21
5.8434398393
 31
0.0
  0
LINE
  5
4D1
102
{ACAD_REACTORS
330
583
102
}
100
AcDbEntity
  8
Z0_BOTCOMP
370
        25
  6
Continuous
 62
         4
100
AcDbLine
 10
15.7297433956
 20
5.966002472
 30
0.0
 11
15.80344835
 21
5.8353595247
 31
0.0
  0
ELLIPSE
  5
4D2
102
{ACAD_REACTORS
330
583
102
}
100
AcDbEntity
  8
Z0_BOTCOMP
370
        25
  6
Continuous
 62
         4
100
AcDbEllipse
 10
15.947480224
 20
6.0888444576
 30
0.0
 11
-0.12284017344615
 21
0.2177378507091135
 31
0.0
210
0.0
220
0.0
230
1.0
 40
1.0
 41
0.0
 42
1.5708046493651326
  0
LINE
  5
4D3
102
{ACAD_REACTORS
330
583
102
}
100
AcDbEntity
  8
Z0_BOTCOMP
370
        25
  6
Continuous
 62
         4
100
AcDbLine
 10
16.3775285145
 20
4.3910607587
 30
0.0
 11
15.6404789703
 21
5.6974902323
 31
0.0
  0
LINE
  5
4D4
102
{ACAD_REACTORS
330
583
102
}
100
AcDbEntity
  8
Z0_BOTCOMP
370
        25
  6
Continuous
 62
         4
100
AcDbLine
 10
14.3193984773
 20
4.1656250872
 30
0.0
 11
14.296559304
 21
4.1629689145
 31
0.0
  0
LINE
  5
4D5
102
{ACAD_REACTORS
330
583
102
}
100
AcDbEntity
  8
Z0_BOTCOMP
370
        25
  6
Continuous
 62
         4
100
AcDbLine
 10
14.296559304
 20
4.1629689145
 30
0.0
 11
14.2769123466
 21
4.1518846721
 31
0.0
  0
LINE
  5
4D6
102
{ACAD_REACTORS
330
583
102
}
100
AcDbEntity
  8
Z0_BOTCOMP
370
        25
  6
Continuous
 62
         4
100
AcDbLine
 10
14.4364137496
 20
4.1176918094
 30
0.0
 11
14.42296962
 21
4.1494811338
 31
0.0
  0
LINE
  5
4D7
102
{ACAD_REACTORS
330
583
102
}
100
AcDbEntity
  8
Z0_BOTCOMP
370
        25
  6
Continuous
 62
         4
100
AcDbLine
 10
14.42296962
 20
4.1494811338
 30
0.0
 11
14.4027124049
 21
4.1774278616
 31
0.0
  0
LINE
  5
4D8
102
{ACAD_REACTORS
330
583
102
}
100
AcDbEntity
  8
Z0_BOTCOMP
370
        25
  6
Continuous
 62
         4
100
AcDbLine
 10
14.4027124049
 20
4.1774278616
 30
0.0
 11
14.3770265673
 21
4.1996275025
 31
0.0
  0
LINE
  5
4D9
102
{ACAD_REACTORS
330
583
102
}
100
AcDbEntity
  8
Z0_BOTCOMP
370
        25
  6
Continuous
 62
         4
100
AcDbLine
 10
14.3770265673
 20
4.1996275025
 30
0.0
 11
14.347659793
 21
4.2145676372
 31
0.0
  0
LINE
  5
4DA
102
{ACAD_REACTORS
330
583
102
}
100
AcDbEntity
  8
Z0_BOTCOMP
370
        25
  6
Continuous
 62
         4
100
AcDbLine
 10
14.347659793
 20
4.2145676372
 30
0.0
 11
14.3166148939
 21
4.2212299726
 31
0.0
  0
LINE
  5
4DB
102
{ACAD_REACTORS
330
583
102
}
100
AcDbEntity
  8
Z0_BOTCOMP
370
        25
  6
Continuous
 62
         4
100
AcDbLine
 10
14.0872467903
 20
4.1120727933
 30
0.0
 11
14.0979357537
 21
4.1490440165
 31
0.0
  0
LINE
  5
4DC
102
{ACAD_REACTORS
330
583
102
}
100
AcDbEntity
  8
Z0_BOTCOMP
370
        25
  6
Continuous
 62
         4
100
AcDbLine
 10
14.0979357537
 20
4.1490440165
 30
0.0
 11
14.1160940739
 21
4.181675385
 31
0.0
  0
LINE
  5
4DD
102
{ACAD_REACTORS
330
583
102
}
100
AcDbEntity
  8
Z0_BOTCOMP
370
        25
  6
Continuous
 62
         4
100
AcDbLine
 10
14.1160940739
 20
4.181675385
 30
0.0
 11
14.1408747699
 21
4.2084419281
 31
0.0
  0
LINE
  5
4DE
102
{ACAD_REACTORS
330
583
102
}
100
AcDbEntity
  8
Z0_BOTCOMP
370
        25
  6
Continuous
 62
         4
100
AcDbLine
 10
14.3887912901
 20
4.1007470661
 30
0.0
 11
14.3795987743
 21
4.1250125631
 31
0.0
  0
LINE
  5
4DF
102
{ACAD_REACTORS
330
583
102
}
100
AcDbEntity
  8
Z0_BOTCOMP
370
        25
  6
Continuous
 62
         4
100
AcDbLine
 10
14.1408747699
 20
4.2084419281
 30
0.0
 11
14.1631191377
 21
4.223903307
 31
0.0
  0
LINE
  5
4E0
102
{ACAD_REACTORS
330
583
102
}
100
AcDbEntity
  8
Z0_BOTCOMP
370
        25
  6
Continuous
 62
         4
100
AcDbLine
 10
14.4764404686
 20
5.0113460009
 30
0.0
 11
14.3729439716
 21
5.1947948276
 31
0.0
  0
LINE
  5
4E1
102
{ACAD_REACTORS
330
583
102
}
100
AcDbEntity
  8
Z0_BOTCOMP
370
        25
  6
Continuous
 62
         4
100
AcDbLine
 10
14.4764404686
 20
5.0113460009
 30
0.0
 11
14.5252675441
 21
4.9247994031
 31
0.0
  0
LINE
  5
4E2
102
{ACAD_REACTORS
330
583
102
}
100
AcDbEntity
  8
Z0_BOTCOMP
370
        25
  6
Continuous
 62
         4
100
AcDbLine
 10
14.4764404686
 20
5.0113460009
 30
0.0
 11
14.5880557062
 21
5.0743160744
 31
0.0
  0
LINE
  5
4E3
102
{ACAD_REACTORS
330
583
102
}
100
AcDbEntity
  8
Z0_BOTCOMP
370
        25
  6
Continuous
 62
         4
100
AcDbLine
 10
14.5024720917
 20
4.9119388712
 30
0.0
 11
14.4729901099
 21
4.9641960502
 31
0.0
  0
LINE
  5
4E4
102
{ACAD_REACTORS
330
583
102
}
100
AcDbEntity
  8
Z0_BOTCOMP
370
        25
  6
Continuous
 62
         4
100
AcDbLine
 10
14.4729901099
 20
4.9641960502
 30
0.0
 11
14.4391736185
 21
4.9451177684
 31
0.0
  0
LINE
  5
4E5
102
{ACAD_REACTORS
330
583
102
}
100
AcDbEntity
  8
Z0_BOTCOMP
370
        25
  6
Continuous
 62
         4
100
AcDbLine
 10
14.5024720917
 20
4.9119388712
 30
0.0
 11
14.4686556002
 21
4.8928605895
 31
0.0
  0
ELLIPSE
  5
4E6
102
{ACAD_REACTORS
330
583
102
}
100
AcDbEntity
  8
Z0_BOTCOMP
370
        25
  6
Continuous
 62
         4
100
AcDbEllipse
 10
14.0985935291
 20
5.040013515
 30
0.0
 11
0.2177384987018058
 21
0.1228424990631538
 31
0.0
210
0.0
220
0.0
230
1.0
 40
1.0
 41
0.0
 42
1.5707909925352206
  0
LINE
  5
4E7
102
{ACAD_REACTORS
330
583
102
}
100
AcDbEntity
  8
Z0_BOTCOMP
370
        25
  6
Continuous
 62
         4
100
AcDbLine
 10
14.3163320278
 20
5.162856014
 30
0.0
 11
14.4198285248
 21
4.9794071873
 31
0.0
  0
ARC
  5
4E8
102
{ACAD_REACTORS
330
583
102
}
100
AcDbEntity
  8
Z0_BOTCOMP
370
        25
  6
Continuous
 62
         4
100
AcDbCircle
 10
14.5906808
 20
5.3176368132
 30
0.0
 40
0.2499989597
100
AcDbArc
 50
119.4301898346
 51
-150.5693333172
  0
LINE
  5
4E9
102
{ACAD_REACTORS
330
583
102
}
100
AcDbEntity
  8
Z0_BOTCOMP
370
        25
  6
Continuous
 62
         4
100
AcDbLine
 10
14.4678406266
 20
5.5353746639
 30
0.0
 11
14.5487408362
 21
5.5810162112
 31
0.0
  0
ELLIPSE
  5
4EA
102
{ACAD_REACTORS
330
583
102
}
100
AcDbEntity
  8
Z0_BOTCOMP
370
        25
  6
Continuous
 62
         4
100
AcDbEllipse
 10
14.1075396206
 20
5.3744434443
 30
0.0
 11
-0.0121950809605464
 21
0.025434405271606
 31
0.0
210
0.0
220
0.0
230
1.0
 40
1.0
 41
4.7123889803846897
 42
6.2729432044905753
  0
LINE
  5
4EB
102
{ACAD_REACTORS
330
583
102
}
100
AcDbEntity
  8
Z0_BOTCOMP
370
        25
  6
Continuous
 62
         4
100
AcDbLine
 10
14.4729901099
 20
4.9641960502
 30
0.0
 11
14.4957855623
 21
4.977056582
 31
0.0
  0
LINE
  5
4EC
102
{ACAD_REACTORS
330
583
102
}
100
AcDbEntity
  8
Z0_BOTCOMP
370
        25
  6
Continuous
 62
         4
100
AcDbLine
 10
14.5252675441
 20
4.9247994031
 30
0.0
 11
14.5024720917
 21
4.9119388712
 31
0.0
  0
SPLINE
  5
4ED
102
{ACAD_REACTORS
330
583
102
}
100
AcDbEntity
  8
Z0_BOTCOMP
370
        25
  6
Continuous
 62
         4
100
AcDbSpline
210
0.0
220
0.0
230
1.0
 70
         0
 71
         3
 72
        23
 73
        19
 74
         0
 42
0.000001
 43
0.000001
 40
0.0
 40
0.0
 40
0.0
 40
0.0
 40
0.060458
 40
0.122957
 40
0.185468
 40
0.248373
 40
0.311897
 40
0.376093
 40
0.440885
 40
0.5061520000000001
 40
0.571783
 40
0.637665
 40
0.703659
 40
0.76955
 40
0.835043
 40
0.89984
 40
0.963781
 40
1.0
 40
1.0
 40
1.0
 40
1.0
 10
14.390573740982006
 20
3.9103485406371874
 30
0.0
 10
14.400145390925843
 20
3.9164041910855758
 30
0.0
 10
14.419612438478282
 20
3.9287211043592833
 30
0.0
 10
14.443034927607357
 20
3.9549441310341535
 30
0.0
 10
14.461129698249067
 20
3.9856692817324983
 30
0.0
 10
14.472648791204449
 20
4.020100640731016
 30
0.0
 10
14.477287011804094
 20
4.0568478202371807
 30
0.0
 10
14.474784785627946
 20
4.0946288381451268
 30
0.0
 10
14.465151546242794
 20
4.1319759175617037
 30
0.0
 10
14.448663807017226
 20
4.1673813644340498
 30
0.0
 10
14.425882354298722
 20
4.1993566386477141
 30
0.0
 10
14.397647084583184
 20
4.226508664872199
 30
0.0
 10
14.365043368043246
 20
4.2476035239087651
 30
0.0
 10
14.329435188988043
 20
4.2615931867487689
 30
0.0
 10
14.292330353131035
 20
4.2678931040520638
 30
0.0
 10
14.255667694712599
 20
4.2658059682905787
 30
0.0
 10
14.225252399424733
 20
4.2582968912795423
 30
0.0
 10
14.20906903804206
 20
4.2488394813085506
 30
0.0
 10
14.203217200415736
 20
4.2454197833110356
 30
0.0
  0
LINE
  5
4EE
102
{ACAD_REACTORS
330
583
102
}
100
AcDbEntity
  8
Z0_BOTCOMP
370
        25
  6
Continuous
 62
         4
100
AcDbLine
 10
14.6270036231
 20
4.5500233594
 30
0.0
 11
14.8713090132
 21
4.1169890204
 31
0.0
  0
LINE
  5
4EF
102
{ACAD_REACTORS
330
583
102
}
100
AcDbEntity
  8
Z0_BOTCOMP
370
        25
  6
Continuous
 62
         4
100
AcDbLine
 10
14.5747929442
 20
4.5174652628
 30
0.0
 11
14.8164429905
 21
4.0891375537
 31
0.0
  0
LINE
  5
4F0
102
{ACAD_REACTORS
330
583
102
}
100
AcDbEntity
  8
Z0_BOTCOMP
370
        25
  6
Continuous
 62
         4
100
AcDbLine
 10
14.2039246621
 20
4.1019684379
 30
0.0
 11
14.2096421606
 21
4.0685032404
 31
0.0
  0
LINE
  5
4F1
102
{ACAD_REACTORS
330
583
102
}
100
AcDbEntity
  8
Z0_BOTCOMP
370
        25
  6
Continuous
 62
         4
100
AcDbLine
 10
14.2096421606
 20
4.0685032404
 30
0.0
 11
14.2230876525
 21
4.0367135363
 31
0.0
  0
LINE
  5
4F2
102
{ACAD_REACTORS
330
583
102
}
100
AcDbEntity
  8
Z0_BOTCOMP
370
        25
  6
Continuous
 62
         4
100
AcDbLine
 10
14.2560052187
 20
4.1106366827
 30
0.0
 11
14.257265491
 21
4.085448475
 31
0.0
  0
LINE
  5
4F3
102
{ACAD_REACTORS
330
583
102
}
100
AcDbEntity
  8
Z0_BOTCOMP
370
        25
  6
Continuous
 62
         4
100
AcDbLine
 10
14.257265491
 20
4.085448475
 30
0.0
 11
14.2664584981
 21
4.0611821071
 31
0.0
  0
LINE
  5
4F4
102
{ACAD_REACTORS
330
583
102
}
100
AcDbEntity
  8
Z0_BOTCOMP
370
        25
  6
Continuous
 62
         4
100
AcDbLine
 10
14.0845289786
 20
4.0724915048
 30
0.0
 11
14.0872467903
 21
4.1120727933
 31
0.0
  0
LINE
  5
4F5
102
{ACAD_REACTORS
330
583
102
}
100
AcDbEntity
  8
Z0_BOTCOMP
370
        25
  6
Continuous
 62
         4
100
AcDbLine
 10
14.3832289333
 20
4.052484811
 30
0.0
 11
14.3900520538
 21
4.0755579875
 31
0.0
  0
LINE
  5
4F6
102
{ACAD_REACTORS
330
583
102
}
100
AcDbEntity
  8
Z0_BOTCOMP
370
        25
  6
Continuous
 62
         4
100
AcDbLine
 10
14.3900520538
 20
4.0755579875
 30
0.0
 11
14.3887912901
 21
4.1007470661
 31
0.0
  0
LINE
  5
4F7
102
{ACAD_REACTORS
330
583
102
}
100
AcDbEntity
  8
Z0_BOTCOMP
370
        25
  6
Continuous
 62
         4
100
AcDbLine
 10
14.4397334962
 20
4.0513658545
 30
0.0
 11
14.4421326104
 21
4.0842262323
 31
0.0
  0
LINE
  5
4F8
102
{ACAD_REACTORS
330
583
102
}
100
AcDbEntity
  8
Z0_BOTCOMP
370
        25
  6
Continuous
 62
         4
100
AcDbLine
 10
14.4421326104
 20
4.0842262323
 30
0.0
 11
14.4364137496
 21
4.1176918094
 31
0.0
  0
LINE
  5
4F9
102
{ACAD_REACTORS
330
583
102
}
100
AcDbEntity
  8
Z0_BOTCOMP
370
        25
  6
Continuous
 62
         4
100
AcDbLine
 10
14.2664584981
 20
4.0611821071
 30
0.0
 11
14.2824740595
 21
4.0407659742
 31
0.0
  0
LINE
  5
4FA
102
{ACAD_REACTORS
330
583
102
}
100
AcDbEntity
  8
Z0_BOTCOMP
370
        25
  6
Continuous
 62
         4
100
AcDbLine
 10
14.5252675441
 20
4.9247994031
 30
0.0
 11
14.6368827817
 21
4.9877694765
 31
0.0
  0
LINE
  5
4FB
102
{ACAD_REACTORS
330
583
102
}
100
AcDbEntity
  8
Z0_BOTCOMP
370
        25
  6
Continuous
 62
         4
100
AcDbLine
 10
14.206322414
 20
4.1348291952
 30
0.0
 11
14.2039246621
 21
4.1019684379
 31
0.0
  0
LINE
  5
4FC
102
{ACAD_REACTORS
330
583
102
}
100
AcDbEntity
  8
Z0_BOTCOMP
370
        25
  6
Continuous
 62
         4
100
AcDbLine
 10
14.2769123466
 20
4.1518846721
 30
0.0
 11
14.2628283392
 21
4.1337098592
 31
0.0
  0
LINE
  5
4FD
102
{ACAD_REACTORS
330
583
102
}
100
AcDbEntity
  8
Z0_BOTCOMP
370
        25
  6
Continuous
 62
         4
100
AcDbLine
 10
14.2628283392
 20
4.1337098592
 30
0.0
 11
14.2560052187
 21
4.1106366827
 31
0.0
  0
LINE
  5
4FE
102
{ACAD_REACTORS
330
583
102
}
100
AcDbEntity
  8
Z0_BOTCOMP
370
        25
  6
Continuous
 62
         4
100
AcDbLine
 10
14.3166148939
 20
4.2212299726
 30
0.0
 11
14.2860075449
 21
4.2191593421
 31
0.0
  0
LINE
  5
4FF
102
{ACAD_REACTORS
330
583
102
}
100
AcDbEntity
  8
Z0_BOTCOMP
370
        25
  6
Continuous
 62
         4
100
AcDbLine
 10
14.2860075449
 20
4.2191593421
 30
0.0
 11
14.2579225932
 21
4.2084986053
 31
0.0
  0
LINE
  5
500
102
{ACAD_REACTORS
330
583
102
}
100
AcDbEntity
  8
Z0_BOTCOMP
370
        25
  6
Continuous
 62
         4
100
AcDbLine
 10
14.2579225932
 20
4.2084986053
 30
0.0
 11
14.2342746797
 21
4.1899731629
 31
0.0
  0
LINE
  5
501
102
{ACAD_REACTORS
330
583
102
}
100
AcDbEntity
  8
Z0_BOTCOMP
370
        25
  6
Continuous
 62
         4
100
AcDbLine
 10
14.2342746797
 20
4.1899731629
 30
0.0
 11
14.2166739101
 21
4.1648461738
 31
0.0
  0
LINE
  5
502
102
{ACAD_REACTORS
330
583
102
}
100
AcDbEntity
  8
Z0_BOTCOMP
370
        25
  6
Continuous
 62
         4
100
AcDbLine
 10
14.2166739101
 20
4.1648461738
 30
0.0
 11
14.206322414
 21
4.1348291952
 31
0.0
  0
LINE
  5
503
102
{ACAD_REACTORS
330
583
102
}
100
AcDbEntity
  8
Z0_BOTCOMP
370
        25
  6
Continuous
 62
         4
100
AcDbLine
 10
14.3795987743
 20
4.1250125631
 30
0.0
 11
14.3635827216
 21
4.1454295669
 31
0.0
  0
LINE
  5
504
102
{ACAD_REACTORS
330
583
102
}
100
AcDbEntity
  8
Z0_BOTCOMP
370
        25
  6
Continuous
 62
         4
100
AcDbLine
 10
14.3635827216
 20
4.1454295669
 30
0.0
 11
14.3426754918
 21
4.1595335322
 31
0.0
  0
LINE
  5
505
102
{ACAD_REACTORS
330
583
102
}
100
AcDbEntity
  8
Z0_BOTCOMP
370
        25
  6
Continuous
 62
         4
100
AcDbLine
 10
14.3426754918
 20
4.1595335322
 30
0.0
 11
14.3193984773
 21
4.1656250872
 31
0.0
  0
LINE
  5
506
102
{ACAD_REACTORS
330
583
102
}
100
AcDbEntity
  8
Z0_BOTCOMP
370
        25
  6
Continuous
 62
         4
100
AcDbLine
 10
14.1820593052
 20
3.8996177893
 30
0.0
 11
14.150313231
 21
3.9250842007
 31
0.0
  0
LINE
  5
507
102
{ACAD_REACTORS
330
583
102
}
100
AcDbEntity
  8
Z0_BOTCOMP
370
        25
  6
Continuous
 62
         4
100
AcDbLine
 10
14.150313231
 20
3.9250842007
 30
0.0
 11
14.12358832
 21
3.9566820921
 31
0.0
  0
LINE
  5
508
102
{ACAD_REACTORS
330
583
102
}
100
AcDbEntity
  8
Z0_BOTCOMP
370
        25
  6
Continuous
 62
         4
100
AcDbLine
 10
14.12358832
 20
3.9566820921
 30
0.0
 11
14.1031347038
 21
3.9929363809
 31
0.0
  0
LINE
  5
509
102
{ACAD_REACTORS
330
583
102
}
100
AcDbEntity
  8
Z0_BOTCOMP
370
        25
  6
Continuous
 62
         4
100
AcDbLine
 10
14.1031347038
 20
3.9929363809
 30
0.0
 11
14.0899090727
 21
4.0321513218
 31
0.0
  0
LINE
  5
50A
102
{ACAD_REACTORS
330
583
102
}
100
AcDbEntity
  8
Z0_BOTCOMP
370
        25
  6
Continuous
 62
         4
100
AcDbLine
 10
14.2433435053
 20
4.0087671882
 30
0.0
 11
14.2690307051
 21
3.9865671677
 31
0.0
  0
LINE
  5
50B
102
{ACAD_REACTORS
330
583
102
}
100
AcDbEntity
  8
Z0_BOTCOMP
370
        25
  6
Continuous
 62
         4
100
AcDbLine
 10
14.2690307051
 20
3.9865671677
 30
0.0
 11
14.2983961171
 21
3.9716274125
 31
0.0
  0
LINE
  5
50C
102
{ACAD_REACTORS
330
583
102
}
100
AcDbEntity
  8
Z0_BOTCOMP
370
        25
  6
Continuous
 62
         4
100
AcDbLine
 10
14.2983961171
 20
3.9716274125
 30
0.0
 11
14.3294410163
 21
3.9649650772
 31
0.0
  0
LINE
  5
50D
102
{ACAD_REACTORS
330
583
102
}
100
AcDbEntity
  8
Z0_BOTCOMP
370
        25
  6
Continuous
 62
         4
100
AcDbLine
 10
14.3294410163
 20
3.9649650772
 30
0.0
 11
14.3600497275
 21
3.967035328
 31
0.0
  0
LINE
  5
50E
102
{ACAD_REACTORS
330
583
102
}
100
AcDbEntity
  8
Z0_BOTCOMP
370
        25
  6
Continuous
 62
         4
100
AcDbLine
 10
14.3600497275
 20
3.967035328
 30
0.0
 11
14.3881346793
 21
3.9776960649
 31
0.0
  0
LINE
  5
50F
102
{ACAD_REACTORS
330
583
102
}
100
AcDbEntity
  8
Z0_BOTCOMP
370
        25
  6
Continuous
 62
         4
100
AcDbLine
 10
14.3522951874
 20
3.8885864088
 30
0.0
 11
14.3275586094
 21
3.8775425034
 31
0.0
  0
LINE
  5
510
102
{ACAD_REACTORS
330
583
102
}
100
AcDbEntity
  8
Z0_BOTCOMP
370
        25
  6
Continuous
 62
         4
100
AcDbLine
 10
14.3275586094
 20
3.8775425034
 30
0.0
 11
14.2918342017
 21
3.8701738252
 31
0.0
  0
LINE
  5
511
102
{ACAD_REACTORS
330
583
102
}
100
AcDbEntity
  8
Z0_BOTCOMP
370
        25
  6
Continuous
 62
         4
100
AcDbLine
 10
14.2918342017
 20
3.8701738252
 30
0.0
 11
14.2545145589
 21
3.8715061391
 31
0.0
  0
LINE
  5
512
102
{ACAD_REACTORS
330
583
102
}
100
AcDbEntity
  8
Z0_BOTCOMP
370
        25
  6
Continuous
 62
         4
100
AcDbLine
 10
14.2545145589
 20
3.8715061391
 30
0.0
 11
14.217342914
 21
3.8814757979
 31
0.0
  0
LINE
  5
513
102
{ACAD_REACTORS
330
583
102
}
100
AcDbEntity
  8
Z0_BOTCOMP
370
        25
  6
Continuous
 62
         4
100
AcDbLine
 10
14.0899090727
 20
4.0321513218
 30
0.0
 11
14.0845289786
 21
4.0724915048
 31
0.0
  0
LINE
  5
514
102
{ACAD_REACTORS
330
583
102
}
100
AcDbEntity
  8
Z0_BOTCOMP
370
        25
  6
Continuous
 62
         4
100
AcDbLine
 10
14.3494974771
 20
4.0232266266
 30
0.0
 11
14.3691444345
 21
4.034310869
 31
0.0
  0
LINE
  5
515
102
{ACAD_REACTORS
330
583
102
}
100
AcDbEntity
  8
Z0_BOTCOMP
370
        25
  6
Continuous
 62
         4
100
AcDbLine
 10
14.3691444345
 20
4.034310869
 30
0.0
 11
14.3832289333
 21
4.052484811
 31
0.0
  0
LINE
  5
516
102
{ACAD_REACTORS
330
583
102
}
100
AcDbEntity
  8
Z0_BOTCOMP
370
        25
  6
Continuous
 62
         4
100
AcDbLine
 10
14.3881346793
 20
3.9776960649
 30
0.0
 11
14.4117825928
 21
3.9962215072
 31
0.0
  0
LINE
  5
517
102
{ACAD_REACTORS
330
583
102
}
100
AcDbEntity
  8
Z0_BOTCOMP
370
        25
  6
Continuous
 62
         4
100
AcDbLine
 10
14.4117825928
 20
3.9962215072
 30
0.0
 11
14.429382
 21
4.021348876
 31
0.0
  0
LINE
  5
518
102
{ACAD_REACTORS
330
583
102
}
100
AcDbEntity
  8
Z0_BOTCOMP
370
        25
  6
Continuous
 62
         4
100
AcDbLine
 10
14.429382
 20
4.021348876
 30
0.0
 11
14.4397334962
 21
4.0513658545
 31
0.0
  0
LINE
  5
519
102
{ACAD_REACTORS
330
583
102
}
100
AcDbEntity
  8
Z0_BOTCOMP
370
        25
  6
Continuous
 62
         4
100
AcDbLine
 10
14.2824740595
 20
4.0407659742
 30
0.0
 11
14.3033817806
 21
4.026661138
 31
0.0
  0
LINE
  5
51A
102
{ACAD_REACTORS
330
583
102
}
100
AcDbEntity
  8
Z0_BOTCOMP
370
        25
  6
Continuous
 62
         4
100
AcDbLine
 10
14.3033817806
 20
4.026661138
 30
0.0
 11
14.3266587952
 21
4.020569583
 31
0.0
  0
LINE
  5
51B
102
{ACAD_REACTORS
330
583
102
}
100
AcDbEntity
  8
Z0_BOTCOMP
370
        25
  6
Continuous
 62
         4
100
AcDbLine
 10
14.3266587952
 20
4.020569583
 30
0.0
 11
14.3494974771
 21
4.0232266266
 31
0.0
  0
ELLIPSE
  5
51C
102
{ACAD_REACTORS
330
583
102
}
100
AcDbEntity
  8
Z0_BOTCOMP
370
        25
  6
Continuous
 62
         4
100
AcDbEllipse
 10
14.3143316088
 20
4.0729447701
 30
0.0
 11
0.0765041122097227
 21
-0.1626281337694504
 31
0.0
210
0.0
220
0.0
230
1.0
 40
1.0
 41
4.7123889803846897
 42
6.2821001082844345
  0
ELLIPSE
  5
51D
102
{ACAD_REACTORS
330
583
102
}
100
AcDbEntity
  8
Z0_BOTCOMP
370
        25
  6
Continuous
 62
         4
100
AcDbEllipse
 10
14.3010966816
 20
4.096047468
 30
0.0
 11
-0.0984711166365742
 21
0.1501442172525458
 31
0.0
210
0.0
220
0.0
230
1.0
 40
1.0
 41
0.0
 42
1.5783792724736816
  0
LINE
  5
51E
102
{ACAD_REACTORS
330
583
102
}
100
AcDbEntity
  8
Z0_BOTCOMP
370
        25
  6
Continuous
 62
         4
100
AcDbLine
 10
14.3527306639
 20
3.888832092
 30
0.0
 11
14.3914880716
 21
3.9106978951
 31
0.0
  0
LINE
  5
51F
102
{ACAD_REACTORS
330
583
102
}
100
AcDbEntity
  8
Z0_BOTCOMP
370
        25
  6
Continuous
 62
         4
100
AcDbLine
 10
15.1226070736
 20
3.0056516628
 30
0.0
 11
15.0934362454
 21
2.9891943292
 31
0.0
  0
LINE
  5
520
102
{ACAD_REACTORS
330
583
102
}
100
AcDbEntity
  8
Z0_BOTCOMP
370
        25
  6
Continuous
 62
         4
100
AcDbLine
 10
15.078384101
 20
3.0840374312
 30
0.0
 11
15.1226070736
 21
3.0056516628
 31
0.0
  0
LINE
  5
521
102
{ACAD_REACTORS
330
583
102
}
100
AcDbEntity
  8
Z0_BOTCOMP
370
        25
  6
Continuous
 62
         4
100
AcDbLine
 10
15.0492132727
 20
3.0675800976
 30
0.0
 11
15.0934362454
 21
2.9891943292
 31
0.0
  0
CIRCLE
  5
522
102
{ACAD_REACTORS
330
583
102
}
100
AcDbEntity
  8
Z0_BOTCOMP
370
        25
  6
Continuous
 62
         4
100
AcDbCircle
 10
12.5364612966
 20
2.0087608299
 30
0.0
 40
0.09375
  0
LINE
  5
523
102
{ACAD_REACTORS
330
583
102
}
100
AcDbEntity
  8
Z0_BOTCOMP
370
        25
  6
Continuous
 62
         4
100
AcDbLine
 10
12.6164172917
 20
1.9598117886
 30
0.0
 11
12.5359118268
 21
2.1025087253
 31
0.0
  0
CIRCLE
  5
524
102
{ACAD_REACTORS
330
583
102
}
100
AcDbEntity
  8
Z0_BOTCOMP
370
        25
  6
Continuous
 62
         4
100
AcDbCircle
 10
13.3295981139
 20
2.4562255736
 30
0.0
 40
0.1065
  0
ELLIPSE
  5
525
102
{ACAD_REACTORS
330
583
102
}
100
AcDbEntity
  8
Z0_BOTCOMP
370
        25
  6
Continuous
 62
         4
100
AcDbEllipse
 10
14.2783672614
 20
2.9914935554
 30
0.0
 11
0.0816518420998296
 21
0.0460655965087233
 31
0.0
210
0.0
220
0.0
230
1.0
 40
1.0
 41
4.7123889803846897
 42
10.995574287564276
  0
ELLIPSE
  5
526
102
{ACAD_REACTORS
330
583
102
}
100
AcDbEntity
  8
Z0_BOTCOMP
370
        25
  6
Continuous
 62
         4
100
AcDbEllipse
 10
13.3295981139
 20
2.4562255736
 30
0.0
 11
0.0520848344524438
 21
-0.0923210161342922
 31
0.0
210
0.0
220
0.0
230
1.0
 40
1.0
 41
0.0
 42
6.2831853071794805
  0
CIRCLE
  5
527
102
{ACAD_REACTORS
330
583
102
}
100
AcDbEntity
  8
Z0_BOTCOMP
370
        25
  6
Continuous
 62
         4
100
AcDbCircle
 10
13.3295981139
 20
2.4562255736
 30
0.0
 40
0.082
  0
ELLIPSE
  5
528
102
{ACAD_REACTORS
330
583
102
}
100
AcDbEntity
  8
Z0_BOTCOMP
370
        25
  6
Continuous
 62
         4
100
AcDbEllipse
 10
13.3295981139
 20
2.4562255736
 30
0.0
 11
0.0592248028030761
 21
0.0334129126676604
 31
0.0
210
0.0
220
0.0
230
1.0
 40
1.0
 41
4.7123889803846897
 42
10.995574287564276
  0
LINE
  5
529
102
{ACAD_REACTORS
330
583
102
}
100
AcDbEntity
  8
Z0_BOTCOMP
370
        25
  6
Continuous
 62
         4
100
AcDbLine
 10
15.1166800451
 20
3.8232476432
 30
0.0
 11
15.0828635537
 21
3.8041693615
 31
0.0
  0
LINE
  5
52A
102
{ACAD_REACTORS
330
583
102
}
100
AcDbEntity
  8
Z0_BOTCOMP
370
        25
  6
Continuous
 62
         4
100
AcDbLine
 10
15.1394754975
 20
3.8361081751
 30
0.0
 11
15.1166800451
 21
3.8232476432
 31
0.0
  0
LINE
  5
52B
102
{ACAD_REACTORS
330
583
102
}
100
AcDbEntity
  8
Z0_BOTCOMP
370
        25
  6
Continuous
 62
         4
100
AcDbLine
 10
15.0218088417
 20
5.6842935488
 30
0.0
 11
14.9325352901
 21
5.6339280053
 31
0.0
  0
ELLIPSE
  5
52C
102
{ACAD_REACTORS
330
583
102
}
100
AcDbEntity
  8
Z0_BOTCOMP
370
        25
  6
Continuous
 62
         4
100
AcDbEllipse
 10
14.9841296291
 20
5.5424784335
 30
0.0
 11
0.0914500631518104
 21
0.0515934680897687
 31
0.0
210
0.0
220
0.0
230
-0.9999999999999999
 40
1.0
 41
4.7123889803846897
 42
7.8539816339753514
  0
LINE
  5
52D
102
{ACAD_REACTORS
330
583
102
}
100
AcDbEntity
  8
Z0_BOTCOMP
370
        25
  6
Continuous
 62
         4
100
AcDbLine
 10
15.0357222263
 20
5.451027879
 30
0.0
 11
15.1249957779
 21
5.5013934225
 31
0.0
  0
ARC
  5
52E
102
{ACAD_REACTORS
330
583
102
}
100
AcDbEntity
  8
Z0_BOTCOMP
370
        25
  6
Continuous
 62
         4
100
AcDbCircle
 10
15.0734023098
 20
5.5928434857
 30
0.0
 40
0.105
100
AcDbArc
 50
119.4304282587
 51
-60.5695717413
  0
CIRCLE
  5
52F
102
{ACAD_REACTORS
330
583
102
}
100
AcDbEntity
  8
Z0_BOTCOMP
370
        25
  6
Continuous
 62
         4
100
AcDbCircle
 10
15.0211451309
 20
5.5633615039
 30
0.0
 40
0.082
  0
ELLIPSE
  5
530
102
{ACAD_REACTORS
330
583
102
}
100
AcDbEntity
  8
Z0_BOTCOMP
370
        25
  6
Continuous
 62
         4
100
AcDbEllipse
 10
15.0211451309
 20
5.5633615039
 30
0.0
 11
0.0592248028030761
 21
0.0334129126676604
 31
0.0
210
0.0
220
0.0
230
1.0
 40
1.0
 41
4.7123889803846897
 42
10.995574287563874
  0
ELLIPSE
  5
531
102
{ACAD_REACTORS
330
583
102
}
100
AcDbEntity
  8
Z0_BOTCOMP
370
        25
  6
Continuous
 62
         4
100
AcDbEllipse
 10
15.021145009
 20
5.5633613343
 30
0.0
 11
-0.1057757020335544
 21
0.0068906886566538
 31
0.0
210
0.0
220
0.0
230
1.0
 40
1.0
 41
0.0
 42
2.0120379959345009
  0
CIRCLE
  5
532
102
{ACAD_REACTORS
330
583
102
}
100
AcDbEntity
  8
Z0_BOTCOMP
370
        25
  6
Continuous
 62
         4
100
AcDbCircle
 10
12.4082861837
 20
4.0892624156
 30
0.0
 40
0.1065
  0
CIRCLE
  5
533
102
{ACAD_REACTORS
330
583
102
}
100
AcDbEntity
  8
Z0_BOTCOMP
370
        25
  6
Continuous
 62
         4
100
AcDbCircle
 10
12.4082861837
 20
4.0892624156
 30
0.0
 40
0.106
  0
ELLIPSE
  5
534
102
{ACAD_REACTORS
330
583
102
}
100
AcDbEntity
  8
Z0_BOTCOMP
370
        25
  6
Continuous
 62
         4
100
AcDbEllipse
 10
12.4082861837
 20
4.0892624156
 30
0.0
 11
0.0334129126677567
 21
-0.0592248028031008
 31
0.0
210
0.0
220
0.0
230
1.0
 40
1.0
 41
0.0
 42
6.2831853071795862
  0
CIRCLE
  5
535
102
{ACAD_REACTORS
330
583
102
}
100
AcDbEntity
  8
Z0_BOTCOMP
370
        25
  6
Continuous
 62
         4
100
AcDbCircle
 10
12.4082861837
 20
4.0892624156
 30
0.0
 40
0.082
  0
LINE
  5
536
102
{ACAD_REACTORS
330
583
102
}
100
AcDbEntity
  8
Z0_BOTCOMP
370
        25
  6
Continuous
 62
         4
100
AcDbLine
 10
14.2230876525
 20
4.0367135363
 30
0.0
 11
14.2433435053
 21
4.0087671882
 31
0.0
  0
LINE
  5
537
102
{ACAD_REACTORS
330
583
102
}
100
AcDbEntity
  8
Z0_BOTCOMP
370
        25
  6
Continuous
 62
         4
100
AcDbLine
 10
14.217342914
 20
3.8814757979
 30
0.0
 11
14.1820593052
 21
3.8996177893
 31
0.0
  0
LINE
  5
538
102
{ACAD_REACTORS
330
583
102
}
100
AcDbEntity
  8
Z0_BOTCOMP
370
        25
  6
Continuous
 62
         4
100
AcDbLine
 10
9.5851050063
 20
2.0924999018
 30
0.0
 11
9.5794263928
 21
2.0892961931
 31
0.0
  0
ELLIPSE
  5
539
102
{ACAD_REACTORS
330
583
102
}
100
AcDbEntity
  8
Z0_BOTCOMP
370
        25
  6
Continuous
 62
         4
100
AcDbEllipse
 10
9.7735441694
 20
2.2269990685
 30
0.0
 11
0.0458509949212305
 21
-0.2335411726750777
 31
0.0
210
0.0
220
0.0
230
1.0
 40
1.0
 41
4.7123889803846897
 42
5.1355175538951636
  0
LINE
  5
53A
102
{ACAD_REACTORS
330
583
102
}
100
AcDbEntity
  8
Z0_BOTCOMP
370
        25
  6
Continuous
 62
         4
100
AcDbLine
 10
10.1836929319
 20
1.0401996667
 30
0.0
 11
10.2131749137
 21
0.9879424877
 31
0.0
  0
LINE
  5
53B
102
{ACAD_REACTORS
330
583
102
}
100
AcDbEntity
  8
Z0_BOTCOMP
370
        25
  6
Continuous
 62
         4
100
AcDbLine
 10
10.2132350095
 20
0.987976392
 30
0.0
 11
10.2131749137
 21
0.9879424877
 31
0.0
  0
LINE
  5
53C
102
{ACAD_REACTORS
330
583
102
}
100
AcDbEntity
  8
Z0_BOTCOMP
370
        25
  6
Continuous
 62
         4
100
AcDbLine
 10
10.1837530277
 20
1.040233571
 30
0.0
 11
10.1836929319
 21
1.0401996667
 31
0.0
  0
ELLIPSE
  5
53D
102
{ACAD_REACTORS
330
583
102
}
100
AcDbEntity
  8
Z0_BOTCOMP
370
        25
  6
Continuous
 62
         4
100
AcDbEllipse
 10
10.2470771585
 20
1.1099908887
 30
0.0
 11
-0.0864543861380582
 21
-0.0376033770854178
 31
0.0
210
0.0
220
0.0
230
1.0
 40
1.0
 41
0.0
 42
0.423202014917831
  0
ELLIPSE
  5
53E
102
{ACAD_REACTORS
330
583
102
}
100
AcDbEntity
  8
Z0_BOTCOMP
370
        25
  6
Continuous
 62
         4
100
AcDbEllipse
 10
9.6619973992
 20
2.1470520306
 30
0.0
 11
-0.0925124207398085
 21
-0.0181611359618046
 31
0.0
210
0.0
220
0.0
230
1.0
 40
1.0
 41
0.0
 42
0.4232020149237724
  0
LINE
  5
53F
102
{ACAD_REACTORS
330
583
102
}
100
AcDbEntity
  8
Z0_BOTCOMP
370
        25
  6
Continuous
 62
         4
100
AcDbLine
 10
9.5400630925
 20
2.1811819779
 30
0.0
 11
9.5400029967
 21
2.1811480736
 31
0.0
  0
LINE
  5
540
102
{ACAD_REACTORS
330
583
102
}
100
AcDbEntity
  8
Z0_BOTCOMP
370
        25
  6
Continuous
 62
         4
100
AcDbLine
 10
10.1606227723
 20
1.0723875117
 30
0.0
 11
9.5851050063
 21
2.0924999018
 31
0.0
  0
LINE
  5
541
102
{ACAD_REACTORS
330
583
102
}
100
AcDbEntity
  8
Z0_BOTCOMP
370
        25
  6
Continuous
 62
         4
100
AcDbLine
 10
10.1549441589
 20
1.069183803
 30
0.0
 11
9.5794263928
 21
2.0892961931
 31
0.0
  0
CIRCLE
  5
542
102
{ACAD_REACTORS
330
583
102
}
100
AcDbEntity
  8
Z0_BOTCOMP
370
        25
  6
Continuous
 62
         4
100
AcDbCircle
 10
9.8732434016
 20
2.6590649464
 30
0.0
 40
0.09375
  0
LINE
  5
543
102
{ACAD_REACTORS
330
583
102
}
100
AcDbEntity
  8
Z0_BOTCOMP
370
        25
  6
Continuous
 62
         4
100
AcDbLine
 10
9.5694849785
 20
2.1288908947
 30
0.0
 11
9.5400029967
 21
2.1811480736
 31
0.0
  0
LINE
  5
544
102
{ACAD_REACTORS
330
583
102
}
100
AcDbEntity
  8
Z0_BOTCOMP
370
        25
  6
Continuous
 62
         4
100
AcDbLine
 10
9.5695450743
 20
2.128924799
 30
0.0
 11
9.5694849785
 21
2.1288908947
 31
0.0
  0
LINE
  5
545
102
{ACAD_REACTORS
330
583
102
}
100
AcDbEntity
  8
Z0_BOTCOMP
370
        25
  6
Continuous
 62
         4
100
AcDbLine
 10
10.2325801032
 20
0.9536869731
 30
0.0
 11
10.1837530277
 21
1.040233571
 31
0.0
  0
ELLIPSE
  5
546
102
{ACAD_REACTORS
330
583
102
}
100
AcDbEntity
  8
Z0_BOTCOMP
370
        25
  6
Continuous
 62
         4
100
AcDbEllipse
 10
9.6349583302
 20
2.5217622091
 30
0.0
 11
-0.2177378507090834
 21
-0.1228401734457797
 31
0.0
210
0.0
220
0.0
230
1.0
 40
1.0
 41
4.7123889803846897
 42
6.2831936297531179
  0
LINE
  5
547
102
{ACAD_REACTORS
330
583
102
}
100
AcDbEntity
  8
Z0_BOTCOMP
370
        25
  6
Continuous
 62
         4
100
AcDbLine
 10
9.5207179988
 20
2.2154713968
 30
0.0
 11
9.4172215018
 21
2.3989202235
 31
0.0
  0
LINE
  5
548
102
{ACAD_REACTORS
330
583
102
}
100
AcDbEntity
  8
Z0_BOTCOMP
370
        25
  6
Continuous
 62
         4
100
AcDbLine
 10
9.5207179988
 20
2.2154713968
 30
0.0
 11
9.5695450743
 21
2.128924799
 31
0.0
  0
LINE
  5
549
102
{ACAD_REACTORS
330
583
102
}
100
AcDbEntity
  8
Z0_BOTCOMP
370
        25
  6
Continuous
 62
         4
100
AcDbLine
 10
10.2325801032
 20
0.9536869731
 30
0.0
 11
10.3360766002
 21
0.7702381464
 31
0.0
  0
ELLIPSE
  5
54A
102
{ACAD_REACTORS
330
583
102
}
100
AcDbEntity
  8
Z0_BOTCOMP
370
        25
  6
Continuous
 62
         4
100
AcDbEllipse
 10
10.3731878118
 20
1.1641232628
 30
0.0
 11
-0.2182436528971721
 21
-0.0949394598670779
 31
0.0
210
0.0
220
0.0
230
1.0
 40
1.0
 41
0.0
 42
0.4231285735068679
  0
ELLIPSE
  5
54B
102
{ACAD_REACTORS
330
583
102
}
100
AcDbEntity
  8
Z0_BOTCOMP
370
        25
  6
Continuous
 62
         4
100
AcDbEllipse
 10
10.5538148023
 20
0.8930795813
 30
0.0
 11
-0.1228414348382567
 21
0.217738202174184
 31
0.0
210
0.0
220
0.0
230
-0.9999999999999999
 40
1.0
 41
4.7123889803846897
 42
9.4247770455550715
  0
CIRCLE
  5
54C
102
{ACAD_REACTORS
330
583
102
}
100
AcDbEntity
  8
Z0_BOTCOMP
370
        25
  6
Continuous
 62
         4
100
AcDbCircle
 10
10.7945553318
 20
1.0260281044
 30
0.0
 40
0.09375
  0
ELLIPSE
  5
54D
102
{ACAD_REACTORS
330
583
102
}
100
AcDbEntity
  8
Z0_BOTCOMP
370
        25
  6
Continuous
 62
         4
100
AcDbEllipse
 10
11.0631785571
 20
2.2539852258
 30
0.0
 11
-0.0528933966663918
 21
-0.0333210403990202
 31
0.0
210
0.0
220
0.0
230
1.0
 40
1.0
 41
4.7123889803846897
 42
7.7569726033719988
  0
LINE
  5
54E
102
{ACAD_REACTORS
330
583
102
}
100
AcDbEntity
  8
Z0_BOTCOMP
370
        25
  6
Continuous
 62
         4
100
AcDbLine
 10
10.6766564364
 20
0.6753414915
 30
0.0
 11
15.1402904712
 21
3.1935941006
 31
0.0
  0
LINE
  5
54F
102
{ACAD_REACTORS
330
583
102
}
100
AcDbEntity
  8
Z0_BOTCOMP
370
        25
  6
Continuous
 62
         4
100
AcDbLine
 10
10.2325801032
 20
0.9536869731
 30
0.0
 11
15.1316906292
 21
3.7176227636
 31
0.0
  0
LINE
  5
550
102
{ACAD_REACTORS
330
583
102
}
100
AcDbEntity
  8
Z0_BOTCOMP
370
        25
  6
Continuous
 62
         4
100
AcDbLine
 10
15.0492132727
 20
3.0675800976
 30
0.0
 11
15.078384101
 21
3.0840374312
 31
0.0
  0
LINE
  5
551
102
{ACAD_REACTORS
330
583
102
}
100
AcDbEntity
  8
Z0_BOTCOMP
370
        25
  6
Continuous
 62
         4
100
AcDbLine
 10
15.1770084945
 20
5.9383369856
 30
0.0
 11
14.5782283192
 21
5.6005226112
 31
0.0
  0
ARC
  5
552
102
{ACAD_REACTORS
330
583
102
}
100
AcDbEntity
  8
Z0_BOTCOMP
370
        25
  6
Continuous
 62
         4
100
AcDbCircle
 10
15.2998498321
 20
5.7205978316
 30
0.0
 40
0.2500006668
100
AcDbArc
 50
29.430581074
 51
119.4302754433
  0
LINE
  5
553
102
{ACAD_REACTORS
330
583
102
}
100
AcDbEntity
  8
Z0_BOTCOMP
370
        25
  6
Continuous
 62
         4
100
AcDbLine
 10
11.0912198395
 20
2.1981131431
 30
0.0
 11
15.0709710589
 21
4.2183426124
 31
0.0
  0
LINE
  5
554
102
{ACAD_REACTORS
330
583
102
}
100
AcDbEntity
  8
Z0_BOTCOMP
370
        25
  6
Continuous
 62
         4
100
AcDbLine
 10
10.1837530277
 20
1.040233571
 30
0.0
 11
15.0828635537
 21
3.8041693615
 31
0.0
  0
LINE
  5
555
102
{ACAD_REACTORS
330
583
102
}
100
AcDbEntity
  8
Z0_BOTCOMP
370
        25
  6
Continuous
 62
         4
100
AcDbLine
 10
15.1461620269
 20
3.7709904643
 30
0.0
 11
15.1123455355
 21
3.7519121825
 31
0.0
  0
LINE
  5
556
102
{ACAD_REACTORS
330
583
102
}
100
AcDbEntity
  8
Z0_BOTCOMP
370
        25
  6
Continuous
 62
         4
100
AcDbLine
 10
15.0828635537
 20
3.8041693615
 30
0.0
 11
15.1316906292
 21
3.7176227636
 31
0.0
  0
LINE
  5
557
102
{ACAD_REACTORS
330
583
102
}
100
AcDbEntity
  8
Z0_BOTCOMP
370
        25
  6
Continuous
 62
         4
100
AcDbLine
 10
15.1166800451
 20
3.8232476432
 30
0.0
 11
15.1461620269
 21
3.7709904643
 31
0.0
  0
LINE
  5
558
102
{ACAD_REACTORS
330
583
102
}
100
AcDbEntity
  8
Z0_BOTCOMP
370
        25
  6
Continuous
 62
         4
100
AcDbLine
 10
9.5121181567
 20
2.7395000598
 30
0.0
 11
13.9757521915
 21
5.2577526689
 31
0.0
  0
LINE
  5
559
102
{ACAD_REACTORS
330
583
102
}
100
AcDbEntity
  8
Z0_BOTCOMP
370
        25
  6
Continuous
 62
         4
100
AcDbLine
 10
9.5207179988
 20
2.2154713968
 30
0.0
 11
14.4198285248
 21
4.9794071873
 31
0.0
  0
LINE
  5
55A
102
{ACAD_REACTORS
330
583
102
}
100
AcDbEntity
  8
Z0_BOTCOMP
370
        25
  6
Continuous
 62
         4
100
AcDbLine
 10
14.6562278754
 20
4.9534800576
 30
0.0
 11
9.5851050063
 21
2.0924999018
 31
0.0
  0
LINE
  5
55B
102
{ACAD_REACTORS
330
583
102
}
100
AcDbEntity
  8
Z0_BOTCOMP
370
        25
  6
Continuous
 62
         4
100
AcDbLine
 10
9.5695450743
 20
2.128924799
 30
0.0
 11
14.4686556002
 21
4.8928605895
 31
0.0
  0
LINE
  5
55C
102
{ACAD_REACTORS
330
583
102
}
100
AcDbEntity
  8
Z0_BOTCOMP
370
        25
  6
Continuous
 62
         4
100
AcDbLine
 10
14.8170024579
 20
4.6685051127
 30
0.0
 11
11.0298575167
 21
2.3068786225
 31
0.0
  0
CIRCLE
  5
55D
102
{ACAD_REACTORS
330
583
102
}
100
AcDbEntity
  8
Z0_BOTCOMP
370
        25
  6
Continuous
 62
         4
100
AcDbCircle
 10
11.6151493664
 20
3.6417976719
 30
0.0
 40
0.09375
  0
LINE
  5
55E
102
{ACAD_REACTORS
330
583
102
}
100
AcDbEntity
  8
Z0_BOTCOMP
370
        25
  6
Continuous
 62
         4
100
AcDbLine
 10
11.6951053615
 20
3.5928486306
 30
0.0
 11
11.6145998967
 21
3.7355455673
 31
0.0
  0
LINE
  5
55F
102
{ACAD_REACTORS
330
583
102
}
100
AcDbEntity
  8
Z0_BOTCOMP
370
        25
  6
Continuous
 62
         4
100
AcDbLine
 10
13.8723295667
 20
4.0794165019
 30
0.0
 11
14.0782538389
 21
3.7144131713
 31
0.0
  0
LINE
  5
560
102
{ACAD_REACTORS
330
583
102
}
100
AcDbEntity
  8
Z0_BOTCOMP
370
        25
  6
Continuous
 62
         4
100
AcDbLine
 10
13.8336839388
 20
4.0553174264
 30
0.0
 11
14.0376427454
 21
3.6937979077
 31
0.0
  0
LINE
  5
561
102
{ACAD_REACTORS
330
583
102
}
100
AcDbEntity
  8
Z0_BOTCOMP
370
        25
  6
Continuous
 62
         4
100
AcDbLine
 10
15.331907951
 20
3.2615132482
 30
0.0
 11
17.8358977754
 21
4.6741915411
 31
0.0
  0
ARC
  5
562
102
{ACAD_REACTORS
330
583
102
}
100
AcDbEntity
  8
Z0_BOTCOMP
370
        25
  6
Continuous
 62
         4
100
AcDbCircle
 10
15.6223817966
 20
3.7497473678
 30
0.0
 40
0.2499998856
100
AcDbArc
 50
-60.5695455224
 51
-150.5695979603
  0
LINE
  5
563
102
{ACAD_REACTORS
330
583
102
}
100
AcDbEntity
  8
Z0_BOTCOMP
370
        25
  6
Continuous
 62
         4
100
AcDbLine
 10
15.7452234307
 20
3.532009278
 30
0.0
 11
16.3440036061
 21
3.8698236524
 31
0.0
  0
ELLIPSE
  5
564
102
{ACAD_REACTORS
330
583
102
}
100
AcDbEntity
  8
Z0_BOTCOMP
370
        25
  6
Continuous
 62
         4
100
AcDbEllipse
 10
15.9424571462
 20
3.93032471
 30
0.0
 11
-0.0826977974520464
 21
-0.0671069677748874
 31
0.0
210
0.0
220
0.0
230
1.0
 40
1.0
 41
4.7123889803846897
 42
7.5179030303028096
  0
ELLIPSE
  5
565
102
{ACAD_REACTORS
330
583
102
}
100
AcDbEntity
  8
Z0_BOTCOMP
370
        25
  6
Continuous
 62
         4
100
AcDbEllipse
 10
15.9424571508
 20
3.9303247126
 30
0.0
 11
0.0826983875005457
 21
0.0671059219065921
 31
0.0
210
0.0
220
0.0
230
1.0
 40
1.0
 41
4.7123889803846897
 42
7.5179252635243614
  0
ELLIPSE
  5
566
102
{ACAD_REACTORS
330
583
102
}
100
AcDbEntity
  8
Z0_BOTCOMP
370
        25
  6
Continuous
 62
         4
100
AcDbEllipse
 10
15.9054415593
 20
3.9094415915
 30
0.0
 11
-0.0515934680896635
 21
0.0914500631519104
 31
0.0
210
0.0
220
0.0
230
-1.0
 40
1.0
 41
0.0
 42
3.1415926535887331
  0
ELLIPSE
  5
567
102
{ACAD_REACTORS
330
583
102
}
100
AcDbEntity
  8
Z0_BOTCOMP
370
        25
  6
Continuous
 62
         4
100
AcDbEllipse
 10
15.9424571771
 20
3.9303247274
 30
0.0
 11
0.0843130321989994
 21
0.0642439441193185
 31
0.0
210
0.0
220
0.0
230
1.0
 40
1.0
 41
4.7123889803846897
 42
7.5790622424720597
  0
ELLIPSE
  5
568
102
{ACAD_REACTORS
330
583
102
}
100
AcDbEntity
  8
Z0_BOTCOMP
370
        25
  6
Continuous
 62
         4
100
AcDbEllipse
 10
15.9424529796
 20
3.9303268545
 30
0.0
 11
-0.0843102827764074
 21
-0.064240849702026
 31
0.0
210
0.0
220
0.0
230
1.0
 40
1.0
 41
4.7123889803846897
 42
5.5670426235383248
  0
LINE
  5
569
102
{ACAD_REACTORS
330
583
102
}
100
AcDbEntity
  8
Z0_BOTCOMP
370
        25
  6
Continuous
 62
         4
100
AcDbLine
 10
10.1606227723
 20
1.0723875117
 30
0.0
 11
10.1549441589
 21
1.069183803
 31
0.0
  0
LINE
  5
56A
102
{ACAD_REACTORS
330
583
102
}
100
AcDbEntity
  8
Z0_BOTCOMP
370
        25
  6
Continuous
 62
         4
100
AcDbLine
 10
15.2317456414
 20
3.9333676675
 30
0.0
 11
10.1606227723
 21
1.0723875117
 31
0.0
  0
LINE
  5
56B
102
{ACAD_REACTORS
330
583
102
}
100
AcDbEntity
  8
Z0_BOTCOMP
370
        25
  6
Continuous
 62
         4
100
AcDbLine
 10
15.078384101
 20
3.0840374312
 30
0.0
 11
17.3646356798
 21
4.3738741335
 31
0.0
  0
LINE
  5
56C
102
{ACAD_REACTORS
330
583
102
}
100
AcDbEntity
  8
Z0_BOTCOMP
370
        25
  6
Continuous
 62
         4
100
AcDbLine
 10
15.1226070736
 20
3.0056516628
 30
0.0
 11
17.4088586524
 21
4.295488365
 31
0.0
  0
ELLIPSE
  5
56D
102
{ACAD_REACTORS
330
583
102
}
100
AcDbEntity
  8
Z0_BOTCOMP
370
        25
  6
Continuous
 62
         4
100
AcDbEllipse
 10
15.6334923936
 20
4.0388415867
 30
0.0
 11
1.2432756805469012
 21
0.6993671038109142
 31
0.0
210
0.0
220
0.0
230
1.0
 40
0.9999999999
 41
0.0
 42
0.035247108250969
  0
ELLIPSE
  5
56E
102
{ACAD_REACTORS
330
583
102
}
100
AcDbEntity
  8
Z0_BOTCOMP
370
        25
  6
Continuous
 62
         4
100
AcDbEllipse
 10
15.6884356448
 20
4.0699318513
 30
0.0
 11
1.2405173191113477
 21
0.6977180376111392
 31
0.0
210
0.0
220
0.0
230
1.0
 40
0.9999999999
 41
0.0
 42
0.0353266645520962
  0
ELLIPSE
  5
56F
102
{ACAD_REACTORS
330
583
102
}
100
AcDbEntity
  8
Z0_BOTCOMP
370
        25
  6
Continuous
 62
         4
100
AcDbEllipse
 10
15.0249483555
 20
5.2852074258
 30
0.0
 11
1.2425355615679905
 21
0.6532316801389015
 31
0.0
210
0.0
220
0.0
230
1.0
 40
0.9999999999
 41
0.0
 42
0.0227129262243028
  0
LINE
  5
570
102
{ACAD_REACTORS
330
583
102
}
100
AcDbEntity
  8
Z0_BOTCOMP
370
        25
  6
Continuous
 62
         4
100
AcDbLine
 10
15.188302573
 20
3.7495615772
 30
0.0
 11
15.2999178106
 21
3.8125316507
 31
0.0
  0
ELLIPSE
  5
571
102
{ACAD_REACTORS
330
583
102
}
100
AcDbEntity
  8
Z0_BOTCOMP
370
        25
  6
Continuous
 62
         4
100
AcDbEllipse
 10
15.021145216
 20
5.563361552
 30
0.0
 11
-0.0671069677750893
 21
0.082697797452056
 31
0.0
210
0.0
220
0.0
230
1.0
 40
1.0
 41
0.0
 42
2.8055140499157365
  0
LINE
  5
572
102
{ACAD_REACTORS
330
583
102
}
100
AcDbEntity
  8
Z0_BOTCOMP
370
        25
  6
Continuous
 62
         4
100
AcDbLine
 10
15.1461620269
 20
3.7709904643
 30
0.0
 11
15.1689574793
 21
3.7838509961
 31
0.0
  0
ELLIPSE
  5
573
102
{ACAD_REACTORS
330
583
102
}
100
AcDbEntity
  8
Z0_BOTCOMP
370
        25
  6
Continuous
 62
         4
100
AcDbEllipse
 10
15.5095372722
 20
3.6889541854
 30
0.0
 11
-0.2177382021743597
 21
-0.1228414348380511
 31
0.0
210
0.0
220
0.0
230
-1.0
 40
1.0
 41
0.0
 42
4.7123880651700567
  0
LINE
  5
574
102
{ACAD_REACTORS
330
583
102
}
100
AcDbEntity
  8
Z0_BOTCOMP
370
        25
  6
Continuous
 62
         4
100
AcDbLine
 10
15.188302573
 20
3.7495615772
 30
0.0
 11
15.29179907
 21
3.5661127505
 31
0.0
  0
LINE
  5
575
102
{ACAD_REACTORS
330
583
102
}
100
AcDbEntity
  8
Z0_BOTCOMP
370
        25
  6
Continuous
 62
         4
100
AcDbLine
 10
15.1394754975
 20
3.8361081751
 30
0.0
 11
15.2510907351
 21
3.8990782485
 31
0.0
  0
LINE
  5
576
102
{ACAD_REACTORS
330
583
102
}
100
AcDbEntity
  8
Z0_BOTCOMP
370
        25
  6
Continuous
 62
         4
100
AcDbLine
 10
15.2089528093
 20
5.9534886207
 30
0.0
 11
15.7837669715
 21
6.2777820669
 31
0.0
  0
ELLIPSE
  5
577
102
{ACAD_REACTORS
330
583
102
}
100
AcDbEntity
  8
Z0_BOTCOMP
370
        25
  6
Continuous
 62
         4
100
AcDbEllipse
 10
15.0211452206
 20
5.5633615546
 30
0.0
 11
0.0826983875005441
 21
0.0671059219065912
 31
0.0
210
0.0
220
0.0
230
1.0
 40
1.0
 41
4.7123889803846897
 42
7.5179252635250471
  0
LINE
  5
578
102
{ACAD_REACTORS
330
583
102
}
100
AcDbEntity
  8
Z0_BOTCOMP
370
        25
  6
Continuous
 62
         4
100
AcDbLine
 10
15.2351871261
 20
3.5341739369
 30
0.0
 11
15.1316906292
 21
3.7176227636
 31
0.0
  0
ELLIPSE
  5
579
102
{ACAD_REACTORS
330
583
102
}
100
AcDbEntity
  8
Z0_BOTCOMP
370
        25
  6
Continuous
 62
         4
100
AcDbEllipse
 10
15.0174479722
 20
3.4113325994
 30
0.0
 11
0.2177384987018911
 21
0.1228424990628894
 31
0.0
210
0.0
220
0.0
230
1.0
 40
1.0
 41
4.7123889803846897
 42
6.2831799729222508
  0
LINE
  5
57A
102
{ACAD_REACTORS
330
583
102
}
100
AcDbEntity
  8
Z0_BOTCOMP
370
        25
  6
Continuous
 62
         4
100
AcDbLine
 10
15.188302573
 20
3.7495615772
 30
0.0
 11
15.1394754975
 21
3.8361081751
 31
0.0
  0
LINE
  5
57B
102
{ACAD_REACTORS
330
583
102
}
100
AcDbEntity
  8
Z0_BOTCOMP
370
        25
  6
Continuous
 62
         4
100
AcDbLine
 10
13.8499681941
 20
5.2614198872
 30
0.0
 11
16.1362197729
 21
6.5512565894
 31
0.0
  0
LINE
  5
57C
102
{ACAD_REACTORS
330
583
102
}
100
AcDbEntity
  8
Z0_BOTCOMP
370
        25
  6
Continuous
 62
         4
100
AcDbLine
 10
14.1329740259
 20
5.3866385252
 30
0.0
 11
16.6369638503
 21
6.7993168182
 31
0.0
  0
LINE
  5
57D
102
{ACAD_REACTORS
330
583
102
}
100
AcDbEntity
  8
Z0_BOTCOMP
370
        25
  6
Continuous
 62
         4
100
AcDbLine
 10
13.8057452214
 20
5.3398056556
 30
0.0
 11
16.0919968002
 21
6.6296423579
 31
0.0
  0
LINE
  5
57E
102
{ACAD_REACTORS
330
583
102
}
100
AcDbEntity
  8
Z0_BOTCOMP
370
        25
  6
Continuous
 62
         4
100
AcDbLine
 10
15.144284349
 20
3.6953002387
 30
0.0
 11
15.2008962929
 21
3.7272390523
 31
0.0
  0
ELLIPSE
  5
57F
102
{ACAD_REACTORS
330
583
102
}
100
AcDbEntity
  8
Z0_BOTCOMP
370
        25
  6
Continuous
 62
         4
100
AcDbEllipse
 10
14.9727625947
 20
5.2557657361
 30
0.0
 11
1.2425355615644094
 21
0.6532316801370257
 31
0.0
210
0.0
220
0.0
230
1.0
 40
0.9999999999
 41
0.0
 42
0.0227129262244378
  0
ELLIPSE
  5
580
102
{ACAD_REACTORS
330
583
102
}
100
AcDbEntity
  8
Z0_BOTCOMP
370
        25
  6
Continuous
 62
         4
100
AcDbEllipse
 10
15.0211452469
 20
5.5633615694
 30
0.0
 11
0.0843130321989979
 21
0.0642439441193177
 31
0.0
210
0.0
220
0.0
230
1.0
 40
1.0
 41
4.7123889803846897
 42
7.5790622424710348
  0
ELLIPSE
  5
581
102
{ACAD_REACTORS
330
583
102
}
100
AcDbEntity
  8
Z0_BOTCOMP
370
        25
  6
Continuous
 62
         4
100
AcDbEllipse
 10
15.0211410495
 20
5.5633636965
 30
0.0
 11
-0.0642408497024007
 21
0.0843102827765279
 31
0.0
210
0.0
220
0.0
230
1.0
 40
1.0
 41
0.0
 42
0.8546536431464076
  0
LINE
  5
582
102
{ACAD_REACTORS
330
583
102
}
100
AcDbEntity
  8
Z0_BOTCOMP
370
        25
  6
Continuous
 62
         4
100
AcDbLine
 10
14.4833307933
 20
5.2599422835
 30
0.0
 11
15.4046427235
 21
3.6269054415
 31
0.0
  0
LINE
  5
584
100
AcDbEntity
  8
Z0_WOODOUTLINE
370
        25
  6
Continuous
 62
         5
100
AcDbLine
 10
0.0000294415
 20
42.0
 30
0.0
 11
20.2499182788
 21
42.0
 31
0.0
  0
LINE
  5
585
100
AcDbEntity
  8
Z0_BALLGEOM
370
        25
  6
Continuous
 62
         6
100
AcDbLine
 10
10.2100042525
 20
6.1807951296
 30
0.0
 11
9.9305418042
 21
6.6325996255
 31
0.0
  0
LINE
  5
586
100
AcDbEntity
  8
Z0_BALLGEOM
370
        25
  6
Continuous
 62
         6
100
AcDbLine
 10
10.2100042525
 20
6.1807951296
 30
0.0
 11
9.1875
 21
5.5483278914
 31
0.0
  0
CIRCLE
  5
587
100
AcDbEntity
  8
Z0_BALLGEOM
370
        25
  6
Continuous
 62
         6
100
AcDbCircle
 10
10.2100042525
 20
6.1807951296
 30
0.0
 40
0.53125
  0
LINE
  5
588
100
AcDbEntity
  8
Z0_BALLGEOM
370
        25
  6
Continuous
 62
         6
100
AcDbLine
 10
10.5421134752
 20
5.7661506714
 30
0.0
 11
10.2100042525
 21
6.1807951296
 31
0.0
  0
LINE
  5
589
100
AcDbEntity
  8
Z0_BALLGEOM
370
        25
  6
Continuous
 62
         5
100
AcDbLine
 10
7.6584215036
 20
5.5483278914
 30
0.0
 11
10.7165784964
 21
5.5483278914
 31
0.0
  0
LINE
  5
58A
100
AcDbEntity
  8
Z0_BALLGEOM
370
        25
  6
Continuous
 62
         5
100
AcDbLine
 10
9.1875
 20
5.5483278914
 30
0.0
 11
9.1875
 21
13.0
 31
0.0
  0
LINE
  5
58B
100
AcDbEntity
  8
Z0_BALLGEOM
370
        25
  6
Continuous
 62
         5
100
AcDbLine
 10
8.8243039957
 20
8.2328561524
 30
0.0
 11
9.5506960043
 21
8.2328561524
 31
0.0
  0
LINE
  5
58C
100
AcDbEntity
  8
Z0_BALLGEOM
370
        25
  6
Continuous
 62
         6
100
AcDbLine
 10
10.375
 20
3.375
 30
0.0
 11
10.1097476061
 21
3.8352909189
 31
0.0
  0
CIRCLE
  5
58D
100
AcDbEntity
  8
Z0_BALLGEOM
370
        25
  6
Continuous
 62
         6
100
AcDbCircle
 10
10.1097476061
 20
3.8352909189
 30
0.0
 40
0.53125
  0
LINE
  5
58E
100
AcDbEntity
  8
Z0_BALLGEOM
370
        25
  6
Continuous
 62
         6
100
AcDbLine
 10
7.8328865248
 20
5.7661506714
 30
0.0
 11
8.1649957475
 21
6.1807951296
 31
0.0
  0
CIRCLE
  5
58F
100
AcDbEntity
  8
Z0_BALLGEOM
370
        25
  6
Continuous
 62
         6
100
AcDbCircle
 10
8.1649957475
 20
6.1807951296
 30
0.0
 40
0.53125
  0
LINE
  5
590
100
AcDbEntity
  8
Z0_BALLGEOM
370
        25
  6
Continuous
 62
         6
100
AcDbLine
 10
8.1649957475
 20
6.1807951296
 30
0.0
 11
10.1097476061
 21
3.8352909189
 31
0.0
  0
LINE
  5
591
100
AcDbEntity
  8
Z0_BALLGEOM
370
        25
  6
Continuous
 62
         6
100
AcDbLine
 10
8.1649957475
 20
6.1807951296
 30
0.0
 11
9.1875
 21
5.5483278914
 31
0.0
  0
LINE
  5
592
100
AcDbEntity
  8
Z0_BALLGEOM
370
        25
  6
Continuous
 62
         6
100
AcDbLine
 10
8.1649957475
 20
6.1807951296
 30
0.0
 11
8.4444581958
 21
6.6325996255
 31
0.0
  0
LINE
  5
593
100
AcDbEntity
  8
Z0_BALLGEOM
370
        25
  6
Continuous
 62
         6
100
AcDbLine
 10
8.4444581958
 20
6.6325996255
 30
0.0
 11
12.1020139784
 21
4.3702283943
 31
0.0
  0
LINE
  5
594
100
AcDbEntity
  8
Z0_BALLGEOM
370
        25
  6
Continuous
 62
         6
100
AcDbLine
 10
9.1875
 20
5.5483278914
 30
0.0
 11
11.5792021477
 21
4.0689470004
 31
0.0
  0
LINE
  5
595
100
AcDbEntity
  8
Z0_BALLGEOM
370
        25
  6
Continuous
 62
         6
100
AcDbLine
 10
10.1097476061
 20
3.8352909189
 30
0.0
 11
11.5888412741
 21
4.6876499818
 31
0.0
  0
ENDSEC
  0
SECTION
  2
OBJECTS
  0
DICTIONARY
  5
19
100
AcDbDictionary
280
         0
281
         1
  3
ACAD_GROUP
350
1A
  3
ACAD_MLINESTYLE
350
1B
  3
ACAD_LAYOUT
350
1E
  3
ACAD_PLOTSETTINGS
350
22
  3
ACAD_PLOTSTYLENAME
350
1F
  3
ACAD_WIPEOUT_VARS
350
23
  0
DICTIONARY
  5
1A
102
{ACAD_REACTORS
330
19
102
}
100
AcDbDictionary
280
         0
281
         1
  3
VELLUMGRP1
350
A2
  3
VELLUMGRP2
350
B6
  3
VELLUMGRP3
350
CF
  3
VELLUMGRP4
350
DB
  3
VELLUMGRP5
350
F3
  3
VELLUMGRP6
350
F8
  3
VELLUMGRP7
350
FB
  3
VELLUMGRP8
350
FE
  3
VELLUMGRP9
350
101
  3
VELLUMGRP10
350
108
  3
VELLUMGRP11
350
124
  3
VELLUMGRP12
350
130
  3
VELLUMGRP13
350
13F
  3
VELLUMGRP14
350
167
  3
VELLUMGRP15
350
175
  3
VELLUMGRP16
350
189
  3
VELLUMGRP17
350
195
  3
VELLUMGRP18
350
1A1
  3
VELLUMGRP19
350
1A6
  3
VELLUMGRP20
350
1AE
  3
VELLUMGRP21
350
1AF
  3
VELLUMGRP22
350
1B4
  3
VELLUMGRP23
350
1D9
  3
VELLUMGRP24
350
1E2
  3
VELLUMGRP25
350
1EA
  3
VELLUMGRP26
350
1EF
  3
VELLUMGRP27
350
1F2
  3
VELLUMGRP28
350
1F5
  3
VELLUMGRP29
350
1FC
  3
VELLUMGRP30
350
226
  3
VELLUMGRP31
350
229
  3
VELLUMGRP32
350
235
  3
VELLUMGRP33
350
23C
  3
VELLUMGRP34
350
245
  3
VELLUMGRP35
350
24A
  3
VELLUMGRP36
350
252
  3
VELLUMGRP37
350
253
  3
VELLUMGRP38
350
258
  3
VELLUMGRP39
350
25D
  3
VELLUMGRP40
350
282
  3
VELLUMGRP41
350
290
  3
VELLUMGRP42
350
29E
  3
VELLUMGRP43
350
2A9
  3
VELLUMGRP44
350
2D1
  3
VELLUMGRP45
350
2D8
  3
VELLUMGRP46
350
2E1
  3
VELLUMGRP47
350
2EA
  3
VELLUMGRP48
350
2EB
  3
VELLUMGRP49
350
303
  3
VELLUMGRP50
350
324
  3
VELLUMGRP51
350
339
  3
VELLUMGRP52
350
583
  0
DICTIONARY
  5
1B
102
{ACAD_REACTORS
330
19
102
}
100
AcDbDictionary
280
         0
281
         1
  3
Standard
350
1C
  0
MLINESTYLE
  5
1C
102
{ACAD_REACTORS
330
1B
102
}
100
AcDbMlineStyle
  2
Standard
 70
         0
  3

 62
         0
 51
90.0
 52
90.0
 71
         2
 49
0.5
 62
       256
  6
BYLAYER
 49
-0.5
 62
       256
  6
BYLAYER
  0
ACDBDICTIONARYWDFLT
  5
1F
102
{ACAD_REACTORS
330
19
102
}
100
AcDbDictionary
281
         1
  3
Normal
350
1D
100
AcDbDictionaryWithDefault
340
1D
  0
ACDBPLACEHOLDER
  5
1D
102
{ACAD_REACTORS
330
1F
102
}
  0
LAYOUT
  5
20
102
{ACAD_REACTORS
330
1E
102
}
100
AcDbPlotSettings
  1

  2

  4

  6

 40
0.0
 41
0.0
 42
0.0
 43
0.0
 44
0.0
 45
0.0
 46
0.0
 47
0.0
 48
0.0
 49
0.0
140
0.0
141
0.0
142
1.0
143
1.0
 70
      1024
 72
         0
 73
         0
 74
         0
  7

 75
         0
147
1.0
148
0.0
149
0.0
100
AcDbLayout
  1
Model
 70
         0
 71
         0
 10
0.0
 20
0.0
 11
0.0
 21
0.0
 12
0.0
 22
0.0
 32
0.0
 14
0.0
 24
0.0
 34
0.0
 15
0.0
 25
0.0
 35
0.0
146
0.0
 13
0.0
 23
0.0
 33
0.0
 16
0.0
 26
0.0
 36
0.0
 17
0.0
 27
0.0
 37
0.0
 76
         0
330
A
331
0
345
0
346
0
  0
LAYOUT
  5
21
102
{ACAD_REACTORS
330
1E
102
}
100
AcDbPlotSettings
  1

  2

  4

  6

 40
0.0
 41
0.0
 42
0.0
 43
0.0
 44
0.0
 45
0.0
 46
0.0
 47
0.0
 48
0.0
 49
0.0
140
0.0
141
0.0
142
1.0
143
1.0
 70
         0
 72
         0
 73
         0
 74
         0
  7

 75
         0
147
1.0
148
0.0
149
0.0
100
AcDbLayout
  1
Layout1
 70
         0
 71
         0
 10
0.0
 20
0.0
 11
0.0
 21
0.0
 12
0.0
 22
0.0
 32
0.0
 14
0.0
 24
0.0
 34
0.0
 15
0.0
 25
0.0
 35
0.0
146
0.0
 13
0.0
 23
0.0
 33
0.0
 16
0.0
 26
0.0
 36
0.0
 17
0.0
 27
0.0
 37
0.0
 76
         0
330
B
331
0
345
0
346
0
  0
DICTIONARY
  5
1E
102
{ACAD_REACTORS
330
19
102
}
100
AcDbDictionary
280
         0
281
         1
  3
Layout1
350
21
  3
Model
350
20
  0
DICTIONARY
  5
22
102
{ACAD_REACTORS
330
19
102
}
100
AcDbDictionary
280
         0
281
         1
  0
WIPEOUTVARIABLES
  5
23
100
AcDbWipeoutVariables
 70
         1
  0
GROUP
  5
A2
102
{ACAD_XDICTIONARY
360
5CEB210060EB2100
102
}
102
{ACAD_REACTORS
330
1A
102
}
100
AcDbGroup
300
This is Vellum Group Number 1
 70
         0
 71
         1
340
61
340
62
340
63
340
64
340
65
340
66
340
67
340
68
340
69
340
6A
340
6B
340
6C
340
6D
340
6E
340
6F
340
70
340
71
340
72
340
73
340
74
340
75
340
76
340
77
340
78
340
79
340
7A
340
7B
340
7C
340
7D
340
7E
340
7F
340
80
340
81
340
82
340
83
340
84
340
85
340
86
340
87
340
88
340
89
340
8A
340
8B
340
8C
340
8D
340
8E
340
8F
340
90
340
91
340
92
340
93
340
94
340
95
340
96
340
97
340
98
340
99
340
9A
340
9B
340
9C
340
9D
340
9E
340
9F
340
A0
340
A1
  0
GROUP
  5
B6
102
{ACAD_XDICTIONARY
360
3207917C60EB2100
102
}
102
{ACAD_REACTORS
330
1A
102
}
100
AcDbGroup
300
This is Vellum Group Number 2
 70
         0
 71
         1
340
B2
340
B3
340
B4
340
B5
  0
GROUP
  5
CF
102
{ACAD_XDICTIONARY
360
3207917C60EB2100
102
}
102
{ACAD_REACTORS
330
1A
102
}
100
AcDbGroup
300
This is Vellum Group Number 3
 70
         0
 71
         1
340
C4
340
C5
340
C6
340
C7
340
C8
340
C9
340
CA
340
CB
340
CC
340
CD
340
CE
  0
GROUP
  5
DB
102
{ACAD_XDICTIONARY
360
3207917C60EB2100
102
}
102
{ACAD_REACTORS
330
1A
102
}
100
AcDbGroup
300
This is Vellum Group Number 4
 70
         0
 71
         1
340
D0
340
D1
340
D2
340
D3
340
D4
340
D5
340
D6
340
D7
340
D8
340
D9
340
DA
  0
GROUP
  5
F3
102
{ACAD_XDICTIONARY
360
3207917C60EB2100
102
}
102
{ACAD_REACTORS
330
1A
102
}
100
AcDbGroup
300
This is Vellum Group Number 5
 70
         0
 71
         1
340
ED
340
EE
340
EF
340
F0
340
F1
340
F2
  0
GROUP
  5
F8
102
{ACAD_XDICTIONARY
360
3207917C60EB2100
102
}
102
{ACAD_REACTORS
330
1A
102
}
100
AcDbGroup
300
This is Vellum Group Number 6
 70
         0
 71
         1
340
F4
340
F5
340
F6
340
F7
  0
GROUP
  5
FB
102
{ACAD_XDICTIONARY
360
3207917C60EB2100
102
}
102
{ACAD_REACTORS
330
1A
102
}
100
AcDbGroup
300
This is Vellum Group Number 7
 70
         0
 71
         1
340
F9
340
FA
  0
GROUP
  5
FE
102
{ACAD_XDICTIONARY
360
3207917C60EB2100
102
}
102
{ACAD_REACTORS
330
1A
102
}
100
AcDbGroup
300
This is Vellum Group Number 8
 70
         0
 71
         1
340
FC
340
FD
  0
GROUP
  5
101
102
{ACAD_XDICTIONARY
360
3207917C60EB2100
102
}
102
{ACAD_REACTORS
330
1A
102
}
100
AcDbGroup
300
This is Vellum Group Number 9
 70
         0
 71
         1
340
FF
340
100
  0
GROUP
  5
108
102
{ACAD_XDICTIONARY
360
3207917C60EB2100
102
}
102
{ACAD_REACTORS
330
1A
102
}
100
AcDbGroup
300
This is Vellum Group Number 10
 70
         0
 71
         1
340
102
340
103
340
104
340
105
340
106
340
107
  0
GROUP
  5
124
102
{ACAD_XDICTIONARY
360
3207917C60EB2100
102
}
102
{ACAD_REACTORS
330
1A
102
}
100
AcDbGroup
300
This is Vellum Group Number 11
 70
         0
 71
         1
340
119
340
11A
340
11B
340
11C
340
11D
340
11E
340
11F
340
120
340
121
340
122
340
123
  0
GROUP
  5
130
102
{ACAD_XDICTIONARY
360
3207917C60EB2100
102
}
102
{ACAD_REACTORS
330
1A
102
}
100
AcDbGroup
300
This is Vellum Group Number 12
 70
         0
 71
         1
340
125
340
126
340
127
340
128
340
129
340
12A
340
12B
340
12C
340
12D
340
12E
340
12F
  0
GROUP
  5
13F
102
{ACAD_XDICTIONARY
360
3207917C60EB2100
102
}
102
{ACAD_REACTORS
330
1A
102
}
100
AcDbGroup
300
This is Vellum Group Number 13
 70
         0
 71
         1
340
132
340
133
340
134
340
135
340
136
340
137
340
138
340
139
340
13A
340
13B
340
13C
340
13D
340
13E
  0
GROUP
  5
167
102
{ACAD_XDICTIONARY
360
3207917C60EB2100
102
}
102
{ACAD_REACTORS
330
1A
102
}
100
AcDbGroup
300
This is Vellum Group Number 14
 70
         0
 71
         1
340
140
340
141
340
142
340
143
340
144
340
145
340
146
340
147
340
148
340
149
340
14A
340
14B
340
14C
340
14D
340
14E
340
14F
340
150
340
151
340
152
340
153
340
154
340
155
340
156
340
157
340
158
340
159
340
15A
340
15B
340
15C
340
15D
340
15E
340
15F
340
160
340
161
340
162
340
163
340
164
340
165
340
166
  0
GROUP
  5
175
102
{ACAD_XDICTIONARY
360
3207917C60EB2100
102
}
102
{ACAD_REACTORS
330
1A
102
}
100
AcDbGroup
300
This is Vellum Group Number 15
 70
         0
 71
         1
340
168
340
169
340
16A
340
16B
340
16C
340
16D
340
16E
340
16F
340
170
340
171
340
172
340
173
340
174
  0
GROUP
  5
189
102
{ACAD_XDICTIONARY
360
3207917C60EB2100
102
}
102
{ACAD_REACTORS
330
1A
102
}
100
AcDbGroup
300
This is Vellum Group Number 16
 70
         0
 71
         1
340
17E
340
17F
340
180
340
181
340
182
340
183
340
184
340
185
340
186
340
187
340
188
  0
GROUP
  5
195
102
{ACAD_XDICTIONARY
360
3207917C60EB2100
102
}
102
{ACAD_REACTORS
330
1A
102
}
100
AcDbGroup
300
This is Vellum Group Number 17
 70
         0
 71
         1
340
18A
340
18B
340
18C
340
18D
340
18E
340
18F
340
190
340
191
340
192
340
193
340
194
  0
GROUP
  5
1A1
102
{ACAD_XDICTIONARY
360
3207917C60EB2100
102
}
102
{ACAD_REACTORS
330
1A
102
}
100
AcDbGroup
300
This is Vellum Group Number 18
 70
         0
 71
         1
340
196
340
197
340
198
340
199
340
19A
340
19B
340
19C
340
19D
340
19E
340
19F
340
1A0
  0
GROUP
  5
1A6
102
{ACAD_XDICTIONARY
360
3207917C6CEA2100
102
}
102
{ACAD_REACTORS
330
1A
102
}
100
AcDbGroup
300
This is Vellum Group Number 19
 70
         0
 71
         1
340
1A2
340
1A3
340
1A4
340
1A5
  0
GROUP
  5
1AE
102
{ACAD_XDICTIONARY
360
3207917C6CEA2100
102
}
102
{ACAD_REACTORS
330
1A
102
}
100
AcDbGroup
300
This is Vellum Group Number 20
 70
         0
 71
         1
340
1A8
340
1A9
340
1AA
340
1AB
340
1AC
340
1AD
  0
GROUP
  5
1AF
102
{ACAD_XDICTIONARY
360
887B120360EB2100
102
}
102
{ACAD_REACTORS
330
1A
102
}
100
AcDbGroup
300
This is Vellum Group Number 21
 70
         0
 71
         1
340
1A7
340
1A7
340
1A7
  0
GROUP
  5
1B4
102
{ACAD_XDICTIONARY
360
3207917C60EB2100
102
}
102
{ACAD_REACTORS
330
1A
102
}
100
AcDbGroup
300
This is Vellum Group Number 22
 70
         0
 71
         1
340
1B0
340
1B1
340
1B2
340
1B3
  0
GROUP
  5
1D9
102
{ACAD_XDICTIONARY
360
3207917C60EB2100
102
}
102
{ACAD_REACTORS
330
1A
102
}
100
AcDbGroup
300
This is Vellum Group Number 23
 70
         0
 71
         1
340
1B5
340
1B6
340
1B7
340
1B8
340
1B9
340
1BA
340
1BB
340
1BC
340
1BD
340
1BE
340
1BF
340
1C0
340
1C1
340
1C2
340
1C3
340
1C4
340
1C5
340
1C6
340
1C7
340
1C8
340
1C9
340
1CA
340
1CB
340
1CC
340
1CD
340
1CE
340
1CF
340
1D0
340
1D1
340
1D2
340
1D3
340
1D4
340
1D5
340
1D6
340
1D7
340
1D8
  0
GROUP
  5
1E2
102
{ACAD_XDICTIONARY
360
3207917C60EB2100
102
}
102
{ACAD_REACTORS
330
1A
102
}
100
AcDbGroup
300
This is Vellum Group Number 24
 70
         0
 71
         1
340
1DA
340
1DB
340
1DC
340
1DD
340
1DE
340
1DF
340
1E0
340
1E1
  0
GROUP
  5
1EA
102
{ACAD_XDICTIONARY
360
3207917C60EB2100
102
}
102
{ACAD_REACTORS
330
1A
102
}
100
AcDbGroup
300
This is Vellum Group Number 25
 70
         0
 71
         1
340
1E4
340
1E5
340
1E6
340
1E7
340
1E8
340
1E9
  0
GROUP
  5
1EF
102
{ACAD_XDICTIONARY
360
3207917C60EB2100
102
}
102
{ACAD_REACTORS
330
1A
102
}
100
AcDbGroup
300
This is Vellum Group Number 26
 70
         0
 71
         1
340
1EB
340
1EC
340
1ED
340
1EE
  0
GROUP
  5
1F2
102
{ACAD_XDICTIONARY
360
3207917C60EB2100
102
}
102
{ACAD_REACTORS
330
1A
102
}
100
AcDbGroup
300
This is Vellum Group Number 27
 70
         0
 71
         1
340
1F0
340
1F1
  0
GROUP
  5
1F5
102
{ACAD_XDICTIONARY
360
3207917C60EB2100
102
}
102
{ACAD_REACTORS
330
1A
102
}
100
AcDbGroup
300
This is Vellum Group Number 28
 70
         0
 71
         1
340
1F3
340
1F4
  0
GROUP
  5
1FC
102
{ACAD_XDICTIONARY
360
3207917C60EB2100
102
}
102
{ACAD_REACTORS
330
1A
102
}
100
AcDbGroup
300
This is Vellum Group Number 29
 70
         0
 71
         1
340
1F6
340
1F7
340
1F8
340
1F9
340
1FA
340
1FB
  0
GROUP
  5
226
102
{ACAD_XDICTIONARY
360
3207917C60EB2100
102
}
102
{ACAD_REACTORS
330
1A
102
}
100
AcDbGroup
300
This is Vellum Group Number 30
 70
         0
 71
         1
340
202
340
203
340
204
340
205
340
206
340
207
340
208
340
209
340
20A
340
20B
340
20C
340
20D
340
20E
340
20F
340
210
340
211
340
212
340
213
340
214
340
215
340
216
340
217
340
218
340
219
340
21A
340
21B
340
21C
340
21D
340
21E
340
21F
340
220
340
221
340
222
340
223
340
224
340
225
  0
GROUP
  5
229
102
{ACAD_XDICTIONARY
360
3207917C60EB2100
102
}
102
{ACAD_REACTORS
330
1A
102
}
100
AcDbGroup
300
This is Vellum Group Number 31
 70
         0
 71
         1
340
227
340
228
  0
GROUP
  5
235
102
{ACAD_XDICTIONARY
360
3207917C60EB2100
102
}
102
{ACAD_REACTORS
330
1A
102
}
100
AcDbGroup
300
This is Vellum Group Number 32
 70
         0
 71
         1
340
22A
340
22B
340
22C
340
22D
340
22E
340
22F
340
230
340
231
340
232
340
233
340
234
  0
GROUP
  5
23C
102
{ACAD_XDICTIONARY
360
3207917C60EB2100
102
}
102
{ACAD_REACTORS
330
1A
102
}
100
AcDbGroup
300
This is Vellum Group Number 33
 70
         0
 71
         1
340
236
340
237
340
238
340
239
340
23A
340
23B
  0
GROUP
  5
245
102
{ACAD_XDICTIONARY
360
3207917C60EB2100
102
}
102
{ACAD_REACTORS
330
1A
102
}
100
AcDbGroup
300
This is Vellum Group Number 34
 70
         0
 71
         1
340
23F
340
240
340
241
340
242
340
243
340
244
  0
GROUP
  5
24A
102
{ACAD_XDICTIONARY
360
3207917C6CEA2100
102
}
102
{ACAD_REACTORS
330
1A
102
}
100
AcDbGroup
300
This is Vellum Group Number 35
 70
         0
 71
         1
340
246
340
247
340
248
340
249
  0
GROUP
  5
252
102
{ACAD_XDICTIONARY
360
3207917C6CEA2100
102
}
102
{ACAD_REACTORS
330
1A
102
}
100
AcDbGroup
300
This is Vellum Group Number 36
 70
         0
 71
         1
340
24C
340
24D
340
24E
340
24F
340
250
340
251
  0
GROUP
  5
253
102
{ACAD_XDICTIONARY
360
607B130360EB2100
102
}
102
{ACAD_REACTORS
330
1A
102
}
100
AcDbGroup
300
This is Vellum Group Number 37
 70
         0
 71
         1
340
24B
340
24B
340
24B
  0
GROUP
  5
258
102
{ACAD_XDICTIONARY
360
3207917C60EB2100
102
}
102
{ACAD_REACTORS
330
1A
102
}
100
AcDbGroup
300
This is Vellum Group Number 38
 70
         0
 71
         1
340
254
340
255
340
256
340
257
  0
GROUP
  5
25D
102
{ACAD_XDICTIONARY
360
3207917C60EB2100
102
}
102
{ACAD_REACTORS
330
1A
102
}
100
AcDbGroup
300
This is Vellum Group Number 39
 70
         0
 71
         1
340
259
340
25A
340
25B
340
25C
  0
GROUP
  5
282
102
{ACAD_XDICTIONARY
360
3207917C60EB2100
102
}
102
{ACAD_REACTORS
330
1A
102
}
100
AcDbGroup
300
This is Vellum Group Number 40
 70
         0
 71
         1
340
25E
340
25F
340
260
340
261
340
262
340
263
340
264
340
265
340
266
340
267
340
268
340
269
340
26A
340
26B
340
26C
340
26D
340
26E
340
26F
340
270
340
271
340
272
340
273
340
274
340
275
340
276
340
277
340
278
340
279
340
27A
340
27B
340
27C
340
27D
340
27E
340
27F
340
280
340
281
  0
GROUP
  5
290
102
{ACAD_XDICTIONARY
360
3207917C60EB2100
102
}
102
{ACAD_REACTORS
330
1A
102
}
100
AcDbGroup
300
This is Vellum Group Number 41
 70
         0
 71
         1
340
285
340
286
340
287
340
288
340
289
340
28A
340
28B
340
28C
340
28D
340
28E
340
28F
  0
GROUP
  5
29E
102
{ACAD_XDICTIONARY
360
3207917C60EB2100
102
}
102
{ACAD_REACTORS
330
1A
102
}
100
AcDbGroup
300
This is Vellum Group Number 42
 70
         0
 71
         1
340
293
340
294
340
295
340
296
340
297
340
298
340
299
340
29A
340
29B
340
29C
340
29D
  0
GROUP
  5
2A9
102
{ACAD_XDICTIONARY
360
3207917C60EB2100
102
}
102
{ACAD_REACTORS
330
1A
102
}
100
AcDbGroup
300
This is Vellum Group Number 43
 70
         0
 71
         1
340
2A1
340
2A2
340
2A3
340
2A4
340
2A5
340
2A6
340
2A7
340
2A8
  0
GROUP
  5
2D1
102
{ACAD_XDICTIONARY
360
3207917C60EB2100
102
}
102
{ACAD_REACTORS
330
1A
102
}
100
AcDbGroup
300
This is Vellum Group Number 44
 70
         0
 71
         1
340
2AA
340
2AB
340
2AC
340
2AD
340
2AE
340
2AF
340
2B0
340
2B1
340
2B2
340
2B3
340
2B4
340
2B5
340
2B6
340
2B7
340
2B8
340
2B9
340
2BA
340
2BB
340
2BC
340
2BD
340
2BE
340
2BF
340
2C0
340
2C1
340
2C2
340
2C3
340
2C4
340
2C5
340
2C6
340
2C7
340
2C8
340
2C9
340
2CA
340
2CB
340
2CC
340
2CD
340
2CE
340
2CF
340
2D0
  0
GROUP
  5
2D8
102
{ACAD_XDICTIONARY
360
3207917C60EB2100
102
}
102
{ACAD_REACTORS
330
1A
102
}
100
AcDbGroup
300
This is Vellum Group Number 45
 70
         0
 71
         1
340
2D4
340
2D5
340
2D6
340
2D7
  0
GROUP
  5
2E1
102
{ACAD_XDICTIONARY
360
3207917C78E92100
102
}
102
{ACAD_REACTORS
330
1A
102
}
100
AcDbGroup
300
This is Vellum Group Number 46
 70
         0
 71
         1
340
2D9
340
2DA
340
2DB
340
2DC
340
2DD
340
2DE
340
2DF
340
2E0
  0
GROUP
  5
2EA
102
{ACAD_XDICTIONARY
360
3207917C78E92100
102
}
102
{ACAD_REACTORS
330
1A
102
}
100
AcDbGroup
300
This is Vellum Group Number 47
 70
         0
 71
         1
340
2E2
340
2E3
340
2E4
340
2E5
340
2E6
340
2E7
340
2E8
340
2E9
  0
GROUP
  5
303
102
{ACAD_XDICTIONARY
360
68EA21006CEA2100
102
}
102
{ACAD_REACTORS
330
1A
102
}
100
AcDbGroup
300
This is Vellum Group Number 49
 70
         0
 71
         1
340
2FF
340
300
340
301
340
302
  0
GROUP
  5
324
102
{ACAD_XDICTIONARY
360
3207917C6CEA2100
102
}
102
{ACAD_REACTORS
330
1A
102
}
100
AcDbGroup
300
This is Vellum Group Number 50
 70
         0
 71
         1
340
320
340
321
340
322
340
323
  0
GROUP
  5
339
102
{ACAD_XDICTIONARY
360
E08B140360EB2100
102
}
102
{ACAD_REACTORS
330
1A
102
}
100
AcDbGroup
300
This is Vellum Group Number 51
 70
         0
 71
         1
340
2EC
340
2ED
340
2EE
340
2EF
340
2F0
340
2F1
340
2F2
340
2F3
340
2F4
340
2F5
340
2F6
340
2F7
340
2F8
340
2F9
340
2FA
340
2FB
340
2FC
340
2FD
340
2FE
340
304
340
305
340
306
340
307
340
308
340
309
340
30A
340
30B
340
30C
340
30D
340
30E
340
30F
340
310
340
311
340
312
340
313
340
314
340
315
340
316
340
317
340
318
340
319
340
31A
340
31B
340
31C
340
31D
340
31E
340
31F
340
325
340
326
340
327
340
328
340
329
340
32A
340
32B
340
32C
340
32D
340
32E
340
32F
340
330
340
331
340
332
340
333
340
334
340
335
340
336
340
337
340
338
340
338
340
338
  0
GROUP
  5
583
102
{ACAD_XDICTIONARY
360
3207917C60EB2100
102
}
102
{ACAD_REACTORS
330
1A
102
}
100
AcDbGroup
300
This is Vellum Group Number 52
 70
         0
 71
         1
340
33B
340
33C
340
33D
340
33E
340
33F
340
340
340
341
340
342
340
343
340
344
340
345
340
346
340
347
340
348
340
349
340
34A
340
34B
340
34C
340
34D
340
34E
340
34F
340
350
340
351
340
352
340
353
340
354
340
355
340
356
340
357
340
358
340
359
340
35A
340
35B
340
35C
340
35D
340
35E
340
35F
340
360
340
361
340
362
340
363
340
364
340
365
340
366
340
367
340
368
340
369
340
36A
340
36B
340
36C
340
36D
340
36E
340
36F
340
370
340
371
340
372
340
373
340
374
340
375
340
376
340
377
340
378
340
379
340
37A
340
37B
340
37C
340
37D
340
37E
340
37F
340
380
340
381
340
382
340
383
340
384
340
385
340
386
340
387
340
388
340
389
340
38A
340
38B
340
38C
340
38D
340
38E
340
38F
340
390
340
391
340
392
340
393
340
394
340
395
340
396
340
397
340
398
340
399
340
39A
340
39B
340
39C
340
39D
340
39E
340
39F
340
3A0
340
3A1
340
3A2
340
3A3
340
3A4
340
3A5
340
3A6
340
3A7
340
3A8
340
3A9
340
3AA
340
3AB
340
3AC
340
3AD
340
3AE
340
3AF
340
3B0
340
3B1
340
3B2
340
3B3
340
3B4
340
3B5
340
3B6
340
3B7
340
3B8
340
3B9
340
3BA
340
3BB
340
3BC
340
3BD
340
3BE
340
3BF
340
3C0
340
3C1
340
3C2
340
3C3
340
3C4
340
3C5
340
3C6
340
3C7
340
3C8
340
3C9
340
3CA
340
3CB
340
3CC
340
3CD
340
3CE
340
3CF
340
3D0
340
3D1
340
3D2
340
3D3
340
3D4
340
3D5
340
3D6
340
3D7
340
3D8
340
3D9
340
3DA
340
3DB
340
3DC
340
3DD
340
3DE
340
3DF
340
3E0
340
3E1
340
3E2
340
3E3
340
3E4
340
3E5
340
3E6
340
3E7
340
3E8
340
3E9
340
3EA
340
3EB
340
3EC
340
3ED
340
3EE
340
3EF
340
3F0
340
3F1
340
3F2
340
3F3
340
3F4
340
3F5
340
3F6
340
3F7
340
3F8
340
3F9
340
3FA
340
3FB
340
3FC
340
3FD
340
3FE
340
3FF
340
400
340
401
340
402
340
403
340
404
340
405
340
406
340
407
340
408
340
409
340
40A
340
40B
340
40C
340
40D
340
40E
340
40F
340
410
340
411
340
412
340
413
340
414
340
415
340
416
340
417
340
418
340
419
340
41A
340
41B
340
41C
340
41D
340
41E
340
41F
340
420
340
421
340
422
340
423
340
424
340
425
340
426
340
427
340
428
340
429
340
42A
340
42B
340
42C
340
42D
340
42E
340
42F
340
430
340
431
340
432
340
433
340
434
340
435
340
436
340
437
340
438
340
439
340
43A
340
43B
340
43C
340
43D
340
43E
340
43F
340
440
340
441
340
442
340
443
340
444
340
445
340
446
340
447
340
448
340
449
340
44A
340
44B
340
44C
340
44D
340
44E
340
44F
340
450
340
451
340
452
340
453
340
454
340
455
340
456
340
457
340
458
340
459
340
45A
340
45B
340
45C
340
45D
340
45E
340
45F
340
460
340
461
340
462
340
463
340
464
340
465
340
466
340
467
340
468
340
469
340
46A
340
46B
340
46C
340
46D
340
46E
340
46F
340
470
340
471
340
472
340
473
340
474
340
475
340
476
340
477
340
478
340
479
340
47A
340
47B
340
47C
340
47D
340
47E
340
47F
340
480
340
481
340
482
340
483
340
484
340
485
340
486
340
487
340
488
340
489
340
48A
340
48B
340
48C
340
48D
340
48E
340
48F
340
490
340
491
340
492
340
493
340
494
340
495
340
496
340
497
340
498
340
499
340
49A
340
49B
340
49C
340
49D
340
49E
340
49F
340
4A0
340
4A1
340
4A2
340
4A3
340
4A4
340
4A5
340
4A6
340
4A7
340
4A8
340
4A9
340
4AA
340
4AB
340
4AC
340
4AD
340
4AE
340
4AF
340
4B0
340
4B1
340
4B2
340
4B3
340
4B4
340
4B5
340
4B6
340
4B7
340
4B8
340
4B9
340
4BA
340
4BB
340
4BC
340
4BD
340
4BE
340
4BF
340
4C0
340
4C1
340
4C2
340
4C3
340
4C4
340
4C5
340
4C6
340
4C7
340
4C8
340
4C9
340
4CA
340
4CB
340
4CC
340
4CD
340
4CE
340
4CF
340
4D0
340
4D1
340
4D2
340
4D3
340
4D4
340
4D5
340
4D6
340
4D7
340
4D8
340
4D9
340
4DA
340
4DB
340
4DC
340
4DD
340
4DE
340
4DF
340
4E0
340
4E1
340
4E2
340
4E3
340
4E4
340
4E5
340
4E6
340
4E7
340
4E8
340
4E9
340
4EA
340
4EB
340
4EC
340
4ED
340
4EE
340
4EF
340
4F0
340
4F1
340
4F2
340
4F3
340
4F4
340
4F5
340
4F6
340
4F7
340
4F8
340
4F9
340
4FA
340
4FB
340
4FC
340
4FD
340
4FE
340
4FF
340
500
340
501
340
502
340
503
340
504
340
505
340
506
340
507
340
508
340
509
340
50A
340
50B
340
50C
340
50D
340
50E
340
50F
340
510
340
511
340
512
340
513
340
514
340
515
340
516
340
517
340
518
340
519
340
51A
340
51B
340
51C
340
51D
340
51E
340
51F
340
520
340
521
340
522
340
523
340
524
340
525
340
526
340
527
340
528
340
529
340
52A
340
52B
340
52C
340
52D
340
52E
340
52F
340
530
340
531
340
532
340
533
340
534
340
535
340
536
340
537
340
538
340
539
340
53A
340
53B
340
53C
340
53D
340
53E
340
53F
340
540
340
541
340
542
340
543
340
544
340
545
340
546
340
547
340
548
340
549
340
54A
340
54B
340
54C
340
54D
340
54E
340
54F
340
550
340
551
340
552
340
553
340
554
340
555
340
556
340
557
340
558
340
559
340
55A
340
55B
340
55C
340
55D
340
55E
340
55F
340
560
340
561
340
562
340
563
340
564
340
565
340
566
340
567
340
568
340
569
340
56A
340
56B
340
56C
340
56D
340
56E
340
56F
340
570
340
571
340
572
340
573
340
574
340
575
340
576
340
577
340
578
340
579
340
57A
340
57B
340
57C
340
57D
340
57E
340
57F
340
580
340
581
340
582
  0
ENDSEC
  0
EOF
