File,CircHead,CircNeck,CircChest,CircWaist,CircHips,CircBicepLeft,CircBicepRight,CircForearmLeft,CircForearmRight,CircThighLeft,CircThighRight,CircCalfLeft,CircCalfRight,CircFootLeft,CircFootRight,LenHead,LenNeck,LenTorso,LenHipdrop,LenUpperlegLeft,LenUpperlegRight,LenLowerlegLeft,LenLowerlegRight,LenFootLeft,LenFootRight,WidthShoulder,WidthHips,WidthFootLeft,WidthFootRight,LengthUpperArmLeft,LengthUpperArmRight,LengthLowerArmLeft,LengthLowerArmRight
TEST0001.obj,0.6414013664265632,0.47531351673995853,1.4004348366943253,1.451966852005107,1.4407368065866193,0.4101325011869293,0.40634739792444113,0.3248780525365457,0.33591690266167873,0.5970499192912488,0.5996130541659054,0.4553969527223091,0.4718691901131462,0.28315238517190977,0.28124318772970713,0.24480346894405453,0.10461198570731,0.5830507103254295,0.23654610233199239,0.4789967767647483,0.45953430357134456,0.5163184528798404,0.5040095925357926,0.2807204051919767,0.27122921041090386,0.472953847013352,0.4311206864442191,0.1300836224613848,0.10809531460048491,0.3020035032631298,0.30164382442833193,0.2660591098103449,0.3042040144519977