,PC1,PC2,PC3,PC4,PC5
SHAPE_1,0.6529249039222825,-0.16655458686503946,0.07899240636195773,0.18847552692261407,0.710060430471016
SHAPE_2,0.09871674614490543,-0.764767474376408,0.16666738426824912,-0.6007534356321725,-0.129240112828071
SHAPE_5,0.18766281947002272,0.5253086986153787,0.7033611299613693,-0.44045719547878065,-0.010677881719332186
SHAPE_7,-0.653323790421538,0.031271486498601654,-0.028951616002320272,-0.3040707710400691,0.6920208733350127
SHAPE_8,0.31920959403883226,0.3323599630240238,-0.6858768894988715,-0.5631258389360673,0.01021136749592677
