,PC1,PC2,PC3,PC4,PC5
SHAPE_1,0.6222086153178629,0.14503196577619668,-0.24048645739379712,-0.18923198881328568,0.7058184512658128
SHAPE_3,-0.48179206056362667,-0.34113606928063006,-0.14062559806553215,-0.7563974641212498,0.24411044642388788
SHAPE_4,-0.5954074781517503,0.2075566027496219,-0.0178487713188587,0.48454953918416854,0.6060555725796325
SHAPE_8,-0.15223653359092118,0.622186936097055,-0.7045899108490496,-0.1402014348748759,-0.2713006995551889
SHAPE_9,0.05519802716833623,-0.6575679313531412,-0.6523995584540416,0.37095745364683885,-0.036372753064616556
