,PC1,PC2,PC3,PC4,PC5,PC6,PC7,PC8,PC9
SIZE_0,0.5169770805187406,0.019758834264610083,-0.018239114547861392,0.2636889103470287,-0.24641569190057577,-0.07843804153930661,-0.06978890033822314,-0.03172245772150149,0.7679386404118875
SHAPE_2,-0.14796019429758653,0.6245666676211852,0.03857293446288337,0.10441062163532559,0.03471319504958303,0.21427952591356547,-0.6860846604918659,0.2386484409546678,0.02913500554335381
SHAPE_3,-0.36476902076834145,-0.007498812165390532,-0.2877175804919236,0.082368841007349,-0.6058699456460466,-0.5509461582496435,-0.2184299211684484,-0.2327186233307202,-0.06951006241551275
SHAPE_4,-0.4233999687473384,-0.2895607553160917,0.10551898657028036,0.197299475946904,-0.07225446982676871,0.581651527281221,-0.13042187686047593,-0.5228465937930247,0.23001752434648046
SHAPE_5,0.22753594565106353,-0.06704696953744815,-0.35218223660152614,-0.7499022808992488,-0.3288952043127362,0.3522567888452494,-0.15670587700104452,-0.01900475961808069,0.013096761228697485
SHAPE_7,-0.43198394322384126,-0.1801332505050453,-0.44337158083050726,0.10711224347892774,0.0005298603291015927,0.14361365944735474,0.202916694936652,0.645124501463768,0.3080657755469072
SHAPE_8,-0.11537098353305485,-0.25228033158583885,0.7399156442537285,-0.1723050087906574,-0.42438312446935444,-0.009236895826746735,-0.07356416386695892,0.3989421595042265,0.03357237515533603
SHAPE_9,-0.06961791644791739,0.6036622392221248,0.07407660981051065,0.06603021327727122,-0.4157272414265743,0.2570110196284639,0.6128844989425488,-0.06685198363756581,-0.04378941910293401
SHAPE_10,0.3768005509227968,-0.2462268347125375,-0.17518735564607082,0.5157319097662364,-0.32353158989056185,0.30858042227709936,-0.11368746360832742,0.1853193227834341,-0.5035484295615434
