,PC1,PC2,PC3,PC4,PC5,PC6,PC7,PC8,PC9
SIZE_0,0.4400116805647888,0.22278825659956117,-0.11516059325780785,0.2394676529291083,-0.2776760994395958,-0.00753790492907882,-0.05544124505768692,0.7784023219701613,0.0019110039822410564
SHAPE_1,0.46754041411154834,-0.25358137737270653,0.18397199005301443,-0.11793686967645418,-0.05449244327671219,0.08577977638129135,0.09198990986367099,-0.14221659537995,0.7939347252391313
SHAPE_2,-0.0725337627795233,-0.6710824536023781,-0.2117466782619359,0.2354984142669737,-0.3338991788953736,-0.5397108335754949,0.189611228544979,0.018639931999094264,-0.07081471772030622
SHAPE_3,-0.3357015038131034,0.06252843135639519,-0.1751179046594246,-0.12929322008387023,-0.7851059103127961,0.3585993740809033,-0.23565125142799456,-0.10802253516322298,0.1543583376944605
SHAPE_4,-0.4112608087764053,0.22943316223669846,0.22095639388634516,0.12487877278119634,0.08561473307240815,-0.5304876412981615,-0.46816184137233013,0.15209045362190982,0.4274979525691957
SHAPE_5,0.19867683874205136,0.14400133540811907,-0.1911442152797407,-0.8346738864100108,-0.10341066920445627,-0.42820613485070647,-0.033294528627006686,0.0318212277156529,-0.10197619751453232
SHAPE_7,-0.42910778474707256,0.19996704797882064,-0.28347806553193505,-0.0887479894534182,0.1089969583195769,0.025307069912843132,0.702298102950226,0.25901035713529225,0.33884199016800387
SHAPE_8,-0.06854598210386696,0.08389394594851327,0.8263782926509153,-0.0908434472866138,-0.33406040114601476,-0.09529420638091926,0.3723066667813615,0.07181163110890201,-0.18072946028545797
SHAPE_10,0.2690707231427007,0.5580317540541776,-0.1696192003065599,0.35800273182834663,-0.22482497145452635,-0.313376211496779,0.2118048149803312,-0.5152286656426011,0.013860123923576158
