,PC1,PC2,PC3,PC4,PC5,PC6,PC7,PC8,PC9
SIZE_0,0.48148837102384556,-0.02778029054486267,0.24350341640998321,0.22914369768701942,-0.2446167751162017,-0.11591699978902435,0.11262544393656408,0.6021017709440489,-0.45509483113833105
SHAPE_1,0.47804957429834544,0.2550180552790871,-0.20152576646940115,-0.15412400965810497,0.02799155575710715,-0.15908905109632046,0.15032413351470328,0.2680956547435631,0.7221510039520239
SHAPE_2,-0.12983580210987483,0.6310346009704854,0.15554747639766564,0.061078021877241796,0.05615091489154023,-0.43899718675089294,-0.595191535608928,0.04257017029348088,-0.07124476135619988
SHAPE_3,-0.3830257147031791,-0.051540850821234205,0.14679237603925782,-0.023880020165769743,-0.6209165681891519,-0.5265158143104985,0.3721444305680466,-0.05084425726532564,0.15711041491847177
SHAPE_5,0.2117328028437304,-0.10535226944523024,0.16273540970758923,-0.868520431627252,-0.26912154404072247,0.045048036324933885,-0.2510327399071996,-0.0717496679357444,-0.14366065361883706
SHAPE_7,-0.4639067211638103,-0.24585430515759144,0.2434985170381217,-0.0516164476689821,0.00790426585085015,0.2582193544197106,-0.28483791801878244,0.6366990540331118,0.33035192123141194
SHAPE_8,-0.02825644652228887,-0.08129307123212157,-0.7819047159593938,0.11088730024902423,-0.4678073432071689,0.07203219543838596,-0.351683121743141,0.11892077898311532,-0.08406256165707349
SHAPE_9,-0.06307155834518814,0.6006087994458311,0.155099840042967,0.04809550830781176,-0.4024522014607993,0.6413843255281483,0.17791464939660231,-0.05768424319251872,0.02447832467623741
SHAPE_10,0.333548865183803,-0.3073271653623606,0.36489059452841205,0.38449578182057614,-0.3120711914586131,0.07776528467383106,-0.4153179581505108,-0.3649623207891311,0.32278575829011114
