,PC1,PC2,PC3,PC4,PC5,PC6,PC7,PC8,PC9
SIZE_0,0.4216830007862673,-0.05981982767869679,-0.08840160464134543,0.09316410384353256,0.5130898618028791,0.21155823971756738,0.5712401622637622,0.40929451218361756,0.015975773915463107
SHAPE_1,0.5018852681893701,0.05045557898473976,0.16936674998145163,-0.10949575236333806,-0.0694704705611196,-0.19549494799194436,-0.19451972200196568,-0.019400133967334674,0.7897039242164601
SHAPE_2,-0.04066408423826114,0.6719368341341917,0.09597498200807457,0.027802697463537755,-0.3027037504720707,-0.47912000239999275,0.3676763131021711,0.27165818741795195,-0.08181415997151428
SHAPE_3,-0.3502584140138208,0.13097798875575017,-0.1307476409260706,-0.4255539514018584,0.6580381990428404,-0.3839492646251453,0.040063356041985264,-0.2396014832983125,0.150091459486275
SHAPE_4,-0.4388694266047973,-0.1501926684756795,0.22180666734627127,0.01635445780796592,-0.2214363325966865,0.2632008852658712,0.6070774477049398,-0.24822131874761952,0.43232455027088007
SHAPE_5,0.20472886589461434,-0.16348225845621106,-0.4317321037466223,-0.7390262252894206,-0.3804085931455829,0.04540455540426111,0.20403937096932606,0.012739065430056313,-0.1011961040974312
SHAPE_7,-0.45508047725141754,-0.034785816225626355,-0.31583102670914,-0.006260820549851081,-0.04097589889682468,0.11305598337519647,-0.23880055700698272,0.7098758500794508,0.341310947213576
SHAPE_8,-0.06445267729124236,-0.24869819961444764,0.7655006761474884,-0.4204985356438276,0.04109771423598268,-0.05259243109696166,-0.06206929606045863,0.3604823257126696,-0.18146532354389713
SHAPE_9,0.0136904917243053,0.6425545472294819,0.1259467658148412,-0.2723536820407439,0.10077709038774116,0.6731774826666841,-0.16733922163559684,-0.07243796630489568,0.01798580424177749
