,PC1,PC2,PC3,PC4,PC5,PC6,PC7,PC8,PC9
SIZE_0,0.4495875908382613,-0.11721406464689615,0.22471531267540062,-0.3364448971381696,-0.020216561407879568,-0.07942345287991111,-0.06705833585271208,0.7804154160010492,0.013337334446327603
SHAPE_1,0.4736526408881594,0.1621341031767314,-0.2511526595971063,0.08765439234073083,-0.16568153227411625,-0.05652268743463028,0.10741744465298741,-0.15260365261460404,0.7830282184626541
SHAPE_2,-0.06531293574375868,0.626214980451881,0.07548453421659124,-0.07042950432596606,0.32833511241126634,-0.6512339076297702,0.23583436431932034,0.04309293581816576,-0.05955158853044494
SHAPE_3,-0.3480581442176219,0.05845988777376275,0.16759355034890402,-0.4457291507653795,-0.6953752370125855,-0.29183766077058265,-0.22127073199031974,-0.10032328037854281,0.14468744896807156
SHAPE_4,-0.41458480361860767,-0.20336743503941707,-0.14326349381810022,-0.19603629587058372,0.5361666536287163,-0.07695643333466633,-0.45226391361277546,0.12431349020838173,0.46304751863630483
SHAPE_7,-0.4433012422249718,-0.11442326670630432,0.2941137730644122,0.06590965121469561,-0.02417507192569569,0.18650501728827876,0.6950289049256665,0.2541632218540224,0.34133803398819446
SHAPE_8,-0.06405615543671979,-0.153383229574203,-0.7755513186636595,-0.4385146250536153,-0.03408800983415398,-0.04471719264739362,0.3722747007301606,0.07768542397100285,-0.1755288350533822
SHAPE_9,-0.008820006339072031,0.5893268650203399,0.060036075093303096,-0.4497987313749589,0.11122763100087876,0.6543498158552209,-0.053829627109987475,-0.05310948527608973,0.02071982155871637
SHAPE_10,0.27483884059826963,-0.3729974113416755,0.3748710957667282,-0.48795333918019107,0.28142061285052483,-0.10169835452795753,0.22425918074944398,-0.5165594953714417,0.006613177216175778
