,PC1,PC2,PC3,PC4,PC5,PC6,PC7,PC8,PC9
SIZE_0,0.43859847598998825,0.2544404025869389,-0.018555126367965892,0.27069193770236294,-0.2358829689058643,-0.07867288990258317,0.053441012169790775,0.777367226941201,0.016943866430432924
SHAPE_1,0.4717641767224513,-0.28530738175889037,0.0869041924668896,-0.11627829732528676,0.014168128767946046,-0.13421315730685385,-0.06518296060508681,-0.15231925849870487,0.7932851921271349
SHAPE_3,-0.335604266459517,0.030514913719889545,-0.23048975623505763,0.02421401761450822,-0.5827771807799047,-0.6352833232683384,0.24420379341198678,-0.09562664373354775,0.14398846838312906
SHAPE_4,-0.4155235836356136,0.14429437953245758,0.3091605379886465,0.07468278906312892,-0.08074034941117832,0.46793957960864396,0.5248628209228829,0.14603676392223008,0.4278637106076251
SHAPE_5,0.19564959848265728,0.1286286604320733,-0.2120026884228683,-0.7901138559008367,-0.39848302647104683,0.32021232689394763,0.07637007857811821,0.0257880706685538,-0.09015978578511091
SHAPE_7,-0.4326948748222481,0.25986983820178866,-0.21537118354769327,-0.08275260406605243,0.012329946003991997,0.08013467216619405,-0.7060621069285634,0.235231799078565,0.362737895626171
SHAPE_8,-0.07324591324569078,-0.29332559600623453,0.7376151980324283,-0.051276996374519025,-0.45554504180672456,-0.008492850118188362,-0.3530867655821201,0.06148454873023168,-0.1607656456310164
SHAPE_9,0.00013051379373436135,-0.5429864015165629,-0.4492426371846248,0.39377441078293485,-0.36478616631055955,0.45535852912723507,-0.08213414871667048,-0.028775893200647083,-0.017149620602746957
SHAPE_10,0.26250955272622467,0.6059339476588196,0.07856582338490568,0.34383990328632236,-0.3138140539337339,0.19200009188240816,-0.14834552977426715,-0.5304907359331855,0.027644262729570296
