,PC1,PC2,PC3,PC4,PC5,PC6,PC7,PC8,PC9
SIZE_0,0.4747518184153635,-0.11461199631122279,-0.12255802464069537,0.3116676913861415,-0.1378216265749913,-0.01431400577700057,0.03419724416489087,0.7911860343313163,0.0545261222948905
SHAPE_1,0.4833773980026425,0.1657817980154191,0.26633743123809633,-0.1350535271260246,0.14455258307487567,-0.027390782108450955,0.06342190194960412,-0.202260408692806,0.7636165852636163
SHAPE_2,-0.07239477751591628,0.6286447645746025,-0.09266188545073618,0.13244930755122825,-0.03288525235880413,-0.704297512833664,0.2651882585366486,0.04250503425484642,-0.06471317691309737
SHAPE_4,-0.4443716274208509,-0.19322824882238013,0.12373160891783906,0.17569333202964488,-0.3084990546854735,-0.3364345517625241,-0.5528284693023423,0.12263945310074803,0.4358892248562733
SHAPE_5,0.22399849622899431,-0.11729753201903623,-0.15129808693233718,-0.7568621861891142,-0.5238732054375699,-0.23202027913806028,-0.04536287645222219,0.036237298770501025,-0.09320410392307403
SHAPE_7,-0.4433037662342091,-0.13027634928578197,-0.3447354102998614,-0.09086514652038268,-0.12708017335425778,0.17249151130455095,0.6357162416341167,0.15332069689950978,0.43112155801527363
SHAPE_8,-0.07673058787343255,-0.13502942080517621,0.821629820411708,0.06442164801676833,-0.32569022418893595,-0.02370056398924745,0.403103225844291,0.06433171105762682,-0.15292855612775894
SHAPE_9,0.0005945633658138152,0.5840105655033897,-0.04538844161767376,0.15863433048792214,-0.5763470499730926,0.5210120095567551,-0.1463437337522499,-0.0725050880332457,0.03746240940823575
SHAPE_10,0.29269158315876354,-0.3698880455958967,-0.26698104916028303,0.4751852119844346,-0.36744263964592344,-0.18498566931403224,0.16959496565553475,-0.531085998687975,-0.019647465847221855
