,PC1,PC2,PC3,PC4,PC5,PC6,PC7,PC8,PC9
SIZE_0,0.4395437042733358,-0.10866564859796532,0.34120785023556355,-0.2547048214892205,-0.06831629579412868,-0.048121568252228776,-0.027890431746099766,0.7740422451588822,0.08242384740204495
SHAPE_1,0.47052736943006973,0.19776596147517425,-0.1718077329069143,0.13290248617279463,-0.13808255776804937,-0.007459163043872708,-0.10436501422144351,-0.21980938553095278,0.7835693952340638
SHAPE_2,-0.08076624257956026,0.6186685137714011,0.15249368590343976,-0.05945881007903471,0.21061838207773032,-0.7329838530913957,0.035689455680372954,0.022671800873628863,-0.022874226274760743
SHAPE_3,-0.3374045350436823,0.027953479830333552,0.03096649338261858,-0.5631739673231937,-0.6352259071006165,-0.0937407522890609,-0.36674910355507223,-0.09035561867058492,0.11083599162301193
SHAPE_4,-0.40627957280435184,-0.1913941941398538,0.15369964251244783,0.122853023344268,0.49208461667986936,0.011092118869620688,-0.603473978876841,0.16090246798927052,0.35671833883010806
SHAPE_5,0.19791343197707706,-0.11966303590638551,-0.6989301367319636,-0.5246189406018582,0.382444790446189,-0.11729145045782646,-0.11401347649762338,0.038333335118509775,-0.09106504771882501
SHAPE_7,-0.433318797971611,-0.16739943637534843,-0.036347962747326615,-0.22443638480511227,0.09184894715981519,-0.03360540891218012,0.6865719743079266,0.1443370775885418,0.48035358053310884
SHAPE_9,-0.01833155562671409,0.5866645835641151,0.19533299623793002,-0.3613077311407419,0.2656456121777253,0.6427989093013694,0.023375806348934706,-0.048972877705615876,0.009357580720953067
SHAPE_10,0.26964101320114536,-0.377358436648534,0.5274874291794968,-0.3543010724273506,0.24693911592194592,-0.15289191366615681,0.05868564719159396,-0.5415475093265486,0.007037197138933664
