,PC1,PC2,PC3,PC4,PC5,PC6,PC7,PC8,PC9
SIZE_0,0.4896143976967334,-0.03784676972166572,0.16236011316261575,0.2852378383622037,-0.24618484306954103,-0.07347417519926652,-0.0813855359296319,0.7207910903172142,0.2428067134417034
SHAPE_1,0.4718652775776905,0.20264285095866474,-0.3931445041889242,-0.028462930236823215,0.0037696636978959705,-0.15046105336071142,-0.11085045845504903,0.012239992395960516,-0.7387935535072664
SHAPE_2,-0.12383401248212855,0.6219976511561497,0.045192829502550304,0.13780220375948946,0.03333850483573259,0.1990888391484889,-0.719493198613415,-0.04096776166933471,0.12905649144485945
SHAPE_3,-0.35787796088459467,0.014138650171154135,0.30145046854173124,-0.15383112892410644,-0.5773405191590125,-0.5804941768404603,-0.16911330702848718,0.041476955813872764,-0.23784837520603064
SHAPE_4,-0.4497687682318801,-0.27504359071946555,0.015127488903613375,0.1477121949574755,-0.06122880807281074,0.5475177356605551,-0.08983374742917791,0.41160901223222246,-0.4679686164037098
SHAPE_5,0.24833295920063242,-0.05429002601525108,0.021276691885957193,-0.7932211871784456,-0.34112781000358355,0.4040181523232857,-0.12747902477826792,0.014734345082086509,0.09830530095345574
SHAPE_8,-0.11988639828379401,-0.22260470868337423,-0.7577910050177985,0.20805189405368898,-0.45750242101172306,-0.003448415609168193,-0.14603669922709384,-0.10799755031818734,0.27609971400861943
SHAPE_9,-0.050994596586257726,0.5924130162944343,0.01270172047371008,0.16166693557723558,-0.42615942431535203,0.26736026973121424,0.603682702467606,-0.04080606245549787,-0.03094396107086052
SHAPE_10,0.3365635199685685,-0.3021921500980418,0.3886794773722626,0.39336400518547193,-0.30644381516146185,0.24668485585996353,-0.15728404312374797,-0.542166031637959,-0.12710003420452004
