,PC1,PC2,PC3,PC4
SIZE_0,0.4491145413661628,-0.7664276871316431,0.45811970777302,-0.031797208705545144
SHAPE_1,0.5450629965008222,0.3410824027156768,0.08907452766962327,0.76068051961627
SHAPE_3,-0.5174033938631533,-0.5021258630211514,-0.2891069658459761,0.6297463838748802
SHAPE_4,-0.48321443128066416,0.21005002413950097,0.8358284657570179,0.15418682366327294
