File,CircHead,CircNeck,CircChest,CircWaist,CircHips,CircBicepLeft,CircBicepRight,CircForearmLeft,CircForearmRight,CircThighLeft,CircThighRight,CircCalfLeft,CircCalfRight,CircFootLeft,CircFootRight,LenHead,LenNeck,LenTorso,LenHipdrop,LenUpperlegLeft,LenUpperlegRight,LenLowerlegLeft,LenLowerlegRight,LenFootLeft,LenFootRight,WidthShoulder,WidthHips,WidthFootLeft,WidthFootRight,LengthUpperArmLeft,LengthUpperArmRight,LengthLowerArmLeft,LengthLowerArmRight
SPRING0007.obj,0.5768743964175265,0.41710106026732846,1.117365122907642,0.9892827244230593,1.005206133558928,0.3334771556579429,0.32869215078876435,0.2698802510512308,0.2854873441492049,0.521912996323266,0.5138289477297231,0.4245755045295539,0.422123675398389,0.26674208681799827,0.2643787843108781,0.21982581619959893,0.1201020140806353,0.5148667771699796,0.18981070217044108,0.43263499647841375,0.45846791815952265,0.46748508580715,0.44556389312373645,0.27504709993654436,0.2617745500999029,0.49007408970056127,0.3459559313038046,0.12339502647007339,0.10824432623854013,0.2799991655505447,0.2542141194060878,0.2294343224408763,0.27165185267840863