,PC1,PC2,PC3,PC4,PC5,PC6
SIZE_0,0.403140984170302,-0.0495860065376837,-0.5442828529834416,-0.6363549787699556,0.34642112155845983,0.11755636230727254
SHAPE_1,0.5087693146377545,0.01815533132368017,0.2978300255123635,0.12899574565500263,-0.1502440554720397,0.7828845800813081
SHAPE_3,-0.4572219072428921,0.049591028605649214,-0.25588211280513457,-0.38663105410120857,-0.6836385306952245,0.3258342970266467
SHAPE_4,-0.40289752435222675,-0.20072113107216466,0.5942279104697143,-0.49070926944156784,0.4048369731457018,0.19897045230160246
SHAPE_7,-0.45496723874845063,0.06989718917005823,-0.42297793598979494,0.40861288672361634,0.4637537672247009,0.47663068770887973
SHAPE_9,-0.01605164910092264,0.9744628018909919,0.1325166113455248,-0.14549497685385437,0.10534210099239527,-0.018390037471477605
