,PC1,PC2,PC3,PC4,PC5,PC6
SIZE_0,0.4595598491461819,0.193489760051215,-0.4677492071740403,-0.448449425608284,0.5685137035014952,0.09089784705223806
SHAPE_1,0.5524982609556917,-0.02865965060724817,0.333602790639001,0.13241768921658542,-0.17482896753277474,0.7311182269919422
SHAPE_2,0.09010610091908394,-0.6975385498305519,0.2537530725926132,0.26250843351721725,0.5988875669920168,-0.11555624025545716
SHAPE_4,-0.46007941895129617,0.0798766435145508,0.524757098629246,-0.6007007741018358,0.25758109069802,0.28175734103085326
SHAPE_7,-0.5131182284586129,-0.08034185052520373,-0.49777539660351866,0.30418831660728907,0.17676418872567437,0.5989143635259284
SHAPE_9,0.021631438966616068,-0.6799597175992994,-0.28701720748094695,-0.5089951263220067,-0.43585213828062425,0.07592668066632074
