,PC1,PC2,PC3,PC4,PC5,PC6
SIZE_0,0.3975162793900145,0.35223439477730073,-0.3552826291864889,-0.6024048316550924,-0.4718582079111069,0.07838521914011043
SHAPE_1,0.5103512303856985,-0.12094557640857448,0.24290990004013524,0.11165439245197308,0.1462855226440966,0.7950109509713799
SHAPE_2,0.06655249726015669,-0.91755300763657,-0.03495634132156971,-0.3061260162345287,-0.2261860352137599,-0.08701745310906654
SHAPE_3,-0.4557973096989506,-0.0014616979697235262,-0.19810952389074948,-0.577452939251837,0.5563919863156168,0.33162532015393864
SHAPE_4,-0.4047800537095604,0.12115005989251751,0.7280899363706346,-0.25695398480145004,-0.44196041217265486,0.17322372652025514
SHAPE_7,-0.45331569017876017,-0.0687030078470803,-0.49415053289642796,0.3625621743552805,-0.44708970755529787,0.46288172972540664
