,PC1,PC2,PC3,PC4,PC5,PC6
SIZE_0,0.42652438007570237,0.1440848300858934,-0.7419098506774707,0.028591912141637924,0.4960531793506466,-0.00018499754052148695
SHAPE_1,0.5507917359947321,-0.09190809616298536,0.24487415842647645,0.046091876548647624,-0.08301785821864024,0.7868936307326062
SHAPE_2,0.046455283229898045,-0.709140422605193,0.2730356083830529,0.290488413511669,0.5575912913294025,-0.15849844696821894
SHAPE_3,-0.49684602339359774,-0.0036206764198543945,-0.3058504854565384,0.7068740967533155,-0.06977658903490966,0.3937596211498435
SHAPE_7,-0.5148189389325574,-0.005505531003567425,-0.009519146003459268,-0.5680692958929232,0.462930639374094,0.4447842547758408
SHAPE_9,-0.02555019716755261,-0.6840094330173921,-0.4705558871833597,-0.30050093093813396,-0.46578716283068655,0.05288619340112107
