,PC1,PC2,PC3,PC4,PC5,PC6
SIZE_0,0.43828397167918576,0.19475509805782248,-0.6710542451483739,0.22543023362472867,0.5026292316588122,-0.1273140890393685
SHAPE_1,0.5470396293593065,-0.023931700539270413,0.30719863634334943,0.14483041390181714,0.07032929632065284,0.7614997417836649
SHAPE_2,0.09338978084408128,-0.6974219660072941,0.2782884352082031,-0.18443591694408865,0.5872237174049577,-0.2204273015120403
SHAPE_3,-0.5139809883034251,-0.07294463495453224,-0.3971951994161757,-0.40366110455837373,0.2737708990139175,0.5786586255941871
SHAPE_4,-0.4851567709913969,0.06458097576980912,0.19743231300551914,0.7737190417045857,0.33803770069552724,0.09253131536582593
SHAPE_9,0.019483432379372233,-0.6823552627629358,-0.42559041350638627,0.3641501210879558,-0.45647120285929144,0.10914770472036503
