,PC1,PC2,PC3,PC4,PC5,PC6
SIZE_0,0.4995681650369213,0.12655835849540825,-0.4840068278646023,-0.41881589851016116,0.1761222237352594,-0.5419651524025415
SHAPE_2,0.03449887910797477,-0.7020510504841417,0.3058485721605913,0.1769478447837226,0.4823265168663693,-0.3852809262287527
SHAPE_3,-0.513622720103345,-0.00925951735423872,-0.4111031386889313,-0.2737551289874951,0.6303477652229589,0.30792855717451467
SHAPE_4,-0.47929669925329393,0.1391325839585158,0.4546706121351952,-0.5978989793149025,-0.1545059426241186,-0.4035296232676874
SHAPE_7,-0.5054664976215626,-0.02561026356481226,-0.46261743257028826,0.4545627682549007,-0.272912648281527,-0.4987225896115108
SHAPE_9,-0.014542045339858579,-0.6863000832205942,-0.2871375913922873,-0.3927216991524672,-0.4905612993442516,0.22683034827521023
