File,CircHead,CircNeck,CircChest,CircWaist,CircHips,CircBicepLeft,CircBicepRight,CircForearmLeft,CircForearmRight,CircThighLeft,CircThighRight,CircCalfLeft,CircCalfRight,CircFootLeft,CircFootRight,LenHead,LenNeck,LenTorso,LenHipdrop,LenUpperlegLeft,LenUpperlegRight,LenLowerlegLeft,LenLowerlegRight,LenFootLeft,LenFootRight,WidthShoulder,WidthHips,WidthFootLeft,WidthFootRight,LengthUpperArmLeft,LengthUpperArmRight,LengthLowerArmLeft,LengthLowerArmRight
SPRING0072.obj,0.5663568871619592,0.30016894632303487,0.7654469447648672,0.7022220805229498,0.8911534109863947,0.2512195144468172,0.24467354852749015,0.20480985815785407,0.21191021958885348,0.4137972556437862,0.4144465456228449,0.3347736038264988,0.32029797301686097,0.2188717071460427,0.20798506865169536,0.20362807659669963,0.12064223193171059,0.4154480705024639,0.1519298410255913,0.4547615090802973,0.4860350772636599,0.42673942734016584,0.4050859172702947,0.22851000293882273,0.23361738047800754,0.37552113080206023,0.3250738013801181,0.08654842141819141,0.08006692091316922,0.24905736601254494,0.25976098305488055,0.22960487204855934,0.25485673281272614