File,CircHead,CircNeck,CircChest,CircWaist,CircHips,CircBicepLeft,CircBicepRight,CircForearmLeft,CircForearmRight,CircThighLeft,CircThighRight,CircCalfLeft,CircCalfRight,CircFootLeft,CircFootRight,LenHead,LenNeck,LenTorso,LenHipdrop,LenUpperlegLeft,LenUpperlegRight,LenLowerlegLeft,LenLowerlegRight,LenFootLeft,LenFootRight,WidthShoulder,WidthHips,WidthFootLeft,WidthFootRight,LengthUpperArmLeft,LengthUpperArmRight,LengthLowerArmLeft,LengthLowerArmRight
SPRING0014.obj,0.5481380225511961,0.32395132934692134,0.9226242927734147,0.8201917786978193,1.0471540558123975,0.2770895420475468,0.26815041254859656,0.21090343480439866,0.2263827845086261,0.4610870434187728,0.4600424549048642,0.34471211970410615,0.32811839871607335,0.2336874532756958,0.22524953779640874,0.2008881573017964,0.09121932441065486,0.4231628455155724,0.18005864558414889,0.4691199038661279,0.47103313686634546,0.42179476582231423,0.39846354766223696,0.22465563788407084,0.2194078140552541,0.35492508901202224,0.3684329269537732,0.09641747463894158,0.07597773496050748,0.23715945653820117,0.263382649879467,0.2167577003405214,0.23055633683717577