File,Weight
SHAPE_1_HIGH_blended.obj,0.27244986830657547
SHAPE_1_LOW_blended.obj,0.37296951757995866
SHAPE_3_HIGH_blended.obj,0.277669124597044
SHAPE_3_LOW_blended.obj,0.013200711694896722
SHAPE_4_HIGH_blended.obj,-0.34676513760434596
SHAPE_4_LOW_blended.obj,-0.031432680529247733
SHAPE_8_HIGH_blended.obj,-0.47263698039415025
SHAPE_8_LOW_blended.obj,-0.2604608513825398
SHAPE_9_HIGH_blended.obj,0.5541715633325011
SHAPE_9_LOW_blended.obj,0.5879760402706998
